TARGET,PERIOD,YEAR,PERIODWIDTH,MINIMUM,MAXIMUM,MINWEIGHT,MAXWEIGHT,CURRENT,SUMMARY
feature.Seral.young,0,0,10.0,0.0,10000.0,1.0,1.0,0.0,0.0
feature.Seral.young,1,10,10.0,0.0,10000.0,1.0,1.0,58.99100112915039,0.0
feature.Seral.young,2,20,10.0,0.0,10000.0,1.0,1.0,183.93899536132812,0.0
feature.Seral.young,3,30,10.0,0.0,10000.0,1.0,1.0,228.34100341796875,0.0
feature.Seral.young,4,40,10.0,0.0,10000.0,1.0,1.0,199.14599609375,0.0
feature.Seral.young,5,50,10.0,0.0,10000.0,1.0,1.0,181.4969940185547,0.0
feature.Seral.young,6,60,10.0,0.0,10000.0,1.0,1.0,220.06500244140625,0.0
feature.Seral.young,7,70,10.0,0.0,10000.0,1.0,1.0,269.2449951171875,0.0
feature.Seral.young,8,80,10.0,0.0,10000.0,1.0,1.0,202.19500732421875,0.0
feature.Seral.young,9,90,10.0,0.0,10000.0,1.0,1.0,188.83999633789062,0.0
feature.Seral.young,10,100,10.0,0.0,10000.0,1.0,1.0,192.9499969482422,0.0
feature.Seral.young,11,110,10.0,0.0,10000.0,1.0,1.0,200.302001953125,0.0
feature.Seral.young,12,120,10.0,0.0,10000.0,1.0,1.0,240.33399963378906,0.0
feature.Seral.young,13,130,10.0,0.0,10000.0,1.0,1.0,201.53500366210938,0.0
feature.Seral.young,14,140,10.0,0.0,10000.0,1.0,1.0,254.156005859375,0.0
feature.Seral.young,15,150,10.0,0.0,10000.0,1.0,1.0,221.4720001220703,0.0
feature.Seral.young,16,160,10.0,0.0,10000.0,1.0,1.0,120.0770034790039,0.0
feature.Seral.young,17,170,10.0,0.0,10000.0,1.0,1.0,194.89599609375,0.0
feature.Seral.young,18,180,10.0,0.0,10000.0,1.0,1.0,228.3260040283203,0.0
feature.Seral.young,19,190,10.0,0.0,10000.0,1.0,1.0,278.0610046386719,0.0
feature.Seral.young,20,200,10.0,0.0,10000.0,1.0,1.0,260.5690002441406,0.0
feature.Seral.young,21,210,10.0,0.0,10000.0,1.0,1.0,221.35000610351562,0.0
feature.Seral.young,22,220,10.0,0.0,10000.0,1.0,1.0,236.91799926757812,0.0
feature.Seral.young,23,230,10.0,0.0,10000.0,1.0,1.0,225.8300018310547,0.0
feature.Seral.young,24,240,10.0,0.0,10000.0,1.0,1.0,232.77000427246094,0.0
feature.Seral.young,25,250,10.0,0.0,10000.0,1.0,1.0,202.5260009765625,0.0
feature.Seral.young,26,260,10.0,0.0,10000.0,1.0,1.0,238.6060028076172,0.0
feature.Seral.young,27,270,10.0,0.0,10000.0,1.0,1.0,223.06900024414062,0.0
feature.Seral.young,28,280,10.0,0.0,10000.0,1.0,1.0,173.68899536132812,0.0
feature.Seral.young,29,290,10.0,0.0,10000.0,1.0,1.0,241.6750030517578,0.0
feature.Seral.young,30,300,10.0,0.0,10000.0,1.0,1.0,213.43099975585938,0.0
