TARGET,PERIOD,YEAR,PERIODWIDTH,MINIMUM,MAXIMUM,MINWEIGHT,MAXWEIGHT,CURRENT,SUMMARY
feature.Yield.managed.FDC,0,0,10.0,0.0,10000.0,1.0,1.0,184192.78125,0.0
feature.Yield.managed.FDC,1,10,10.0,0.0,10000.0,1.0,1.0,203379.34375,0.0
feature.Yield.managed.FDC,2,20,10.0,0.0,10000.0,1.0,1.0,222924.890625,0.0
feature.Yield.managed.FDC,3,30,10.0,0.0,10000.0,1.0,1.0,232017.109375,0.0
feature.Yield.managed.FDC,4,40,10.0,0.0,10000.0,1.0,1.0,223327.390625,0.0
feature.Yield.managed.FDC,5,50,10.0,0.0,10000.0,1.0,1.0,203751.296875,0.0
feature.Yield.managed.FDC,6,60,10.0,0.0,10000.0,1.0,1.0,176670.40625,0.0
feature.Yield.managed.FDC,7,70,10.0,0.0,10000.0,1.0,1.0,139619.8125,0.0
feature.Yield.managed.FDC,8,80,10.0,0.0,10000.0,1.0,1.0,130239.734375,0.0
feature.Yield.managed.FDC,9,90,10.0,0.0,10000.0,1.0,1.0,129549.3515625,0.0
feature.Yield.managed.FDC,10,100,10.0,0.0,10000.0,1.0,1.0,133648.96875,0.0
feature.Yield.managed.FDC,11,110,10.0,0.0,10000.0,1.0,1.0,151430.59375,0.0
feature.Yield.managed.FDC,12,120,10.0,0.0,10000.0,1.0,1.0,161591.046875,0.0
feature.Yield.managed.FDC,13,130,10.0,0.0,10000.0,1.0,1.0,160633.3125,0.0
feature.Yield.managed.FDC,14,140,10.0,0.0,10000.0,1.0,1.0,161823.875,0.0
feature.Yield.managed.FDC,15,150,10.0,0.0,10000.0,1.0,1.0,139452.890625,0.0
feature.Yield.managed.FDC,16,160,10.0,0.0,10000.0,1.0,1.0,127750.9609375,0.0
feature.Yield.managed.FDC,17,170,10.0,0.0,10000.0,1.0,1.0,134861.265625,0.0
feature.Yield.managed.FDC,18,180,10.0,0.0,10000.0,1.0,1.0,119961.109375,0.0
feature.Yield.managed.FDC,19,190,10.0,0.0,10000.0,1.0,1.0,129108.140625,0.0
feature.Yield.managed.FDC,20,200,10.0,0.0,10000.0,1.0,1.0,126480.3828125,0.0
feature.Yield.managed.FDC,21,210,10.0,0.0,10000.0,1.0,1.0,144994.09375,0.0
feature.Yield.managed.FDC,22,220,10.0,0.0,10000.0,1.0,1.0,140207.625,0.0
feature.Yield.managed.FDC,23,230,10.0,0.0,10000.0,1.0,1.0,149909.796875,0.0
feature.Yield.managed.FDC,24,240,10.0,0.0,10000.0,1.0,1.0,153414.59375,0.0
feature.Yield.managed.FDC,25,250,10.0,0.0,10000.0,1.0,1.0,155619.953125,0.0
feature.Yield.managed.FDC,26,260,10.0,0.0,10000.0,1.0,1.0,153991.046875,0.0
feature.Yield.managed.FDC,27,270,10.0,0.0,10000.0,1.0,1.0,147456.921875,0.0
feature.Yield.managed.FDC,28,280,10.0,0.0,10000.0,1.0,1.0,150995.890625,0.0
feature.Yield.managed.FDC,29,290,10.0,0.0,10000.0,1.0,1.0,136809.515625,0.0
feature.Yield.managed.FDC,30,300,10.0,0.0,10000.0,1.0,1.0,130083.0234375,0.0
