TARGET,PERIOD,YEAR,PERIODWIDTH,MINIMUM,MAXIMUM,MINWEIGHT,MAXWEIGHT,CURRENT,SUMMARY
feature.Yield.managed.BA,0,0,10.0,0.0,10000.0,1.0,1.0,3673.093017578125,0.0
feature.Yield.managed.BA,1,10,10.0,0.0,10000.0,1.0,1.0,1998.6400146484375,0.0
feature.Yield.managed.BA,2,20,10.0,0.0,10000.0,1.0,1.0,1942.240966796875,0.0
feature.Yield.managed.BA,3,30,10.0,0.0,10000.0,1.0,1.0,1799.41796875,0.0
feature.Yield.managed.BA,4,40,10.0,0.0,10000.0,1.0,1.0,1929.508056640625,0.0
feature.Yield.managed.BA,5,50,10.0,0.0,10000.0,1.0,1.0,2106.7451171875,0.0
feature.Yield.managed.BA,6,60,10.0,0.0,10000.0,1.0,1.0,1886.31005859375,0.0
feature.Yield.managed.BA,7,70,10.0,0.0,10000.0,1.0,1.0,2091.990966796875,0.0
feature.Yield.managed.BA,8,80,10.0,0.0,10000.0,1.0,1.0,2102.700927734375,0.0
feature.Yield.managed.BA,9,90,10.0,0.0,10000.0,1.0,1.0,2302.576904296875,0.0
feature.Yield.managed.BA,10,100,10.0,0.0,10000.0,1.0,1.0,2278.6650390625,0.0
feature.Yield.managed.BA,11,110,10.0,0.0,10000.0,1.0,1.0,1091.1619873046875,0.0
feature.Yield.managed.BA,12,120,10.0,0.0,10000.0,1.0,1.0,1022.6339721679688,0.0
feature.Yield.managed.BA,13,130,10.0,0.0,10000.0,1.0,1.0,1007.2990112304688,0.0
feature.Yield.managed.BA,14,140,10.0,0.0,10000.0,1.0,1.0,1182.7459716796875,0.0
feature.Yield.managed.BA,15,150,10.0,0.0,10000.0,1.0,1.0,1331.428955078125,0.0
feature.Yield.managed.BA,16,160,10.0,0.0,10000.0,1.0,1.0,1431.29296875,0.0
feature.Yield.managed.BA,17,170,10.0,0.0,10000.0,1.0,1.0,1700.5250244140625,0.0
feature.Yield.managed.BA,18,180,10.0,0.0,10000.0,1.0,1.0,1995.2469482421875,0.0
feature.Yield.managed.BA,19,190,10.0,0.0,10000.0,1.0,1.0,2240.60595703125,0.0
feature.Yield.managed.BA,20,200,10.0,0.0,10000.0,1.0,1.0,2279.116943359375,0.0
feature.Yield.managed.BA,21,210,10.0,0.0,10000.0,1.0,1.0,2333.306884765625,0.0
feature.Yield.managed.BA,22,220,10.0,0.0,10000.0,1.0,1.0,1170.135986328125,0.0
feature.Yield.managed.BA,23,230,10.0,0.0,10000.0,1.0,1.0,1007.1190185546875,0.0
feature.Yield.managed.BA,24,240,10.0,0.0,10000.0,1.0,1.0,1083.373046875,0.0
feature.Yield.managed.BA,25,250,10.0,0.0,10000.0,1.0,1.0,1327.343994140625,0.0
feature.Yield.managed.BA,26,260,10.0,0.0,10000.0,1.0,1.0,1624.657958984375,0.0
feature.Yield.managed.BA,27,270,10.0,0.0,10000.0,1.0,1.0,1604.31005859375,0.0
feature.Yield.managed.BA,28,280,10.0,0.0,10000.0,1.0,1.0,1786.991943359375,0.0
feature.Yield.managed.BA,29,290,10.0,0.0,10000.0,1.0,1.0,2026.2120361328125,0.0
feature.Yield.managed.BA,30,300,10.0,0.0,10000.0,1.0,1.0,1252.583984375,0.0
