TARGET,PERIOD,YEAR,PERIODWIDTH,MINIMUM,MAXIMUM,MINWEIGHT,MAXWEIGHT,CURRENT,SUMMARY
product.Yield.managed.HW,0,0,10.0,0.0,10000.0,1.0,1.0,0.0,0.0
product.Yield.managed.HW,1,10,10.0,0.0,10000.0,1.0,1.0,60830.40234375,0.0
product.Yield.managed.HW,2,20,10.0,0.0,10000.0,1.0,1.0,63093.3203125,0.0
product.Yield.managed.HW,3,30,10.0,0.0,10000.0,1.0,1.0,59759.77734375,0.0
product.Yield.managed.HW,4,40,10.0,0.0,10000.0,1.0,1.0,48690.83984375,0.0
product.Yield.managed.HW,5,50,10.0,0.0,10000.0,1.0,1.0,47854.82421875,0.0
product.Yield.managed.HW,6,60,10.0,0.0,10000.0,1.0,1.0,41557.22265625,0.0
product.Yield.managed.HW,7,70,10.0,0.0,10000.0,1.0,1.0,30568.228515625,0.0
product.Yield.managed.HW,8,80,10.0,0.0,10000.0,1.0,1.0,49142.83203125,0.0
product.Yield.managed.HW,9,90,10.0,0.0,10000.0,1.0,1.0,57509.375,0.0
product.Yield.managed.HW,10,100,10.0,0.0,10000.0,1.0,1.0,57068.4765625,0.0
product.Yield.managed.HW,11,110,10.0,0.0,10000.0,1.0,1.0,64859.96875,0.0
product.Yield.managed.HW,12,120,10.0,0.0,10000.0,1.0,1.0,56908.875,0.0
product.Yield.managed.HW,13,130,10.0,0.0,10000.0,1.0,1.0,48320.30078125,0.0
product.Yield.managed.HW,14,140,10.0,0.0,10000.0,1.0,1.0,53111.5234375,0.0
product.Yield.managed.HW,15,150,10.0,0.0,10000.0,1.0,1.0,33910.67578125,0.0
product.Yield.managed.HW,16,160,10.0,0.0,10000.0,1.0,1.0,40221.88671875,0.0
product.Yield.managed.HW,17,170,10.0,0.0,10000.0,1.0,1.0,57308.87890625,0.0
product.Yield.managed.HW,18,180,10.0,0.0,10000.0,1.0,1.0,37850.53125,0.0
product.Yield.managed.HW,19,190,10.0,0.0,10000.0,1.0,1.0,60153.421875,0.0
product.Yield.managed.HW,20,200,10.0,0.0,10000.0,1.0,1.0,48645.15625,0.0
product.Yield.managed.HW,21,210,10.0,0.0,10000.0,1.0,1.0,65367.2734375,0.0
product.Yield.managed.HW,22,220,10.0,0.0,10000.0,1.0,1.0,43768.71484375,0.0
product.Yield.managed.HW,23,230,10.0,0.0,10000.0,1.0,1.0,55030.125,0.0
product.Yield.managed.HW,24,240,10.0,0.0,10000.0,1.0,1.0,55358.23046875,0.0
product.Yield.managed.HW,25,250,10.0,0.0,10000.0,1.0,1.0,55850.83203125,0.0
product.Yield.managed.HW,26,260,10.0,0.0,10000.0,1.0,1.0,53674.80859375,0.0
product.Yield.managed.HW,27,270,10.0,0.0,10000.0,1.0,1.0,45144.69140625,0.0
product.Yield.managed.HW,28,280,10.0,0.0,10000.0,1.0,1.0,55133.28515625,0.0
product.Yield.managed.HW,29,290,10.0,0.0,10000.0,1.0,1.0,38548.875,0.0
product.Yield.managed.HW,30,300,10.0,0.0,10000.0,1.0,1.0,43988.4921875,0.0
