TARGET,PERIOD,YEAR,PERIODWIDTH,MINIMUM,MAXIMUM,MINWEIGHT,MAXWEIGHT,CURRENT,SUMMARY
product.Yield.managed.FDC,0,0,10.0,0.0,10000.0,1.0,1.0,0.0,0.0
product.Yield.managed.FDC,1,10,10.0,0.0,10000.0,1.0,1.0,20377.19921875,0.0
product.Yield.managed.FDC,2,20,10.0,0.0,10000.0,1.0,1.0,16359.669921875,0.0
product.Yield.managed.FDC,3,30,10.0,0.0,10000.0,1.0,1.0,22999.4765625,0.0
product.Yield.managed.FDC,4,40,10.0,0.0,10000.0,1.0,1.0,32540.080078125,0.0
product.Yield.managed.FDC,5,50,10.0,0.0,10000.0,1.0,1.0,33831.0,0.0
product.Yield.managed.FDC,6,60,10.0,0.0,10000.0,1.0,1.0,40200.77734375,0.0
product.Yield.managed.FDC,7,70,10.0,0.0,10000.0,1.0,1.0,51816.4375,0.0
product.Yield.managed.FDC,8,80,10.0,0.0,10000.0,1.0,1.0,28480.025390625,0.0
product.Yield.managed.FDC,9,90,10.0,0.0,10000.0,1.0,1.0,23855.322265625,0.0
product.Yield.managed.FDC,10,100,10.0,0.0,10000.0,1.0,1.0,22554.12109375,0.0
product.Yield.managed.FDC,11,110,10.0,0.0,10000.0,1.0,1.0,11923.0068359375,0.0
product.Yield.managed.FDC,12,120,10.0,0.0,10000.0,1.0,1.0,20472.8515625,0.0
product.Yield.managed.FDC,13,130,10.0,0.0,10000.0,1.0,1.0,31072.337890625,0.0
product.Yield.managed.FDC,14,140,10.0,0.0,10000.0,1.0,1.0,26970.90625,0.0
product.Yield.managed.FDC,15,150,10.0,0.0,10000.0,1.0,1.0,48932.41015625,0.0
product.Yield.managed.FDC,16,160,10.0,0.0,10000.0,1.0,1.0,38935.3046875,0.0
product.Yield.managed.FDC,17,170,10.0,0.0,10000.0,1.0,1.0,20249.62109375,0.0
product.Yield.managed.FDC,18,180,10.0,0.0,10000.0,1.0,1.0,42684.73046875,0.0
product.Yield.managed.FDC,19,190,10.0,0.0,10000.0,1.0,1.0,19164.8671875,0.0
product.Yield.managed.FDC,20,200,10.0,0.0,10000.0,1.0,1.0,31837.544921875,0.0
product.Yield.managed.FDC,21,210,10.0,0.0,10000.0,1.0,1.0,12428.87109375,0.0
product.Yield.managed.FDC,22,220,10.0,0.0,10000.0,1.0,1.0,36439.62890625,0.0
product.Yield.managed.FDC,23,230,10.0,0.0,10000.0,1.0,1.0,20815.771484375,0.0
product.Yield.managed.FDC,24,240,10.0,0.0,10000.0,1.0,1.0,26696.25390625,0.0
product.Yield.managed.FDC,25,250,10.0,0.0,10000.0,1.0,1.0,23934.322265625,0.0
product.Yield.managed.FDC,26,260,10.0,0.0,10000.0,1.0,1.0,26379.724609375,0.0
product.Yield.managed.FDC,27,270,10.0,0.0,10000.0,1.0,1.0,33301.5390625,0.0
product.Yield.managed.FDC,28,280,10.0,0.0,10000.0,1.0,1.0,24691.96875,0.0
product.Yield.managed.FDC,29,290,10.0,0.0,10000.0,1.0,1.0,41803.875,0.0
product.Yield.managed.FDC,30,300,10.0,0.0,10000.0,1.0,1.0,35416.10546875,0.0
