TARGET,PERIOD,YEAR,PERIODWIDTH,MINIMUM,MAXIMUM,MINWEIGHT,MAXWEIGHT,CURRENT,SUMMARY
feature.Yield.managed.SS,0,0,10.0,0.0,10000.0,1.0,1.0,4413.90478515625,0.0
feature.Yield.managed.SS,1,10,10.0,0.0,10000.0,1.0,1.0,5118.31689453125,0.0
feature.Yield.managed.SS,2,20,10.0,0.0,10000.0,1.0,1.0,5744.19091796875,0.0
feature.Yield.managed.SS,3,30,10.0,0.0,10000.0,1.0,1.0,6325.18896484375,0.0
feature.Yield.managed.SS,4,40,10.0,0.0,10000.0,1.0,1.0,6553.12109375,0.0
feature.Yield.managed.SS,5,50,10.0,0.0,10000.0,1.0,1.0,6538.490234375,0.0
feature.Yield.managed.SS,6,60,10.0,0.0,10000.0,1.0,1.0,6478.65478515625,0.0
feature.Yield.managed.SS,7,70,10.0,0.0,10000.0,1.0,1.0,2013.06103515625,0.0
feature.Yield.managed.SS,8,80,10.0,0.0,10000.0,1.0,1.0,1799.85498046875,0.0
feature.Yield.managed.SS,9,90,10.0,0.0,10000.0,1.0,1.0,1790.1510009765625,0.0
feature.Yield.managed.SS,10,100,10.0,0.0,10000.0,1.0,1.0,2198.0380859375,0.0
feature.Yield.managed.SS,11,110,10.0,0.0,10000.0,1.0,1.0,1850.4630126953125,0.0
feature.Yield.managed.SS,12,120,10.0,0.0,10000.0,1.0,1.0,2353.587890625,0.0
feature.Yield.managed.SS,13,130,10.0,0.0,10000.0,1.0,1.0,2758.419921875,0.0
feature.Yield.managed.SS,14,140,10.0,0.0,10000.0,1.0,1.0,3276.216064453125,0.0
feature.Yield.managed.SS,15,150,10.0,0.0,10000.0,1.0,1.0,3804.72509765625,0.0
feature.Yield.managed.SS,16,160,10.0,0.0,10000.0,1.0,1.0,4281.6640625,0.0
feature.Yield.managed.SS,17,170,10.0,0.0,10000.0,1.0,1.0,4764.255859375,0.0
feature.Yield.managed.SS,18,180,10.0,0.0,10000.0,1.0,1.0,4731.93408203125,0.0
feature.Yield.managed.SS,19,190,10.0,0.0,10000.0,1.0,1.0,4859.7021484375,0.0
feature.Yield.managed.SS,20,200,10.0,0.0,10000.0,1.0,1.0,1685.7640380859375,0.0
feature.Yield.managed.SS,21,210,10.0,0.0,10000.0,1.0,1.0,964.64501953125,0.0
feature.Yield.managed.SS,22,220,10.0,0.0,10000.0,1.0,1.0,1289.7669677734375,0.0
feature.Yield.managed.SS,23,230,10.0,0.0,10000.0,1.0,1.0,1830.489013671875,0.0
feature.Yield.managed.SS,24,240,10.0,0.0,10000.0,1.0,1.0,2359.070068359375,0.0
feature.Yield.managed.SS,25,250,10.0,0.0,10000.0,1.0,1.0,2938.803955078125,0.0
feature.Yield.managed.SS,26,260,10.0,0.0,10000.0,1.0,1.0,3469.669921875,0.0
feature.Yield.managed.SS,27,270,10.0,0.0,10000.0,1.0,1.0,3862.593017578125,0.0
feature.Yield.managed.SS,28,280,10.0,0.0,10000.0,1.0,1.0,4332.705078125,0.0
feature.Yield.managed.SS,29,290,10.0,0.0,10000.0,1.0,1.0,4666.662109375,0.0
feature.Yield.managed.SS,30,300,10.0,0.0,10000.0,1.0,1.0,3964.181884765625,0.0
