TARGET,PERIOD,YEAR,PERIODWIDTH,MINIMUM,MAXIMUM,MINWEIGHT,MAXWEIGHT,CURRENT,SUMMARY
feature.Seral.young,0,0,10.0,0.0,10000.0,1.0,1.0,0.0,0.0
feature.Seral.young,1,10,10.0,0.0,10000.0,1.0,1.0,45.849998474121094,0.0
feature.Seral.young,2,20,10.0,0.0,10000.0,1.0,1.0,181.09300231933594,0.0
feature.Seral.young,3,30,10.0,0.0,10000.0,1.0,1.0,191.7969970703125,0.0
feature.Seral.young,4,40,10.0,0.0,10000.0,1.0,1.0,244.10699462890625,0.0
feature.Seral.young,5,50,10.0,0.0,10000.0,1.0,1.0,262.88299560546875,0.0
feature.Seral.young,6,60,10.0,0.0,10000.0,1.0,1.0,169.02200317382812,0.0
feature.Seral.young,7,70,10.0,0.0,10000.0,1.0,1.0,179.26300048828125,0.0
feature.Seral.young,8,80,10.0,0.0,10000.0,1.0,1.0,192.2779998779297,0.0
feature.Seral.young,9,90,10.0,0.0,10000.0,1.0,1.0,232.28599548339844,0.0
feature.Seral.young,10,100,10.0,0.0,10000.0,1.0,1.0,184.97799682617188,0.0
feature.Seral.young,11,110,10.0,0.0,10000.0,1.0,1.0,195.8350067138672,0.0
feature.Seral.young,12,120,10.0,0.0,10000.0,1.0,1.0,286.3139953613281,0.0
feature.Seral.young,13,130,10.0,0.0,10000.0,1.0,1.0,244.5279998779297,0.0
feature.Seral.young,14,140,10.0,0.0,10000.0,1.0,1.0,177.1929931640625,0.0
feature.Seral.young,15,150,10.0,0.0,10000.0,1.0,1.0,161.1790008544922,0.0
feature.Seral.young,16,160,10.0,0.0,10000.0,1.0,1.0,188.54600524902344,0.0
feature.Seral.young,17,170,10.0,0.0,10000.0,1.0,1.0,243.0260009765625,0.0
feature.Seral.young,18,180,10.0,0.0,10000.0,1.0,1.0,231.8560028076172,0.0
feature.Seral.young,19,190,10.0,0.0,10000.0,1.0,1.0,245.53599548339844,0.0
feature.Seral.young,20,200,10.0,0.0,10000.0,1.0,1.0,181.48899841308594,0.0
feature.Seral.young,21,210,10.0,0.0,10000.0,1.0,1.0,187.66400146484375,0.0
feature.Seral.young,22,220,10.0,0.0,10000.0,1.0,1.0,248.13299560546875,0.0
feature.Seral.young,23,230,10.0,0.0,10000.0,1.0,1.0,249.9219970703125,0.0
feature.Seral.young,24,240,10.0,0.0,10000.0,1.0,1.0,244.68099975585938,0.0
feature.Seral.young,25,250,10.0,0.0,10000.0,1.0,1.0,171.4290008544922,0.0
feature.Seral.young,26,260,10.0,0.0,10000.0,1.0,1.0,151.04600524902344,0.0
feature.Seral.young,27,270,10.0,0.0,10000.0,1.0,1.0,277.8529968261719,0.0
feature.Seral.young,28,280,10.0,0.0,10000.0,1.0,1.0,301.4159851074219,0.0
feature.Seral.young,29,290,10.0,0.0,10000.0,1.0,1.0,206.6840057373047,0.0
feature.Seral.young,30,300,10.0,0.0,10000.0,1.0,1.0,184.5030059814453,0.0
