TARGET,PERIOD,YEAR,PERIODWIDTH,MINIMUM,MAXIMUM,MINWEIGHT,MAXWEIGHT,CURRENT,SUMMARY
feature.Yield.managed.CW,0,0,10.0,0.0,10000.0,1.0,1.0,98525.78125,0.0
feature.Yield.managed.CW,1,10,10.0,0.0,10000.0,1.0,1.0,101509.296875,0.0
feature.Yield.managed.CW,2,20,10.0,0.0,10000.0,1.0,1.0,106793.1171875,0.0
feature.Yield.managed.CW,3,30,10.0,0.0,10000.0,1.0,1.0,105169.53125,0.0
feature.Yield.managed.CW,4,40,10.0,0.0,10000.0,1.0,1.0,98966.0234375,0.0
feature.Yield.managed.CW,5,50,10.0,0.0,10000.0,1.0,1.0,95120.6015625,0.0
feature.Yield.managed.CW,6,60,10.0,0.0,10000.0,1.0,1.0,88751.6953125,0.0
feature.Yield.managed.CW,7,70,10.0,0.0,10000.0,1.0,1.0,84218.1875,0.0
feature.Yield.managed.CW,8,80,10.0,0.0,10000.0,1.0,1.0,84306.4921875,0.0
feature.Yield.managed.CW,9,90,10.0,0.0,10000.0,1.0,1.0,81206.4375,0.0
feature.Yield.managed.CW,10,100,10.0,0.0,10000.0,1.0,1.0,84373.3359375,0.0
feature.Yield.managed.CW,11,110,10.0,0.0,10000.0,1.0,1.0,83622.0625,0.0
feature.Yield.managed.CW,12,120,10.0,0.0,10000.0,1.0,1.0,82371.703125,0.0
feature.Yield.managed.CW,13,130,10.0,0.0,10000.0,1.0,1.0,82223.8125,0.0
feature.Yield.managed.CW,14,140,10.0,0.0,10000.0,1.0,1.0,80925.7421875,0.0
feature.Yield.managed.CW,15,150,10.0,0.0,10000.0,1.0,1.0,83458.796875,0.0
feature.Yield.managed.CW,16,160,10.0,0.0,10000.0,1.0,1.0,86215.9140625,0.0
feature.Yield.managed.CW,17,170,10.0,0.0,10000.0,1.0,1.0,86670.7734375,0.0
feature.Yield.managed.CW,18,180,10.0,0.0,10000.0,1.0,1.0,86259.609375,0.0
feature.Yield.managed.CW,19,190,10.0,0.0,10000.0,1.0,1.0,83338.03125,0.0
feature.Yield.managed.CW,20,200,10.0,0.0,10000.0,1.0,1.0,83586.0625,0.0
feature.Yield.managed.CW,21,210,10.0,0.0,10000.0,1.0,1.0,83719.2421875,0.0
feature.Yield.managed.CW,22,220,10.0,0.0,10000.0,1.0,1.0,82598.96875,0.0
feature.Yield.managed.CW,23,230,10.0,0.0,10000.0,1.0,1.0,80053.7265625,0.0
feature.Yield.managed.CW,24,240,10.0,0.0,10000.0,1.0,1.0,78866.203125,0.0
feature.Yield.managed.CW,25,250,10.0,0.0,10000.0,1.0,1.0,77908.2109375,0.0
feature.Yield.managed.CW,26,260,10.0,0.0,10000.0,1.0,1.0,78668.46875,0.0
feature.Yield.managed.CW,27,270,10.0,0.0,10000.0,1.0,1.0,78009.109375,0.0
feature.Yield.managed.CW,28,280,10.0,0.0,10000.0,1.0,1.0,77424.6484375,0.0
feature.Yield.managed.CW,29,290,10.0,0.0,10000.0,1.0,1.0,77901.2890625,0.0
feature.Yield.managed.CW,30,300,10.0,0.0,10000.0,1.0,1.0,78465.265625,0.0
