TARGET,PERIOD,YEAR,PERIODWIDTH,MINIMUM,MAXIMUM,MINWEIGHT,MAXWEIGHT,CURRENT,SUMMARY
feature.Yield.managed.HW,0,0,10.0,0.0,10000.0,1.0,1.0,339266.59375,0.0
feature.Yield.managed.HW,1,10,10.0,0.0,10000.0,1.0,1.0,336064.53125,0.0
feature.Yield.managed.HW,2,20,10.0,0.0,10000.0,1.0,1.0,320918.6875,0.0
feature.Yield.managed.HW,3,30,10.0,0.0,10000.0,1.0,1.0,323952.375,0.0
feature.Yield.managed.HW,4,40,10.0,0.0,10000.0,1.0,1.0,306619.59375,0.0
feature.Yield.managed.HW,5,50,10.0,0.0,10000.0,1.0,1.0,293942.6875,0.0
feature.Yield.managed.HW,6,60,10.0,0.0,10000.0,1.0,1.0,274976.84375,0.0
feature.Yield.managed.HW,7,70,10.0,0.0,10000.0,1.0,1.0,273941.6875,0.0
feature.Yield.managed.HW,8,80,10.0,0.0,10000.0,1.0,1.0,268857.90625,0.0
feature.Yield.managed.HW,9,90,10.0,0.0,10000.0,1.0,1.0,245755.125,0.0
feature.Yield.managed.HW,10,100,10.0,0.0,10000.0,1.0,1.0,241171.1875,0.0
feature.Yield.managed.HW,11,110,10.0,0.0,10000.0,1.0,1.0,234674.140625,0.0
feature.Yield.managed.HW,12,120,10.0,0.0,10000.0,1.0,1.0,231764.015625,0.0
feature.Yield.managed.HW,13,130,10.0,0.0,10000.0,1.0,1.0,231115.625,0.0
feature.Yield.managed.HW,14,140,10.0,0.0,10000.0,1.0,1.0,227384.46875,0.0
feature.Yield.managed.HW,15,150,10.0,0.0,10000.0,1.0,1.0,248092.90625,0.0
feature.Yield.managed.HW,16,160,10.0,0.0,10000.0,1.0,1.0,263506.4375,0.0
feature.Yield.managed.HW,17,170,10.0,0.0,10000.0,1.0,1.0,258367.703125,0.0
feature.Yield.managed.HW,18,180,10.0,0.0,10000.0,1.0,1.0,256576.765625,0.0
feature.Yield.managed.HW,19,190,10.0,0.0,10000.0,1.0,1.0,235986.5,0.0
feature.Yield.managed.HW,20,200,10.0,0.0,10000.0,1.0,1.0,236705.984375,0.0
feature.Yield.managed.HW,21,210,10.0,0.0,10000.0,1.0,1.0,240820.328125,0.0
feature.Yield.managed.HW,22,220,10.0,0.0,10000.0,1.0,1.0,238197.546875,0.0
feature.Yield.managed.HW,23,230,10.0,0.0,10000.0,1.0,1.0,221346.09375,0.0
feature.Yield.managed.HW,24,240,10.0,0.0,10000.0,1.0,1.0,221889.5,0.0
feature.Yield.managed.HW,25,250,10.0,0.0,10000.0,1.0,1.0,216883.09375,0.0
feature.Yield.managed.HW,26,260,10.0,0.0,10000.0,1.0,1.0,223507.328125,0.0
feature.Yield.managed.HW,27,270,10.0,0.0,10000.0,1.0,1.0,221680.015625,0.0
feature.Yield.managed.HW,28,280,10.0,0.0,10000.0,1.0,1.0,217779.78125,0.0
feature.Yield.managed.HW,29,290,10.0,0.0,10000.0,1.0,1.0,227193.140625,0.0
feature.Yield.managed.HW,30,300,10.0,0.0,10000.0,1.0,1.0,230829.953125,0.0
