TARGET,PERIOD,YEAR,PERIODWIDTH,MINIMUM,MAXIMUM,MINWEIGHT,MAXWEIGHT,CURRENT,SUMMARY
feature.Seral.immature,0,0,10.0,0.0,10000.0,1.0,1.0,1158.8919677734375,0.0
feature.Seral.immature,1,10,10.0,0.0,10000.0,1.0,1.0,1111.699951171875,0.0
feature.Seral.immature,2,20,10.0,0.0,10000.0,1.0,1.0,1042.2099609375,0.0
feature.Seral.immature,3,30,10.0,0.0,10000.0,1.0,1.0,1041.5069580078125,0.0
feature.Seral.immature,4,40,10.0,0.0,10000.0,1.0,1.0,873.9569702148438,0.0
feature.Seral.immature,5,50,10.0,0.0,10000.0,1.0,1.0,546.4329833984375,0.0
feature.Seral.immature,6,60,10.0,0.0,10000.0,1.0,1.0,543.1610107421875,0.0
feature.Seral.immature,7,70,10.0,0.0,10000.0,1.0,1.0,521.2440185546875,0.0
feature.Seral.immature,8,80,10.0,0.0,10000.0,1.0,1.0,514.6539916992188,0.0
feature.Seral.immature,9,90,10.0,0.0,10000.0,1.0,1.0,491.2489929199219,0.0
feature.Seral.immature,10,100,10.0,0.0,10000.0,1.0,1.0,508.5159912109375,0.0
feature.Seral.immature,11,110,10.0,0.0,10000.0,1.0,1.0,524.0969848632812,0.0
feature.Seral.immature,12,120,10.0,0.0,10000.0,1.0,1.0,536.9660034179688,0.0
feature.Seral.immature,13,130,10.0,0.0,10000.0,1.0,1.0,535.7360229492188,0.0
feature.Seral.immature,14,140,10.0,0.0,10000.0,1.0,1.0,569.125,0.0
feature.Seral.immature,15,150,10.0,0.0,10000.0,1.0,1.0,550.2659912109375,0.0
feature.Seral.immature,16,160,10.0,0.0,10000.0,1.0,1.0,554.1729736328125,0.0
feature.Seral.immature,17,170,10.0,0.0,10000.0,1.0,1.0,536.9990234375,0.0
feature.Seral.immature,18,180,10.0,0.0,10000.0,1.0,1.0,521.2210083007812,0.0
feature.Seral.immature,19,190,10.0,0.0,10000.0,1.0,1.0,579.114990234375,0.0
feature.Seral.immature,20,200,10.0,0.0,10000.0,1.0,1.0,555.9719848632812,0.0
feature.Seral.immature,21,210,10.0,0.0,10000.0,1.0,1.0,600.9970092773438,0.0
feature.Seral.immature,22,220,10.0,0.0,10000.0,1.0,1.0,597.3619995117188,0.0
feature.Seral.immature,23,230,10.0,0.0,10000.0,1.0,1.0,625.4409790039062,0.0
feature.Seral.immature,24,240,10.0,0.0,10000.0,1.0,1.0,554.6909790039062,0.0
feature.Seral.immature,25,250,10.0,0.0,10000.0,1.0,1.0,596.5859985351562,0.0
feature.Seral.immature,26,260,10.0,0.0,10000.0,1.0,1.0,597.4929809570312,0.0
feature.Seral.immature,27,270,10.0,0.0,10000.0,1.0,1.0,554.301025390625,0.0
feature.Seral.immature,28,280,10.0,0.0,10000.0,1.0,1.0,541.7069702148438,0.0
feature.Seral.immature,29,290,10.0,0.0,10000.0,1.0,1.0,501.5,0.0
feature.Seral.immature,30,300,10.0,0.0,10000.0,1.0,1.0,542.2009887695312,0.0
