TARGET,PERIOD,YEAR,PERIODWIDTH,MINIMUM,MAXIMUM,MINWEIGHT,MAXWEIGHT,CURRENT,SUMMARY
feature.Seral.immature,0,0,10.0,0.0,10000.0,1.0,1.0,1158.8919677734375,0.0
feature.Seral.immature,1,10,10.0,0.0,10000.0,1.0,1.0,1146.0810546875,0.0
feature.Seral.immature,2,20,10.0,0.0,10000.0,1.0,1.0,1066.407958984375,0.0
feature.Seral.immature,3,30,10.0,0.0,10000.0,1.0,1.0,1054.2049560546875,0.0
feature.Seral.immature,4,40,10.0,0.0,10000.0,1.0,1.0,844.9660034179688,0.0
feature.Seral.immature,5,50,10.0,0.0,10000.0,1.0,1.0,547.9099731445312,0.0
feature.Seral.immature,6,60,10.0,0.0,10000.0,1.0,1.0,551.9669799804688,0.0
feature.Seral.immature,7,70,10.0,0.0,10000.0,1.0,1.0,560.8309936523438,0.0
feature.Seral.immature,8,80,10.0,0.0,10000.0,1.0,1.0,506.0790100097656,0.0
feature.Seral.immature,9,90,10.0,0.0,10000.0,1.0,1.0,512.177001953125,0.0
feature.Seral.immature,10,100,10.0,0.0,10000.0,1.0,1.0,493.1470031738281,0.0
feature.Seral.immature,11,110,10.0,0.0,10000.0,1.0,1.0,514.197021484375,0.0
feature.Seral.immature,12,120,10.0,0.0,10000.0,1.0,1.0,452.6940002441406,0.0
feature.Seral.immature,13,130,10.0,0.0,10000.0,1.0,1.0,512.5819702148438,0.0
feature.Seral.immature,14,140,10.0,0.0,10000.0,1.0,1.0,626.801025390625,0.0
feature.Seral.immature,15,150,10.0,0.0,10000.0,1.0,1.0,601.4210205078125,0.0
feature.Seral.immature,16,160,10.0,0.0,10000.0,1.0,1.0,625.9600219726562,0.0
feature.Seral.immature,17,170,10.0,0.0,10000.0,1.0,1.0,570.2919921875,0.0
feature.Seral.immature,18,180,10.0,0.0,10000.0,1.0,1.0,554.0999755859375,0.0
feature.Seral.immature,19,190,10.0,0.0,10000.0,1.0,1.0,533.6380004882812,0.0
feature.Seral.immature,20,200,10.0,0.0,10000.0,1.0,1.0,525.0260009765625,0.0
feature.Seral.immature,21,210,10.0,0.0,10000.0,1.0,1.0,588.9949951171875,0.0
feature.Seral.immature,22,220,10.0,0.0,10000.0,1.0,1.0,583.9409790039062,0.0
feature.Seral.immature,23,230,10.0,0.0,10000.0,1.0,1.0,576.1190185546875,0.0
feature.Seral.immature,24,240,10.0,0.0,10000.0,1.0,1.0,588.208984375,0.0
feature.Seral.immature,25,250,10.0,0.0,10000.0,1.0,1.0,618.916015625,0.0
feature.Seral.immature,26,260,10.0,0.0,10000.0,1.0,1.0,593.1300048828125,0.0
feature.Seral.immature,27,270,10.0,0.0,10000.0,1.0,1.0,585.6649780273438,0.0
feature.Seral.immature,28,280,10.0,0.0,10000.0,1.0,1.0,561.0980224609375,0.0
feature.Seral.immature,29,290,10.0,0.0,10000.0,1.0,1.0,547.1840209960938,0.0
feature.Seral.immature,30,300,10.0,0.0,10000.0,1.0,1.0,542.0479736328125,0.0
