TARGET,PERIOD,YEAR,PERIODWIDTH,MINIMUM,MAXIMUM,MINWEIGHT,MAXWEIGHT,CURRENT,SUMMARY
feature.Seral.mature,0,0,10.0,0.0,10000.0,1.0,1.0,194.47799682617188,0.0
feature.Seral.mature,1,10,10.0,0.0,10000.0,1.0,1.0,121.36799621582031,0.0
feature.Seral.mature,2,20,10.0,0.0,10000.0,1.0,1.0,66.34500122070312,0.0
feature.Seral.mature,3,30,10.0,0.0,10000.0,1.0,1.0,65.68099975585938,0.0
feature.Seral.mature,4,40,10.0,0.0,10000.0,1.0,1.0,47.91400146484375,0.0
feature.Seral.mature,5,50,10.0,0.0,10000.0,1.0,1.0,124.23899841308594,0.0
feature.Seral.mature,6,60,10.0,0.0,10000.0,1.0,1.0,216.81500244140625,0.0
feature.Seral.mature,7,70,10.0,0.0,10000.0,1.0,1.0,227.8350067138672,0.0
feature.Seral.mature,8,80,10.0,0.0,10000.0,1.0,1.0,246.74899291992188,0.0
feature.Seral.mature,9,90,10.0,0.0,10000.0,1.0,1.0,229.5590057373047,0.0
feature.Seral.mature,10,100,10.0,0.0,10000.0,1.0,1.0,197.95899963378906,0.0
feature.Seral.mature,11,110,10.0,0.0,10000.0,1.0,1.0,115.96399688720703,0.0
feature.Seral.mature,12,120,10.0,0.0,10000.0,1.0,1.0,132.68499755859375,0.0
feature.Seral.mature,13,130,10.0,0.0,10000.0,1.0,1.0,123.30999755859375,0.0
feature.Seral.mature,14,140,10.0,0.0,10000.0,1.0,1.0,99.875,0.0
feature.Seral.mature,15,150,10.0,0.0,10000.0,1.0,1.0,98.61100006103516,0.0
feature.Seral.mature,16,160,10.0,0.0,10000.0,1.0,1.0,74.2959976196289,0.0
feature.Seral.mature,17,170,10.0,0.0,10000.0,1.0,1.0,27.31599998474121,0.0
feature.Seral.mature,18,180,10.0,0.0,10000.0,1.0,1.0,46.64099884033203,0.0
feature.Seral.mature,19,190,10.0,0.0,10000.0,1.0,1.0,66.72699737548828,0.0
feature.Seral.mature,20,200,10.0,0.0,10000.0,1.0,1.0,69.56300354003906,0.0
feature.Seral.mature,21,210,10.0,0.0,10000.0,1.0,1.0,65.79299926757812,0.0
feature.Seral.mature,22,220,10.0,0.0,10000.0,1.0,1.0,25.784000396728516,0.0
feature.Seral.mature,23,230,10.0,0.0,10000.0,1.0,1.0,7.145999908447266,0.0
feature.Seral.mature,24,240,10.0,0.0,10000.0,1.0,1.0,0.0,0.0
feature.Seral.mature,25,250,10.0,0.0,10000.0,1.0,1.0,12.784000396728516,0.0
feature.Seral.mature,26,260,10.0,0.0,10000.0,1.0,1.0,11.947999954223633,0.0
feature.Seral.mature,27,270,10.0,0.0,10000.0,1.0,1.0,33.595001220703125,0.0
feature.Seral.mature,28,280,10.0,0.0,10000.0,1.0,1.0,19.194000244140625,0.0
feature.Seral.mature,29,290,10.0,0.0,10000.0,1.0,1.0,26.065000534057617,0.0
feature.Seral.mature,30,300,10.0,0.0,10000.0,1.0,1.0,35.176998138427734,0.0
