TARGET,PERIOD,YEAR,PERIODWIDTH,MINIMUM,MAXIMUM,MINWEIGHT,MAXWEIGHT,CURRENT,SUMMARY
feature.Area.og1.total,0,0,10.0,0.0,10000.0,1.0,1.0,375.1780090332031,0.0
feature.Area.og1.total,1,10,10.0,0.0,10000.0,1.0,1.0,365.8869934082031,0.0
feature.Area.og1.total,2,20,10.0,0.0,10000.0,1.0,1.0,381.9119873046875,0.0
feature.Area.og1.total,3,30,10.0,0.0,10000.0,1.0,1.0,411.11700439453125,0.0
feature.Area.og1.total,4,40,10.0,0.0,10000.0,1.0,1.0,432.7590026855469,0.0
feature.Area.og1.total,5,50,10.0,0.0,10000.0,1.0,1.0,490.1510009765625,0.0
feature.Area.og1.total,6,60,10.0,0.0,10000.0,1.0,1.0,536.5440063476562,0.0
feature.Area.og1.total,7,70,10.0,0.0,10000.0,1.0,1.0,566.3489990234375,0.0
feature.Area.og1.total,8,80,10.0,0.0,10000.0,1.0,1.0,588.677001953125,0.0
feature.Area.og1.total,9,90,10.0,0.0,10000.0,1.0,1.0,622.8040161132812,0.0
feature.Area.og1.total,10,100,10.0,0.0,10000.0,1.0,1.0,680.8389892578125,0.0
feature.Area.og1.total,11,110,10.0,0.0,10000.0,1.0,1.0,737.31298828125,0.0
feature.Area.og1.total,12,120,10.0,0.0,10000.0,1.0,1.0,777.9450073242188,0.0
feature.Area.og1.total,13,130,10.0,0.0,10000.0,1.0,1.0,807.2109985351562,0.0
feature.Area.og1.total,14,140,10.0,0.0,10000.0,1.0,1.0,804.7150268554688,0.0
feature.Area.og1.total,15,150,10.0,0.0,10000.0,1.0,1.0,778.8610229492188,0.0
feature.Area.og1.total,16,160,10.0,0.0,10000.0,1.0,1.0,777.843017578125,0.0
feature.Area.og1.total,17,170,10.0,0.0,10000.0,1.0,1.0,702.3690185546875,0.0
feature.Area.og1.total,18,180,10.0,0.0,10000.0,1.0,1.0,686.4630126953125,0.0
feature.Area.og1.total,19,190,10.0,0.0,10000.0,1.0,1.0,702.6229858398438,0.0
feature.Area.og1.total,20,200,10.0,0.0,10000.0,1.0,1.0,711.7620239257812,0.0
feature.Area.og1.total,21,210,10.0,0.0,10000.0,1.0,1.0,725.47998046875,0.0
feature.Area.og1.total,22,220,10.0,0.0,10000.0,1.0,1.0,710.7069702148438,0.0
feature.Area.og1.total,23,230,10.0,0.0,10000.0,1.0,1.0,715.302001953125,0.0
feature.Area.og1.total,24,240,10.0,0.0,10000.0,1.0,1.0,703.7160034179688,0.0
feature.Area.og1.total,25,250,10.0,0.0,10000.0,1.0,1.0,701.8280029296875,0.0
feature.Area.og1.total,26,260,10.0,0.0,10000.0,1.0,1.0,710.6179809570312,0.0
feature.Area.og1.total,27,270,10.0,0.0,10000.0,1.0,1.0,720.3569946289062,0.0
feature.Area.og1.total,28,280,10.0,0.0,10000.0,1.0,1.0,719.031005859375,0.0
feature.Area.og1.total,29,290,10.0,0.0,10000.0,1.0,1.0,715.6589965820312,0.0
feature.Area.og1.total,30,300,10.0,0.0,10000.0,1.0,1.0,716.9660034179688,0.0
