TARGET,PERIOD,YEAR,PERIODWIDTH,MINIMUM,MAXIMUM,MINWEIGHT,MAXWEIGHT,CURRENT,SUMMARY
feature.Seral.young,0,0,10.0,0.0,10000.0,1.0,1.0,0.0,0.0
feature.Seral.young,1,10,10.0,0.0,10000.0,1.0,1.0,95.12200164794922,0.0
feature.Seral.young,2,20,10.0,0.0,10000.0,1.0,1.0,210.94500732421875,0.0
feature.Seral.young,3,30,10.0,0.0,10000.0,1.0,1.0,176.31900024414062,0.0
feature.Seral.young,4,40,10.0,0.0,10000.0,1.0,1.0,218.51400756835938,0.0
feature.Seral.young,5,50,10.0,0.0,10000.0,1.0,1.0,254.59300231933594,0.0
feature.Seral.young,6,60,10.0,0.0,10000.0,1.0,1.0,193.2790069580078,0.0
feature.Seral.young,7,70,10.0,0.0,10000.0,1.0,1.0,190.9290008544922,0.0
feature.Seral.young,8,80,10.0,0.0,10000.0,1.0,1.0,182.1739959716797,0.0
feature.Seral.young,9,90,10.0,0.0,10000.0,1.0,1.0,192.55799865722656,0.0
feature.Seral.young,10,100,10.0,0.0,10000.0,1.0,1.0,194.3090057373047,0.0
feature.Seral.young,11,110,10.0,0.0,10000.0,1.0,1.0,202.5500030517578,0.0
feature.Seral.young,12,120,10.0,0.0,10000.0,1.0,1.0,251.39100646972656,0.0
feature.Seral.young,13,130,10.0,0.0,10000.0,1.0,1.0,203.07000732421875,0.0
feature.Seral.young,14,140,10.0,0.0,10000.0,1.0,1.0,169.125,0.0
feature.Seral.young,15,150,10.0,0.0,10000.0,1.0,1.0,213.04400634765625,0.0
feature.Seral.young,16,160,10.0,0.0,10000.0,1.0,1.0,168.1199951171875,0.0
feature.Seral.young,17,170,10.0,0.0,10000.0,1.0,1.0,223.97900390625,0.0
feature.Seral.young,18,180,10.0,0.0,10000.0,1.0,1.0,234.6929931640625,0.0
feature.Seral.young,19,190,10.0,0.0,10000.0,1.0,1.0,170.44000244140625,0.0
feature.Seral.young,20,200,10.0,0.0,10000.0,1.0,1.0,209.5489959716797,0.0
feature.Seral.young,21,210,10.0,0.0,10000.0,1.0,1.0,218.4250030517578,0.0
feature.Seral.young,22,220,10.0,0.0,10000.0,1.0,1.0,183.74200439453125,0.0
feature.Seral.young,23,230,10.0,0.0,10000.0,1.0,1.0,227.9499969482422,0.0
feature.Seral.young,24,240,10.0,0.0,10000.0,1.0,1.0,224.35299682617188,0.0
feature.Seral.young,25,250,10.0,0.0,10000.0,1.0,1.0,148.21499633789062,0.0
feature.Seral.young,26,260,10.0,0.0,10000.0,1.0,1.0,220.7469940185547,0.0
feature.Seral.young,27,270,10.0,0.0,10000.0,1.0,1.0,206.84100341796875,0.0
feature.Seral.young,28,280,10.0,0.0,10000.0,1.0,1.0,199.43299865722656,0.0
feature.Seral.young,29,290,10.0,0.0,10000.0,1.0,1.0,221.8679962158203,0.0
feature.Seral.young,30,300,10.0,0.0,10000.0,1.0,1.0,194.22799682617188,0.0
