TARGET,PERIOD,YEAR,PERIODWIDTH,MINIMUM,MAXIMUM,MINWEIGHT,MAXWEIGHT,CURRENT,SUMMARY
feature.Area.og2.total,0,0,10.0,0.0,10000.0,1.0,1.0,250.7050018310547,0.0
feature.Area.og2.total,1,10,10.0,0.0,10000.0,1.0,1.0,252.81300354003906,0.0
feature.Area.og2.total,2,20,10.0,0.0,10000.0,1.0,1.0,309.98199462890625,0.0
feature.Area.og2.total,3,30,10.0,0.0,10000.0,1.0,1.0,309.98199462890625,0.0
feature.Area.og2.total,4,40,10.0,0.0,10000.0,1.0,1.0,309.98199462890625,0.0
feature.Area.og2.total,5,50,10.0,0.0,10000.0,1.0,1.0,310.7569885253906,0.0
feature.Area.og2.total,6,60,10.0,0.0,10000.0,1.0,1.0,303.8970031738281,0.0
feature.Area.og2.total,7,70,10.0,0.0,10000.0,1.0,1.0,297.0849914550781,0.0
feature.Area.og2.total,8,80,10.0,0.0,10000.0,1.0,1.0,294.4289855957031,0.0
feature.Area.og2.total,9,90,10.0,0.0,10000.0,1.0,1.0,294.4289855957031,0.0
feature.Area.og2.total,10,100,10.0,0.0,10000.0,1.0,1.0,294.87701416015625,0.0
feature.Area.og2.total,11,110,10.0,0.0,10000.0,1.0,1.0,294.87701416015625,0.0
feature.Area.og2.total,12,120,10.0,0.0,10000.0,1.0,1.0,294.87701416015625,0.0
feature.Area.og2.total,13,130,10.0,0.0,10000.0,1.0,1.0,333.6239929199219,0.0
feature.Area.og2.total,14,140,10.0,0.0,10000.0,1.0,1.0,333.6239929199219,0.0
feature.Area.og2.total,15,150,10.0,0.0,10000.0,1.0,1.0,357.906005859375,0.0
feature.Area.og2.total,16,160,10.0,0.0,10000.0,1.0,1.0,358.3370056152344,0.0
feature.Area.og2.total,17,170,10.0,0.0,10000.0,1.0,1.0,355.843994140625,0.0
feature.Area.og2.total,18,180,10.0,0.0,10000.0,1.0,1.0,362.10198974609375,0.0
feature.Area.og2.total,19,190,10.0,0.0,10000.0,1.0,1.0,398.4630126953125,0.0
feature.Area.og2.total,20,200,10.0,0.0,10000.0,1.0,1.0,516.14501953125,0.0
feature.Area.og2.total,21,210,10.0,0.0,10000.0,1.0,1.0,650.6380004882812,0.0
feature.Area.og2.total,22,220,10.0,0.0,10000.0,1.0,1.0,671.7119750976562,0.0
feature.Area.og2.total,23,230,10.0,0.0,10000.0,1.0,1.0,669.7009887695312,0.0
feature.Area.og2.total,24,240,10.0,0.0,10000.0,1.0,1.0,669.7009887695312,0.0
feature.Area.og2.total,25,250,10.0,0.0,10000.0,1.0,1.0,669.7009887695312,0.0
feature.Area.og2.total,26,260,10.0,0.0,10000.0,1.0,1.0,670.8200073242188,0.0
feature.Area.og2.total,27,270,10.0,0.0,10000.0,1.0,1.0,670.8200073242188,0.0
feature.Area.og2.total,28,280,10.0,0.0,10000.0,1.0,1.0,670.8200073242188,0.0
feature.Area.og2.total,29,290,10.0,0.0,10000.0,1.0,1.0,670.8200073242188,0.0
feature.Area.og2.total,30,300,10.0,0.0,10000.0,1.0,1.0,670.8200073242188,0.0
