TARGET,PERIOD,YEAR,PERIODWIDTH,MINIMUM,MAXIMUM,MINWEIGHT,MAXWEIGHT,CURRENT,SUMMARY
feature.Yield.managed.SS,0,0,10.0,0.0,10000.0,1.0,1.0,4413.90478515625,0.0
feature.Yield.managed.SS,1,10,10.0,0.0,10000.0,1.0,1.0,5091.6640625,0.0
feature.Yield.managed.SS,2,20,10.0,0.0,10000.0,1.0,1.0,5729.212890625,0.0
feature.Yield.managed.SS,3,30,10.0,0.0,10000.0,1.0,1.0,6309.88720703125,0.0
feature.Yield.managed.SS,4,40,10.0,0.0,10000.0,1.0,1.0,2128.72998046875,0.0
feature.Yield.managed.SS,5,50,10.0,0.0,10000.0,1.0,1.0,1329.35498046875,0.0
feature.Yield.managed.SS,6,60,10.0,0.0,10000.0,1.0,1.0,1640.531005859375,0.0
feature.Yield.managed.SS,7,70,10.0,0.0,10000.0,1.0,1.0,1957.2080078125,0.0
feature.Yield.managed.SS,8,80,10.0,0.0,10000.0,1.0,1.0,2412.596923828125,0.0
feature.Yield.managed.SS,9,90,10.0,0.0,10000.0,1.0,1.0,2964.6640625,0.0
feature.Yield.managed.SS,10,100,10.0,0.0,10000.0,1.0,1.0,3424.68310546875,0.0
feature.Yield.managed.SS,11,110,10.0,0.0,10000.0,1.0,1.0,3916.52001953125,0.0
feature.Yield.managed.SS,12,120,10.0,0.0,10000.0,1.0,1.0,4384.5068359375,0.0
feature.Yield.managed.SS,13,130,10.0,0.0,10000.0,1.0,1.0,1672.1099853515625,0.0
feature.Yield.managed.SS,14,140,10.0,0.0,10000.0,1.0,1.0,1017.5089721679688,0.0
feature.Yield.managed.SS,15,150,10.0,0.0,10000.0,1.0,1.0,1328.89599609375,0.0
feature.Yield.managed.SS,16,160,10.0,0.0,10000.0,1.0,1.0,1856.864013671875,0.0
feature.Yield.managed.SS,17,170,10.0,0.0,10000.0,1.0,1.0,2484.3798828125,0.0
feature.Yield.managed.SS,18,180,10.0,0.0,10000.0,1.0,1.0,3018.4990234375,0.0
feature.Yield.managed.SS,19,190,10.0,0.0,10000.0,1.0,1.0,3420.40087890625,0.0
feature.Yield.managed.SS,20,200,10.0,0.0,10000.0,1.0,1.0,3925.1259765625,0.0
feature.Yield.managed.SS,21,210,10.0,0.0,10000.0,1.0,1.0,4377.7138671875,0.0
feature.Yield.managed.SS,22,220,10.0,0.0,10000.0,1.0,1.0,924.5900268554688,0.0
feature.Yield.managed.SS,23,230,10.0,0.0,10000.0,1.0,1.0,930.8930053710938,0.0
feature.Yield.managed.SS,24,240,10.0,0.0,10000.0,1.0,1.0,908.3389892578125,0.0
feature.Yield.managed.SS,25,250,10.0,0.0,10000.0,1.0,1.0,1407.85595703125,0.0
feature.Yield.managed.SS,26,260,10.0,0.0,10000.0,1.0,1.0,1998.654052734375,0.0
feature.Yield.managed.SS,27,270,10.0,0.0,10000.0,1.0,1.0,2591.904052734375,0.0
feature.Yield.managed.SS,28,280,10.0,0.0,10000.0,1.0,1.0,3158.322998046875,0.0
feature.Yield.managed.SS,29,290,10.0,0.0,10000.0,1.0,1.0,3501.844970703125,0.0
feature.Yield.managed.SS,30,300,10.0,0.0,10000.0,1.0,1.0,3992.013916015625,0.0
