TARGET,PERIOD,YEAR,PERIODWIDTH,MINIMUM,MAXIMUM,MINWEIGHT,MAXWEIGHT,CURRENT,SUMMARY
feature.Yield.managed.CW,0,0,10.0,0.0,10000.0,1.0,1.0,98525.78125,0.0
feature.Yield.managed.CW,1,10,10.0,0.0,10000.0,1.0,1.0,106646.3671875,0.0
feature.Yield.managed.CW,2,20,10.0,0.0,10000.0,1.0,1.0,108592.984375,0.0
feature.Yield.managed.CW,3,30,10.0,0.0,10000.0,1.0,1.0,112982.3515625,0.0
feature.Yield.managed.CW,4,40,10.0,0.0,10000.0,1.0,1.0,105905.6796875,0.0
feature.Yield.managed.CW,5,50,10.0,0.0,10000.0,1.0,1.0,101479.1328125,0.0
feature.Yield.managed.CW,6,60,10.0,0.0,10000.0,1.0,1.0,93422.25,0.0
feature.Yield.managed.CW,7,70,10.0,0.0,10000.0,1.0,1.0,92161.453125,0.0
feature.Yield.managed.CW,8,80,10.0,0.0,10000.0,1.0,1.0,89802.109375,0.0
feature.Yield.managed.CW,9,90,10.0,0.0,10000.0,1.0,1.0,85705.1484375,0.0
feature.Yield.managed.CW,10,100,10.0,0.0,10000.0,1.0,1.0,84742.078125,0.0
feature.Yield.managed.CW,11,110,10.0,0.0,10000.0,1.0,1.0,84021.9140625,0.0
feature.Yield.managed.CW,12,120,10.0,0.0,10000.0,1.0,1.0,81884.390625,0.0
feature.Yield.managed.CW,13,130,10.0,0.0,10000.0,1.0,1.0,81663.3203125,0.0
feature.Yield.managed.CW,14,140,10.0,0.0,10000.0,1.0,1.0,80618.390625,0.0
feature.Yield.managed.CW,15,150,10.0,0.0,10000.0,1.0,1.0,80421.4765625,0.0
feature.Yield.managed.CW,16,160,10.0,0.0,10000.0,1.0,1.0,80463.6875,0.0
feature.Yield.managed.CW,17,170,10.0,0.0,10000.0,1.0,1.0,81534.6640625,0.0
feature.Yield.managed.CW,18,180,10.0,0.0,10000.0,1.0,1.0,84623.2734375,0.0
feature.Yield.managed.CW,19,190,10.0,0.0,10000.0,1.0,1.0,83339.4296875,0.0
feature.Yield.managed.CW,20,200,10.0,0.0,10000.0,1.0,1.0,83437.6875,0.0
feature.Yield.managed.CW,21,210,10.0,0.0,10000.0,1.0,1.0,83657.984375,0.0
feature.Yield.managed.CW,22,220,10.0,0.0,10000.0,1.0,1.0,82637.4609375,0.0
feature.Yield.managed.CW,23,230,10.0,0.0,10000.0,1.0,1.0,81345.265625,0.0
feature.Yield.managed.CW,24,240,10.0,0.0,10000.0,1.0,1.0,80695.65625,0.0
feature.Yield.managed.CW,25,250,10.0,0.0,10000.0,1.0,1.0,79958.375,0.0
feature.Yield.managed.CW,26,260,10.0,0.0,10000.0,1.0,1.0,78077.609375,0.0
feature.Yield.managed.CW,27,270,10.0,0.0,10000.0,1.0,1.0,76264.0859375,0.0
feature.Yield.managed.CW,28,280,10.0,0.0,10000.0,1.0,1.0,76984.421875,0.0
feature.Yield.managed.CW,29,290,10.0,0.0,10000.0,1.0,1.0,76912.3046875,0.0
feature.Yield.managed.CW,30,300,10.0,0.0,10000.0,1.0,1.0,78374.21875,0.0
