TARGET,PERIOD,YEAR,PERIODWIDTH,MINIMUM,MAXIMUM,MINWEIGHT,MAXWEIGHT,CURRENT,SUMMARY
feature.Area.og1.total,0,0,10.0,0.0,10000.0,1.0,1.0,375.1780090332031,0.0
feature.Area.og1.total,1,10,10.0,0.0,10000.0,1.0,1.0,376.9309997558594,0.0
feature.Area.og1.total,2,20,10.0,0.0,10000.0,1.0,1.0,394.44000244140625,0.0
feature.Area.og1.total,3,30,10.0,0.0,10000.0,1.0,1.0,415.60198974609375,0.0
feature.Area.og1.total,4,40,10.0,0.0,10000.0,1.0,1.0,451.14898681640625,0.0
feature.Area.og1.total,5,50,10.0,0.0,10000.0,1.0,1.0,484.29998779296875,0.0
feature.Area.og1.total,6,60,10.0,0.0,10000.0,1.0,1.0,526.968994140625,0.0
feature.Area.og1.total,7,70,10.0,0.0,10000.0,1.0,1.0,544.0590209960938,0.0
feature.Area.og1.total,8,80,10.0,0.0,10000.0,1.0,1.0,573.5659790039062,0.0
feature.Area.og1.total,9,90,10.0,0.0,10000.0,1.0,1.0,627.0490112304688,0.0
feature.Area.og1.total,10,100,10.0,0.0,10000.0,1.0,1.0,679.2410278320312,0.0
feature.Area.og1.total,11,110,10.0,0.0,10000.0,1.0,1.0,725.8289794921875,0.0
feature.Area.og1.total,12,120,10.0,0.0,10000.0,1.0,1.0,781.530029296875,0.0
feature.Area.og1.total,13,130,10.0,0.0,10000.0,1.0,1.0,822.4180297851562,0.0
feature.Area.og1.total,14,140,10.0,0.0,10000.0,1.0,1.0,830.5289916992188,0.0
feature.Area.og1.total,15,150,10.0,0.0,10000.0,1.0,1.0,807.4730224609375,0.0
feature.Area.og1.total,16,160,10.0,0.0,10000.0,1.0,1.0,808.5789794921875,0.0
feature.Area.og1.total,17,170,10.0,0.0,10000.0,1.0,1.0,735.0289916992188,0.0
feature.Area.og1.total,18,180,10.0,0.0,10000.0,1.0,1.0,743.5029907226562,0.0
feature.Area.og1.total,19,190,10.0,0.0,10000.0,1.0,1.0,736.427001953125,0.0
feature.Area.og1.total,20,200,10.0,0.0,10000.0,1.0,1.0,749.7020263671875,0.0
feature.Area.og1.total,21,210,10.0,0.0,10000.0,1.0,1.0,762.9819946289062,0.0
feature.Area.og1.total,22,220,10.0,0.0,10000.0,1.0,1.0,765.9829711914062,0.0
feature.Area.og1.total,23,230,10.0,0.0,10000.0,1.0,1.0,746.6680297851562,0.0
feature.Area.og1.total,24,240,10.0,0.0,10000.0,1.0,1.0,727.1270141601562,0.0
feature.Area.og1.total,25,250,10.0,0.0,10000.0,1.0,1.0,733.9539794921875,0.0
feature.Area.og1.total,26,260,10.0,0.0,10000.0,1.0,1.0,715.8779907226562,0.0
feature.Area.og1.total,27,270,10.0,0.0,10000.0,1.0,1.0,726.7760009765625,0.0
feature.Area.og1.total,28,280,10.0,0.0,10000.0,1.0,1.0,743.0919799804688,0.0
feature.Area.og1.total,29,290,10.0,0.0,10000.0,1.0,1.0,748.468994140625,0.0
feature.Area.og1.total,30,300,10.0,0.0,10000.0,1.0,1.0,764.2410278320312,0.0
