TARGET,PERIOD,YEAR,PERIODWIDTH,MINIMUM,MAXIMUM,MINWEIGHT,MAXWEIGHT,CURRENT,SUMMARY
feature.Area.og2.total,0,0,10.0,0.0,10000.0,1.0,1.0,250.7050018310547,0.0
feature.Area.og2.total,1,10,10.0,0.0,10000.0,1.0,1.0,249.33999633789062,0.0
feature.Area.og2.total,2,20,10.0,0.0,10000.0,1.0,1.0,295.2590026855469,0.0
feature.Area.og2.total,3,30,10.0,0.0,10000.0,1.0,1.0,294.80499267578125,0.0
feature.Area.og2.total,4,40,10.0,0.0,10000.0,1.0,1.0,293.3080139160156,0.0
feature.Area.og2.total,5,50,10.0,0.0,10000.0,1.0,1.0,294.1130065917969,0.0
feature.Area.og2.total,6,60,10.0,0.0,10000.0,1.0,1.0,283.7650146484375,0.0
feature.Area.og2.total,7,70,10.0,0.0,10000.0,1.0,1.0,276.8290100097656,0.0
feature.Area.og2.total,8,80,10.0,0.0,10000.0,1.0,1.0,292.135009765625,0.0
feature.Area.og2.total,9,90,10.0,0.0,10000.0,1.0,1.0,282.8420104980469,0.0
feature.Area.og2.total,10,100,10.0,0.0,10000.0,1.0,1.0,283.2900085449219,0.0
feature.Area.og2.total,11,110,10.0,0.0,10000.0,1.0,1.0,283.2900085449219,0.0
feature.Area.og2.total,12,120,10.0,0.0,10000.0,1.0,1.0,283.2900085449219,0.0
feature.Area.og2.total,13,130,10.0,0.0,10000.0,1.0,1.0,333.90301513671875,0.0
feature.Area.og2.total,14,140,10.0,0.0,10000.0,1.0,1.0,333.90301513671875,0.0
feature.Area.og2.total,15,150,10.0,0.0,10000.0,1.0,1.0,361.1940002441406,0.0
feature.Area.og2.total,16,160,10.0,0.0,10000.0,1.0,1.0,361.625,0.0
feature.Area.og2.total,17,170,10.0,0.0,10000.0,1.0,1.0,362.8089904785156,0.0
feature.Area.og2.total,18,180,10.0,0.0,10000.0,1.0,1.0,352.4909973144531,0.0
feature.Area.og2.total,19,190,10.0,0.0,10000.0,1.0,1.0,388.85198974609375,0.0
feature.Area.og2.total,20,200,10.0,0.0,10000.0,1.0,1.0,503.9519958496094,0.0
feature.Area.og2.total,21,210,10.0,0.0,10000.0,1.0,1.0,639.573974609375,0.0
feature.Area.og2.total,22,220,10.0,0.0,10000.0,1.0,1.0,666.3690185546875,0.0
feature.Area.og2.total,23,230,10.0,0.0,10000.0,1.0,1.0,666.3690185546875,0.0
feature.Area.og2.total,24,240,10.0,0.0,10000.0,1.0,1.0,666.3690185546875,0.0
feature.Area.og2.total,25,250,10.0,0.0,10000.0,1.0,1.0,666.3690185546875,0.0
feature.Area.og2.total,26,260,10.0,0.0,10000.0,1.0,1.0,666.3690185546875,0.0
feature.Area.og2.total,27,270,10.0,0.0,10000.0,1.0,1.0,666.3690185546875,0.0
feature.Area.og2.total,28,280,10.0,0.0,10000.0,1.0,1.0,666.3690185546875,0.0
feature.Area.og2.total,29,290,10.0,0.0,10000.0,1.0,1.0,666.3690185546875,0.0
feature.Area.og2.total,30,300,10.0,0.0,10000.0,1.0,1.0,666.3690185546875,0.0
