TARGET,PERIOD,YEAR,PERIODWIDTH,MINIMUM,MAXIMUM,MINWEIGHT,MAXWEIGHT,CURRENT,SUMMARY
feature.Seral.overmature,0,0,10.0,0.0,10000.0,1.0,1.0,427.95098876953125,0.0
feature.Seral.overmature,1,10,10.0,0.0,10000.0,1.0,1.0,419.77801513671875,0.0
feature.Seral.overmature,2,20,10.0,0.0,10000.0,1.0,1.0,426.875,0.0
feature.Seral.overmature,3,30,10.0,0.0,10000.0,1.0,1.0,461.4389953613281,0.0
feature.Seral.overmature,4,40,10.0,0.0,10000.0,1.0,1.0,680.1309814453125,0.0
feature.Seral.overmature,5,50,10.0,0.0,10000.0,1.0,1.0,819.02001953125,0.0
feature.Seral.overmature,6,60,10.0,0.0,10000.0,1.0,1.0,760.7360229492188,0.0
feature.Seral.overmature,7,70,10.0,0.0,10000.0,1.0,1.0,707.4550170898438,0.0
feature.Seral.overmature,8,80,10.0,0.0,10000.0,1.0,1.0,666.9929809570312,0.0
feature.Seral.overmature,9,90,10.0,0.0,10000.0,1.0,1.0,672.218994140625,0.0
feature.Seral.overmature,10,100,10.0,0.0,10000.0,1.0,1.0,654.989990234375,0.0
feature.Seral.overmature,11,110,10.0,0.0,10000.0,1.0,1.0,735.5789794921875,0.0
feature.Seral.overmature,12,120,10.0,0.0,10000.0,1.0,1.0,744.2659912109375,0.0
feature.Seral.overmature,13,130,10.0,0.0,10000.0,1.0,1.0,765.3400268554688,0.0
feature.Seral.overmature,14,140,10.0,0.0,10000.0,1.0,1.0,742.2780151367188,0.0
feature.Seral.overmature,15,150,10.0,0.0,10000.0,1.0,1.0,675.572021484375,0.0
feature.Seral.overmature,16,160,10.0,0.0,10000.0,1.0,1.0,684.2210083007812,0.0
feature.Seral.overmature,17,170,10.0,0.0,10000.0,1.0,1.0,719.9949951171875,0.0
feature.Seral.overmature,18,180,10.0,0.0,10000.0,1.0,1.0,774.2410278320312,0.0
feature.Seral.overmature,19,190,10.0,0.0,10000.0,1.0,1.0,746.4349975585938,0.0
feature.Seral.overmature,20,200,10.0,0.0,10000.0,1.0,1.0,753.6290283203125,0.0
feature.Seral.overmature,21,210,10.0,0.0,10000.0,1.0,1.0,744.6790161132812,0.0
feature.Seral.overmature,22,220,10.0,0.0,10000.0,1.0,1.0,728.8179931640625,0.0
feature.Seral.overmature,23,230,10.0,0.0,10000.0,1.0,1.0,721.0819702148438,0.0
feature.Seral.overmature,24,240,10.0,0.0,10000.0,1.0,1.0,704.0490112304688,0.0
feature.Seral.overmature,25,250,10.0,0.0,10000.0,1.0,1.0,699.5269775390625,0.0
feature.Seral.overmature,26,260,10.0,0.0,10000.0,1.0,1.0,709.1290283203125,0.0
feature.Seral.overmature,27,270,10.0,0.0,10000.0,1.0,1.0,710.3099975585938,0.0
feature.Seral.overmature,28,280,10.0,0.0,10000.0,1.0,1.0,689.52001953125,0.0
feature.Seral.overmature,29,290,10.0,0.0,10000.0,1.0,1.0,690.5830078125,0.0
feature.Seral.overmature,30,300,10.0,0.0,10000.0,1.0,1.0,687.5780029296875,0.0
