TARGET,PERIOD,YEAR,PERIODWIDTH,MINIMUM,MAXIMUM,MINWEIGHT,MAXWEIGHT,CURRENT,SUMMARY
feature.Yield.managed.DR,0,0,10.0,0.0,10000.0,1.0,1.0,11459.6494140625,0.0
feature.Yield.managed.DR,1,10,10.0,0.0,10000.0,1.0,1.0,13087.8525390625,0.0
feature.Yield.managed.DR,2,20,10.0,0.0,10000.0,1.0,1.0,14516.40625,0.0
feature.Yield.managed.DR,3,30,10.0,0.0,10000.0,1.0,1.0,15373.953125,0.0
feature.Yield.managed.DR,4,40,10.0,0.0,10000.0,1.0,1.0,15084.017578125,0.0
feature.Yield.managed.DR,5,50,10.0,0.0,10000.0,1.0,1.0,14785.6552734375,0.0
feature.Yield.managed.DR,6,60,10.0,0.0,10000.0,1.0,1.0,14474.662109375,0.0
feature.Yield.managed.DR,7,70,10.0,0.0,10000.0,1.0,1.0,10886.8076171875,0.0
feature.Yield.managed.DR,8,80,10.0,0.0,10000.0,1.0,1.0,9230.595703125,0.0
feature.Yield.managed.DR,9,90,10.0,0.0,10000.0,1.0,1.0,9362.17578125,0.0
feature.Yield.managed.DR,10,100,10.0,0.0,10000.0,1.0,1.0,8846.5546875,0.0
feature.Yield.managed.DR,11,110,10.0,0.0,10000.0,1.0,1.0,9629.646484375,0.0
feature.Yield.managed.DR,12,120,10.0,0.0,10000.0,1.0,1.0,10385.2509765625,0.0
feature.Yield.managed.DR,13,130,10.0,0.0,10000.0,1.0,1.0,10661.51171875,0.0
feature.Yield.managed.DR,14,140,10.0,0.0,10000.0,1.0,1.0,11362.951171875,0.0
feature.Yield.managed.DR,15,150,10.0,0.0,10000.0,1.0,1.0,12089.3134765625,0.0
feature.Yield.managed.DR,16,160,10.0,0.0,10000.0,1.0,1.0,12208.390625,0.0
feature.Yield.managed.DR,17,170,10.0,0.0,10000.0,1.0,1.0,12842.65234375,0.0
feature.Yield.managed.DR,18,180,10.0,0.0,10000.0,1.0,1.0,12246.3115234375,0.0
feature.Yield.managed.DR,19,190,10.0,0.0,10000.0,1.0,1.0,10330.9404296875,0.0
feature.Yield.managed.DR,20,200,10.0,0.0,10000.0,1.0,1.0,10716.498046875,0.0
feature.Yield.managed.DR,21,210,10.0,0.0,10000.0,1.0,1.0,11268.0537109375,0.0
feature.Yield.managed.DR,22,220,10.0,0.0,10000.0,1.0,1.0,9969.5615234375,0.0
feature.Yield.managed.DR,23,230,10.0,0.0,10000.0,1.0,1.0,10578.0244140625,0.0
feature.Yield.managed.DR,24,240,10.0,0.0,10000.0,1.0,1.0,9139.8369140625,0.0
feature.Yield.managed.DR,25,250,10.0,0.0,10000.0,1.0,1.0,9751.734375,0.0
feature.Yield.managed.DR,26,260,10.0,0.0,10000.0,1.0,1.0,10011.9111328125,0.0
feature.Yield.managed.DR,27,270,10.0,0.0,10000.0,1.0,1.0,10386.7333984375,0.0
feature.Yield.managed.DR,28,280,10.0,0.0,10000.0,1.0,1.0,11047.4951171875,0.0
feature.Yield.managed.DR,29,290,10.0,0.0,10000.0,1.0,1.0,8605.4638671875,0.0
feature.Yield.managed.DR,30,300,10.0,0.0,10000.0,1.0,1.0,9164.154296875,0.0
