TARGET,PERIOD,YEAR,PERIODWIDTH,MINIMUM,MAXIMUM,MINWEIGHT,MAXWEIGHT,CURRENT,SUMMARY
feature.Seral.immature,0,0,10.0,0.0,10000.0,1.0,1.0,1158.8919677734375,0.0
feature.Seral.immature,1,10,10.0,0.0,10000.0,1.0,1.0,1127.39599609375,0.0
feature.Seral.immature,2,20,10.0,0.0,10000.0,1.0,1.0,1065.7679443359375,0.0
feature.Seral.immature,3,30,10.0,0.0,10000.0,1.0,1.0,968.2940063476562,0.0
feature.Seral.immature,4,40,10.0,0.0,10000.0,1.0,1.0,801.5499877929688,0.0
feature.Seral.immature,5,50,10.0,0.0,10000.0,1.0,1.0,527.510009765625,0.0
feature.Seral.immature,6,60,10.0,0.0,10000.0,1.0,1.0,554.0960083007812,0.0
feature.Seral.immature,7,70,10.0,0.0,10000.0,1.0,1.0,504.21099853515625,0.0
feature.Seral.immature,8,80,10.0,0.0,10000.0,1.0,1.0,507.2049865722656,0.0
feature.Seral.immature,9,90,10.0,0.0,10000.0,1.0,1.0,465.947998046875,0.0
feature.Seral.immature,10,100,10.0,0.0,10000.0,1.0,1.0,527.7589721679688,0.0
feature.Seral.immature,11,110,10.0,0.0,10000.0,1.0,1.0,550.5679931640625,0.0
feature.Seral.immature,12,120,10.0,0.0,10000.0,1.0,1.0,512.2919921875,0.0
feature.Seral.immature,13,130,10.0,0.0,10000.0,1.0,1.0,570.7000122070312,0.0
feature.Seral.immature,14,140,10.0,0.0,10000.0,1.0,1.0,646.7239990234375,0.0
feature.Seral.immature,15,150,10.0,0.0,10000.0,1.0,1.0,649.8419799804688,0.0
feature.Seral.immature,16,160,10.0,0.0,10000.0,1.0,1.0,619.1729736328125,0.0
feature.Seral.immature,17,170,10.0,0.0,10000.0,1.0,1.0,569.5,0.0
feature.Seral.immature,18,180,10.0,0.0,10000.0,1.0,1.0,510.7959899902344,0.0
feature.Seral.immature,19,190,10.0,0.0,10000.0,1.0,1.0,533.6309814453125,0.0
feature.Seral.immature,20,200,10.0,0.0,10000.0,1.0,1.0,543.6220092773438,0.0
feature.Seral.immature,21,210,10.0,0.0,10000.0,1.0,1.0,616.9019775390625,0.0
feature.Seral.immature,22,220,10.0,0.0,10000.0,1.0,1.0,580.177978515625,0.0
feature.Seral.immature,23,230,10.0,0.0,10000.0,1.0,1.0,652.614990234375,0.0
feature.Seral.immature,24,240,10.0,0.0,10000.0,1.0,1.0,625.1110229492188,0.0
feature.Seral.immature,25,250,10.0,0.0,10000.0,1.0,1.0,660.02197265625,0.0
feature.Seral.immature,26,260,10.0,0.0,10000.0,1.0,1.0,586.10498046875,0.0
feature.Seral.immature,27,270,10.0,0.0,10000.0,1.0,1.0,557.3880004882812,0.0
feature.Seral.immature,28,280,10.0,0.0,10000.0,1.0,1.0,557.281005859375,0.0
feature.Seral.immature,29,290,10.0,0.0,10000.0,1.0,1.0,669.8300170898438,0.0
feature.Seral.immature,30,300,10.0,0.0,10000.0,1.0,1.0,590.4180297851562,0.0
