TARGET,PERIOD,YEAR,PERIODWIDTH,MINIMUM,MAXIMUM,MINWEIGHT,MAXWEIGHT,CURRENT,SUMMARY
feature.Area.og2.total,0,0,10.0,0.0,10000.0,1.0,1.0,250.7050018310547,0.0
feature.Area.og2.total,1,10,10.0,0.0,10000.0,1.0,1.0,249.93099975585938,0.0
feature.Area.og2.total,2,20,10.0,0.0,10000.0,1.0,1.0,297.5580139160156,0.0
feature.Area.og2.total,3,30,10.0,0.0,10000.0,1.0,1.0,292.156005859375,0.0
feature.Area.og2.total,4,40,10.0,0.0,10000.0,1.0,1.0,292.156005859375,0.0
feature.Area.og2.total,5,50,10.0,0.0,10000.0,1.0,1.0,292.52099609375,0.0
feature.Area.og2.total,6,60,10.0,0.0,10000.0,1.0,1.0,285.9939880371094,0.0
feature.Area.og2.total,7,70,10.0,0.0,10000.0,1.0,1.0,280.531005859375,0.0
feature.Area.og2.total,8,80,10.0,0.0,10000.0,1.0,1.0,296.1210021972656,0.0
feature.Area.og2.total,9,90,10.0,0.0,10000.0,1.0,1.0,295.8370056152344,0.0
feature.Area.og2.total,10,100,10.0,0.0,10000.0,1.0,1.0,296.2850036621094,0.0
feature.Area.og2.total,11,110,10.0,0.0,10000.0,1.0,1.0,286.99200439453125,0.0
feature.Area.og2.total,12,120,10.0,0.0,10000.0,1.0,1.0,286.99200439453125,0.0
feature.Area.og2.total,13,130,10.0,0.0,10000.0,1.0,1.0,321.02899169921875,0.0
feature.Area.og2.total,14,140,10.0,0.0,10000.0,1.0,1.0,321.02899169921875,0.0
feature.Area.og2.total,15,150,10.0,0.0,10000.0,1.0,1.0,348.32000732421875,0.0
feature.Area.og2.total,16,160,10.0,0.0,10000.0,1.0,1.0,345.04901123046875,0.0
feature.Area.og2.total,17,170,10.0,0.0,10000.0,1.0,1.0,346.2330017089844,0.0
feature.Area.og2.total,18,180,10.0,0.0,10000.0,1.0,1.0,352.4909973144531,0.0
feature.Area.og2.total,19,190,10.0,0.0,10000.0,1.0,1.0,388.85198974609375,0.0
feature.Area.og2.total,20,200,10.0,0.0,10000.0,1.0,1.0,533.43701171875,0.0
feature.Area.og2.total,21,210,10.0,0.0,10000.0,1.0,1.0,672.3319702148438,0.0
feature.Area.og2.total,22,220,10.0,0.0,10000.0,1.0,1.0,699.1270141601562,0.0
feature.Area.og2.total,23,230,10.0,0.0,10000.0,1.0,1.0,695.85400390625,0.0
feature.Area.og2.total,24,240,10.0,0.0,10000.0,1.0,1.0,680.5239868164062,0.0
feature.Area.og2.total,25,250,10.0,0.0,10000.0,1.0,1.0,680.5239868164062,0.0
feature.Area.og2.total,26,260,10.0,0.0,10000.0,1.0,1.0,666.3690185546875,0.0
feature.Area.og2.total,27,270,10.0,0.0,10000.0,1.0,1.0,666.3690185546875,0.0
feature.Area.og2.total,28,280,10.0,0.0,10000.0,1.0,1.0,666.3690185546875,0.0
feature.Area.og2.total,29,290,10.0,0.0,10000.0,1.0,1.0,666.3690185546875,0.0
feature.Area.og2.total,30,300,10.0,0.0,10000.0,1.0,1.0,666.3690185546875,0.0
