TARGET,PERIOD,YEAR,PERIODWIDTH,MINIMUM,MAXIMUM,MINWEIGHT,MAXWEIGHT,CURRENT,SUMMARY
feature.Yield.managed.FDC,0,0,10.0,0.0,10000.0,1.0,1.0,184192.78125,0.0
feature.Yield.managed.FDC,1,10,10.0,0.0,10000.0,1.0,1.0,198535.5625,0.0
feature.Yield.managed.FDC,2,20,10.0,0.0,10000.0,1.0,1.0,207051.078125,0.0
feature.Yield.managed.FDC,3,30,10.0,0.0,10000.0,1.0,1.0,191217.6875,0.0
feature.Yield.managed.FDC,4,40,10.0,0.0,10000.0,1.0,1.0,190425.265625,0.0
feature.Yield.managed.FDC,5,50,10.0,0.0,10000.0,1.0,1.0,159093.5625,0.0
feature.Yield.managed.FDC,6,60,10.0,0.0,10000.0,1.0,1.0,148219.609375,0.0
feature.Yield.managed.FDC,7,70,10.0,0.0,10000.0,1.0,1.0,153206.078125,0.0
feature.Yield.managed.FDC,8,80,10.0,0.0,10000.0,1.0,1.0,153629.296875,0.0
feature.Yield.managed.FDC,9,90,10.0,0.0,10000.0,1.0,1.0,164937.90625,0.0
feature.Yield.managed.FDC,10,100,10.0,0.0,10000.0,1.0,1.0,171955.96875,0.0
feature.Yield.managed.FDC,11,110,10.0,0.0,10000.0,1.0,1.0,180212.09375,0.0
feature.Yield.managed.FDC,12,120,10.0,0.0,10000.0,1.0,1.0,172921.875,0.0
feature.Yield.managed.FDC,13,130,10.0,0.0,10000.0,1.0,1.0,157502.734375,0.0
feature.Yield.managed.FDC,14,140,10.0,0.0,10000.0,1.0,1.0,147567.421875,0.0
feature.Yield.managed.FDC,15,150,10.0,0.0,10000.0,1.0,1.0,138110.34375,0.0
feature.Yield.managed.FDC,16,160,10.0,0.0,10000.0,1.0,1.0,134845.96875,0.0
feature.Yield.managed.FDC,17,170,10.0,0.0,10000.0,1.0,1.0,121220.828125,0.0
feature.Yield.managed.FDC,18,180,10.0,0.0,10000.0,1.0,1.0,126989.3203125,0.0
feature.Yield.managed.FDC,19,190,10.0,0.0,10000.0,1.0,1.0,138698.125,0.0
feature.Yield.managed.FDC,20,200,10.0,0.0,10000.0,1.0,1.0,145546.203125,0.0
feature.Yield.managed.FDC,21,210,10.0,0.0,10000.0,1.0,1.0,141298.28125,0.0
feature.Yield.managed.FDC,22,220,10.0,0.0,10000.0,1.0,1.0,154913.359375,0.0
feature.Yield.managed.FDC,23,230,10.0,0.0,10000.0,1.0,1.0,154660.3125,0.0
feature.Yield.managed.FDC,24,240,10.0,0.0,10000.0,1.0,1.0,153796.140625,0.0
feature.Yield.managed.FDC,25,250,10.0,0.0,10000.0,1.0,1.0,160273.90625,0.0
feature.Yield.managed.FDC,26,260,10.0,0.0,10000.0,1.0,1.0,167939.765625,0.0
feature.Yield.managed.FDC,27,270,10.0,0.0,10000.0,1.0,1.0,175290.109375,0.0
feature.Yield.managed.FDC,28,280,10.0,0.0,10000.0,1.0,1.0,155295.09375,0.0
feature.Yield.managed.FDC,29,290,10.0,0.0,10000.0,1.0,1.0,152680.296875,0.0
feature.Yield.managed.FDC,30,300,10.0,0.0,10000.0,1.0,1.0,137744.734375,0.0
