TARGET,PERIOD,YEAR,PERIODWIDTH,MINIMUM,MAXIMUM,MINWEIGHT,MAXWEIGHT,CURRENT,SUMMARY
feature.Yield.managed.DR,0,0,10.0,0.0,10000.0,1.0,1.0,11459.6494140625,0.0
feature.Yield.managed.DR,1,10,10.0,0.0,10000.0,1.0,1.0,13185.71875,0.0
feature.Yield.managed.DR,2,20,10.0,0.0,10000.0,1.0,1.0,14413.6787109375,0.0
feature.Yield.managed.DR,3,30,10.0,0.0,10000.0,1.0,1.0,15220.732421875,0.0
feature.Yield.managed.DR,4,40,10.0,0.0,10000.0,1.0,1.0,15787.8349609375,0.0
feature.Yield.managed.DR,5,50,10.0,0.0,10000.0,1.0,1.0,15554.2578125,0.0
feature.Yield.managed.DR,6,60,10.0,0.0,10000.0,1.0,1.0,15478.93359375,0.0
feature.Yield.managed.DR,7,70,10.0,0.0,10000.0,1.0,1.0,14561.9580078125,0.0
feature.Yield.managed.DR,8,80,10.0,0.0,10000.0,1.0,1.0,10930.802734375,0.0
feature.Yield.managed.DR,9,90,10.0,0.0,10000.0,1.0,1.0,9866.4345703125,0.0
feature.Yield.managed.DR,10,100,10.0,0.0,10000.0,1.0,1.0,10355.560546875,0.0
feature.Yield.managed.DR,11,110,10.0,0.0,10000.0,1.0,1.0,10894.412109375,0.0
feature.Yield.managed.DR,12,120,10.0,0.0,10000.0,1.0,1.0,11325.0361328125,0.0
feature.Yield.managed.DR,13,130,10.0,0.0,10000.0,1.0,1.0,10056.873046875,0.0
feature.Yield.managed.DR,14,140,10.0,0.0,10000.0,1.0,1.0,10790.1201171875,0.0
feature.Yield.managed.DR,15,150,10.0,0.0,10000.0,1.0,1.0,11421.869140625,0.0
feature.Yield.managed.DR,16,160,10.0,0.0,10000.0,1.0,1.0,11948.8056640625,0.0
feature.Yield.managed.DR,17,170,10.0,0.0,10000.0,1.0,1.0,12677.9091796875,0.0
feature.Yield.managed.DR,18,180,10.0,0.0,10000.0,1.0,1.0,10156.17578125,0.0
feature.Yield.managed.DR,19,190,10.0,0.0,10000.0,1.0,1.0,10609.4970703125,0.0
feature.Yield.managed.DR,20,200,10.0,0.0,10000.0,1.0,1.0,9294.6376953125,0.0
feature.Yield.managed.DR,21,210,10.0,0.0,10000.0,1.0,1.0,9659.40625,0.0
feature.Yield.managed.DR,22,220,10.0,0.0,10000.0,1.0,1.0,10480.943359375,0.0
feature.Yield.managed.DR,23,230,10.0,0.0,10000.0,1.0,1.0,11084.478515625,0.0
feature.Yield.managed.DR,24,240,10.0,0.0,10000.0,1.0,1.0,11045.8583984375,0.0
feature.Yield.managed.DR,25,250,10.0,0.0,10000.0,1.0,1.0,11992.9765625,0.0
feature.Yield.managed.DR,26,260,10.0,0.0,10000.0,1.0,1.0,12382.3173828125,0.0
feature.Yield.managed.DR,27,270,10.0,0.0,10000.0,1.0,1.0,11020.7646484375,0.0
feature.Yield.managed.DR,28,280,10.0,0.0,10000.0,1.0,1.0,11188.9423828125,0.0
feature.Yield.managed.DR,29,290,10.0,0.0,10000.0,1.0,1.0,9446.6171875,0.0
feature.Yield.managed.DR,30,300,10.0,0.0,10000.0,1.0,1.0,8001.98681640625,0.0
