TARGET,PERIOD,YEAR,PERIODWIDTH,MINIMUM,MAXIMUM,MINWEIGHT,MAXWEIGHT,CURRENT,SUMMARY
product.Yield.managed.PLC,0,0,10.0,0.0,10000.0,1.0,1.0,0.0,0.0
product.Yield.managed.PLC,1,10,10.0,0.0,10000.0,1.0,1.0,45.763999938964844,0.0
product.Yield.managed.PLC,2,20,10.0,0.0,10000.0,1.0,1.0,25.31599998474121,0.0
product.Yield.managed.PLC,3,30,10.0,0.0,10000.0,1.0,1.0,2.6689999103546143,0.0
product.Yield.managed.PLC,4,40,10.0,0.0,10000.0,1.0,1.0,27.107999801635742,0.0
product.Yield.managed.PLC,5,50,10.0,0.0,10000.0,1.0,1.0,4.734000205993652,0.0
product.Yield.managed.PLC,6,60,10.0,0.0,10000.0,1.0,1.0,43.98400115966797,0.0
product.Yield.managed.PLC,7,70,10.0,0.0,10000.0,1.0,1.0,35.77899932861328,0.0
product.Yield.managed.PLC,8,80,10.0,0.0,10000.0,1.0,1.0,12.652999877929688,0.0
product.Yield.managed.PLC,9,90,10.0,0.0,10000.0,1.0,1.0,17.6560001373291,0.0
product.Yield.managed.PLC,10,100,10.0,0.0,10000.0,1.0,1.0,11.161999702453613,0.0
product.Yield.managed.PLC,11,110,10.0,0.0,10000.0,1.0,1.0,20.638999938964844,0.0
product.Yield.managed.PLC,12,120,10.0,0.0,10000.0,1.0,1.0,0.0,0.0
product.Yield.managed.PLC,13,130,10.0,0.0,10000.0,1.0,1.0,15.631999969482422,0.0
product.Yield.managed.PLC,14,140,10.0,0.0,10000.0,1.0,1.0,30.274999618530273,0.0
product.Yield.managed.PLC,15,150,10.0,0.0,10000.0,1.0,1.0,1.3819999694824219,0.0
product.Yield.managed.PLC,16,160,10.0,0.0,10000.0,1.0,1.0,19.076000213623047,0.0
product.Yield.managed.PLC,17,170,10.0,0.0,10000.0,1.0,1.0,6.788000106811523,0.0
product.Yield.managed.PLC,18,180,10.0,0.0,10000.0,1.0,1.0,3.6740000247955322,0.0
product.Yield.managed.PLC,19,190,10.0,0.0,10000.0,1.0,1.0,13.053000450134277,0.0
product.Yield.managed.PLC,20,200,10.0,0.0,10000.0,1.0,1.0,22.52899932861328,0.0
product.Yield.managed.PLC,21,210,10.0,0.0,10000.0,1.0,1.0,0.0,0.0
product.Yield.managed.PLC,22,220,10.0,0.0,10000.0,1.0,1.0,18.96299934387207,0.0
product.Yield.managed.PLC,23,230,10.0,0.0,10000.0,1.0,1.0,0.0,0.0
product.Yield.managed.PLC,24,240,10.0,0.0,10000.0,1.0,1.0,68.40399932861328,0.0
product.Yield.managed.PLC,25,250,10.0,0.0,10000.0,1.0,1.0,32.14899826049805,0.0
product.Yield.managed.PLC,26,260,10.0,0.0,10000.0,1.0,1.0,8.824999809265137,0.0
product.Yield.managed.PLC,27,270,10.0,0.0,10000.0,1.0,1.0,6.056000232696533,0.0
product.Yield.managed.PLC,28,280,10.0,0.0,10000.0,1.0,1.0,5.736999988555908,0.0
product.Yield.managed.PLC,29,290,10.0,0.0,10000.0,1.0,1.0,6.409999847412109,0.0
product.Yield.managed.PLC,30,300,10.0,0.0,10000.0,1.0,1.0,8.586000442504883,0.0
