TARGET,PERIOD,YEAR,PERIODWIDTH,MINIMUM,MAXIMUM,MINWEIGHT,MAXWEIGHT,CURRENT,SUMMARY
product.Yield.managed.PLC,0,0,10.0,0.0,10000.0,1.0,1.0,0.0,0.0
product.Yield.managed.PLC,1,10,10.0,0.0,10000.0,1.0,1.0,77.33999633789062,0.0
product.Yield.managed.PLC,2,20,10.0,0.0,10000.0,1.0,1.0,1.2039999961853027,0.0
product.Yield.managed.PLC,3,30,10.0,0.0,10000.0,1.0,1.0,0.0,0.0
product.Yield.managed.PLC,4,40,10.0,0.0,10000.0,1.0,1.0,0.0,0.0
product.Yield.managed.PLC,5,50,10.0,0.0,10000.0,1.0,1.0,2.437999963760376,0.0
product.Yield.managed.PLC,6,60,10.0,0.0,10000.0,1.0,1.0,21.00200080871582,0.0
product.Yield.managed.PLC,7,70,10.0,0.0,10000.0,1.0,1.0,40.77399826049805,0.0
product.Yield.managed.PLC,8,80,10.0,0.0,10000.0,1.0,1.0,20.976999282836914,0.0
product.Yield.managed.PLC,9,90,10.0,0.0,10000.0,1.0,1.0,26.91900062561035,0.0
product.Yield.managed.PLC,10,100,10.0,0.0,10000.0,1.0,1.0,2.561000108718872,0.0
product.Yield.managed.PLC,11,110,10.0,0.0,10000.0,1.0,1.0,17.457000732421875,0.0
product.Yield.managed.PLC,12,120,10.0,0.0,10000.0,1.0,1.0,19.37700080871582,0.0
product.Yield.managed.PLC,13,130,10.0,0.0,10000.0,1.0,1.0,0.0,0.0
product.Yield.managed.PLC,14,140,10.0,0.0,10000.0,1.0,1.0,12.520000457763672,0.0
product.Yield.managed.PLC,15,150,10.0,0.0,10000.0,1.0,1.0,8.484999656677246,0.0
product.Yield.managed.PLC,16,160,10.0,0.0,10000.0,1.0,1.0,2.257999897003174,0.0
product.Yield.managed.PLC,17,170,10.0,0.0,10000.0,1.0,1.0,10.487000465393066,0.0
product.Yield.managed.PLC,18,180,10.0,0.0,10000.0,1.0,1.0,5.936999797821045,0.0
product.Yield.managed.PLC,19,190,10.0,0.0,10000.0,1.0,1.0,7.828999996185303,0.0
product.Yield.managed.PLC,20,200,10.0,0.0,10000.0,1.0,1.0,34.10200119018555,0.0
product.Yield.managed.PLC,21,210,10.0,0.0,10000.0,1.0,1.0,27.552000045776367,0.0
product.Yield.managed.PLC,22,220,10.0,0.0,10000.0,1.0,1.0,43.21500015258789,0.0
product.Yield.managed.PLC,23,230,10.0,0.0,10000.0,1.0,1.0,15.315999984741211,0.0
product.Yield.managed.PLC,24,240,10.0,0.0,10000.0,1.0,1.0,1.6239999532699585,0.0
product.Yield.managed.PLC,25,250,10.0,0.0,10000.0,1.0,1.0,0.38100001215934753,0.0
product.Yield.managed.PLC,26,260,10.0,0.0,10000.0,1.0,1.0,5.00600004196167,0.0
product.Yield.managed.PLC,27,270,10.0,0.0,10000.0,1.0,1.0,24.757999420166016,0.0
product.Yield.managed.PLC,28,280,10.0,0.0,10000.0,1.0,1.0,23.812999725341797,0.0
product.Yield.managed.PLC,29,290,10.0,0.0,10000.0,1.0,1.0,0.0,0.0
product.Yield.managed.PLC,30,300,10.0,0.0,10000.0,1.0,1.0,10.725000381469727,0.0
