TARGET,PERIOD,YEAR,PERIODWIDTH,MINIMUM,MAXIMUM,MINWEIGHT,MAXWEIGHT,CURRENT,SUMMARY
product.Yield.managed.FDC,0,0,10.0,0.0,10000.0,1.0,1.0,0.0,0.0
product.Yield.managed.FDC,1,10,10.0,0.0,10000.0,1.0,1.0,26405.216796875,0.0
product.Yield.managed.FDC,2,20,10.0,0.0,10000.0,1.0,1.0,21618.765625,0.0
product.Yield.managed.FDC,3,30,10.0,0.0,10000.0,1.0,1.0,36318.45703125,0.0
product.Yield.managed.FDC,4,40,10.0,0.0,10000.0,1.0,1.0,17483.49609375,0.0
product.Yield.managed.FDC,5,50,10.0,0.0,10000.0,1.0,1.0,36159.5390625,0.0
product.Yield.managed.FDC,6,60,10.0,0.0,10000.0,1.0,1.0,24255.384765625,0.0
product.Yield.managed.FDC,7,70,10.0,0.0,10000.0,1.0,1.0,38398.01953125,0.0
product.Yield.managed.FDC,8,80,10.0,0.0,10000.0,1.0,1.0,30006.30859375,0.0
product.Yield.managed.FDC,9,90,10.0,0.0,10000.0,1.0,1.0,33118.59765625,0.0
product.Yield.managed.FDC,10,100,10.0,0.0,10000.0,1.0,1.0,20674.486328125,0.0
product.Yield.managed.FDC,11,110,10.0,0.0,10000.0,1.0,1.0,24405.49609375,0.0
product.Yield.managed.FDC,12,120,10.0,0.0,10000.0,1.0,1.0,33537.1015625,0.0
product.Yield.managed.FDC,13,130,10.0,0.0,10000.0,1.0,1.0,28729.76171875,0.0
product.Yield.managed.FDC,14,140,10.0,0.0,10000.0,1.0,1.0,20981.0234375,0.0
product.Yield.managed.FDC,15,150,10.0,0.0,10000.0,1.0,1.0,46711.36328125,0.0
product.Yield.managed.FDC,16,160,10.0,0.0,10000.0,1.0,1.0,30824.71484375,0.0
product.Yield.managed.FDC,17,170,10.0,0.0,10000.0,1.0,1.0,41580.765625,0.0
product.Yield.managed.FDC,18,180,10.0,0.0,10000.0,1.0,1.0,27869.76171875,0.0
product.Yield.managed.FDC,19,190,10.0,0.0,10000.0,1.0,1.0,14698.7265625,0.0
product.Yield.managed.FDC,20,200,10.0,0.0,10000.0,1.0,1.0,23176.84375,0.0
product.Yield.managed.FDC,21,210,10.0,0.0,10000.0,1.0,1.0,30351.6171875,0.0
product.Yield.managed.FDC,22,220,10.0,0.0,10000.0,1.0,1.0,25124.326171875,0.0
product.Yield.managed.FDC,23,230,10.0,0.0,10000.0,1.0,1.0,30716.302734375,0.0
product.Yield.managed.FDC,24,240,10.0,0.0,10000.0,1.0,1.0,19946.46875,0.0
product.Yield.managed.FDC,25,250,10.0,0.0,10000.0,1.0,1.0,34247.11328125,0.0
product.Yield.managed.FDC,26,260,10.0,0.0,10000.0,1.0,1.0,25790.962890625,0.0
product.Yield.managed.FDC,27,270,10.0,0.0,10000.0,1.0,1.0,17353.4453125,0.0
product.Yield.managed.FDC,28,280,10.0,0.0,10000.0,1.0,1.0,21995.05859375,0.0
product.Yield.managed.FDC,29,290,10.0,0.0,10000.0,1.0,1.0,24484.748046875,0.0
product.Yield.managed.FDC,30,300,10.0,0.0,10000.0,1.0,1.0,28844.6015625,0.0
