TARGET,PERIOD,YEAR,PERIODWIDTH,MINIMUM,MAXIMUM,MINWEIGHT,MAXWEIGHT,CURRENT,SUMMARY
product.Yield.managed.CW,0,0,10.0,0.0,10000.0,1.0,1.0,0.0,0.0
product.Yield.managed.CW,1,10,10.0,0.0,10000.0,1.0,1.0,15837.3486328125,0.0
product.Yield.managed.CW,2,20,10.0,0.0,10000.0,1.0,1.0,11055.015625,0.0
product.Yield.managed.CW,3,30,10.0,0.0,10000.0,1.0,1.0,16166.5244140625,0.0
product.Yield.managed.CW,4,40,10.0,0.0,10000.0,1.0,1.0,17666.98046875,0.0
product.Yield.managed.CW,5,50,10.0,0.0,10000.0,1.0,1.0,14373.1201171875,0.0
product.Yield.managed.CW,6,60,10.0,0.0,10000.0,1.0,1.0,18689.32421875,0.0
product.Yield.managed.CW,7,70,10.0,0.0,10000.0,1.0,1.0,18241.77734375,0.0
product.Yield.managed.CW,8,80,10.0,0.0,10000.0,1.0,1.0,14984.369140625,0.0
product.Yield.managed.CW,9,90,10.0,0.0,10000.0,1.0,1.0,18202.10546875,0.0
product.Yield.managed.CW,10,100,10.0,0.0,10000.0,1.0,1.0,12732.654296875,0.0
product.Yield.managed.CW,11,110,10.0,0.0,10000.0,1.0,1.0,16770.755859375,0.0
product.Yield.managed.CW,12,120,10.0,0.0,10000.0,1.0,1.0,16822.859375,0.0
product.Yield.managed.CW,13,130,10.0,0.0,10000.0,1.0,1.0,15941.3369140625,0.0
product.Yield.managed.CW,14,140,10.0,0.0,10000.0,1.0,1.0,18406.20703125,0.0
product.Yield.managed.CW,15,150,10.0,0.0,10000.0,1.0,1.0,15411.046875,0.0
product.Yield.managed.CW,16,160,10.0,0.0,10000.0,1.0,1.0,16318.6748046875,0.0
product.Yield.managed.CW,17,170,10.0,0.0,10000.0,1.0,1.0,17813.06640625,0.0
product.Yield.managed.CW,18,180,10.0,0.0,10000.0,1.0,1.0,17035.794921875,0.0
product.Yield.managed.CW,19,190,10.0,0.0,10000.0,1.0,1.0,18557.96875,0.0
product.Yield.managed.CW,20,200,10.0,0.0,10000.0,1.0,1.0,16509.08203125,0.0
product.Yield.managed.CW,21,210,10.0,0.0,10000.0,1.0,1.0,17117.162109375,0.0
product.Yield.managed.CW,22,220,10.0,0.0,10000.0,1.0,1.0,17827.978515625,0.0
product.Yield.managed.CW,23,230,10.0,0.0,10000.0,1.0,1.0,18898.7578125,0.0
product.Yield.managed.CW,24,240,10.0,0.0,10000.0,1.0,1.0,17131.884765625,0.0
product.Yield.managed.CW,25,250,10.0,0.0,10000.0,1.0,1.0,18169.8203125,0.0
product.Yield.managed.CW,26,260,10.0,0.0,10000.0,1.0,1.0,16884.279296875,0.0
product.Yield.managed.CW,27,270,10.0,0.0,10000.0,1.0,1.0,17681.80078125,0.0
product.Yield.managed.CW,28,280,10.0,0.0,10000.0,1.0,1.0,17620.609375,0.0
product.Yield.managed.CW,29,290,10.0,0.0,10000.0,1.0,1.0,16637.392578125,0.0
product.Yield.managed.CW,30,300,10.0,0.0,10000.0,1.0,1.0,16846.1328125,0.0
