TARGET,PERIOD,YEAR,PERIODWIDTH,MINIMUM,MAXIMUM,MINWEIGHT,MAXWEIGHT,CURRENT,SUMMARY
product.Yield.managed.HW,0,0,10.0,0.0,10000.0,1.0,1.0,0.0,0.0
product.Yield.managed.HW,1,10,10.0,0.0,10000.0,1.0,1.0,58225.73046875,0.0
product.Yield.managed.HW,2,20,10.0,0.0,10000.0,1.0,1.0,61645.13671875,0.0
product.Yield.managed.HW,3,30,10.0,0.0,10000.0,1.0,1.0,37675.9921875,0.0
product.Yield.managed.HW,4,40,10.0,0.0,10000.0,1.0,1.0,49615.8203125,0.0
product.Yield.managed.HW,5,50,10.0,0.0,10000.0,1.0,1.0,43184.12109375,0.0
product.Yield.managed.HW,6,60,10.0,0.0,10000.0,1.0,1.0,54216.109375,0.0
product.Yield.managed.HW,7,70,10.0,0.0,10000.0,1.0,1.0,38998.2734375,0.0
product.Yield.managed.HW,8,80,10.0,0.0,10000.0,1.0,1.0,46839.48046875,0.0
product.Yield.managed.HW,9,90,10.0,0.0,10000.0,1.0,1.0,64108.7265625,0.0
product.Yield.managed.HW,10,100,10.0,0.0,10000.0,1.0,1.0,47268.5703125,0.0
product.Yield.managed.HW,11,110,10.0,0.0,10000.0,1.0,1.0,51306.69140625,0.0
product.Yield.managed.HW,12,120,10.0,0.0,10000.0,1.0,1.0,48198.0078125,0.0
product.Yield.managed.HW,13,130,10.0,0.0,10000.0,1.0,1.0,47494.34765625,0.0
product.Yield.managed.HW,14,140,10.0,0.0,10000.0,1.0,1.0,54270.8671875,0.0
product.Yield.managed.HW,15,150,10.0,0.0,10000.0,1.0,1.0,31801.9921875,0.0
product.Yield.managed.HW,16,160,10.0,0.0,10000.0,1.0,1.0,40322.1328125,0.0
product.Yield.managed.HW,17,170,10.0,0.0,10000.0,1.0,1.0,58416.39453125,0.0
product.Yield.managed.HW,18,180,10.0,0.0,10000.0,1.0,1.0,49207.015625,0.0
product.Yield.managed.HW,19,190,10.0,0.0,10000.0,1.0,1.0,63722.90625,0.0
product.Yield.managed.HW,20,200,10.0,0.0,10000.0,1.0,1.0,46071.3203125,0.0
product.Yield.managed.HW,21,210,10.0,0.0,10000.0,1.0,1.0,46353.4609375,0.0
product.Yield.managed.HW,22,220,10.0,0.0,10000.0,1.0,1.0,52276.52734375,0.0
product.Yield.managed.HW,23,230,10.0,0.0,10000.0,1.0,1.0,64080.18359375,0.0
product.Yield.managed.HW,24,240,10.0,0.0,10000.0,1.0,1.0,46403.24609375,0.0
product.Yield.managed.HW,25,250,10.0,0.0,10000.0,1.0,1.0,55764.65234375,0.0
product.Yield.managed.HW,26,260,10.0,0.0,10000.0,1.0,1.0,45024.76171875,0.0
product.Yield.managed.HW,27,270,10.0,0.0,10000.0,1.0,1.0,52229.50390625,0.0
product.Yield.managed.HW,28,280,10.0,0.0,10000.0,1.0,1.0,54087.65625,0.0
product.Yield.managed.HW,29,290,10.0,0.0,10000.0,1.0,1.0,41934.7265625,0.0
product.Yield.managed.HW,30,300,10.0,0.0,10000.0,1.0,1.0,49014.36328125,0.0
