TARGET,PERIOD,YEAR,PERIODWIDTH,MINIMUM,MAXIMUM,MINWEIGHT,MAXWEIGHT,CURRENT,SUMMARY
product.Yield.managed.YC,0,0,10.0,0.0,10000.0,1.0,1.0,0.0,0.0
product.Yield.managed.YC,1,10,10.0,0.0,10000.0,1.0,1.0,388.6719970703125,0.0
product.Yield.managed.YC,2,20,10.0,0.0,10000.0,1.0,1.0,6.114999771118164,0.0
product.Yield.managed.YC,3,30,10.0,0.0,10000.0,1.0,1.0,0.0,0.0
product.Yield.managed.YC,4,40,10.0,0.0,10000.0,1.0,1.0,0.0,0.0
product.Yield.managed.YC,5,50,10.0,0.0,10000.0,1.0,1.0,12.282999992370605,0.0
product.Yield.managed.YC,6,60,10.0,0.0,10000.0,1.0,1.0,103.5739974975586,0.0
product.Yield.managed.YC,7,70,10.0,0.0,10000.0,1.0,1.0,203.15899658203125,0.0
product.Yield.managed.YC,8,80,10.0,0.0,10000.0,1.0,1.0,104.5979995727539,0.0
product.Yield.managed.YC,9,90,10.0,0.0,10000.0,1.0,1.0,133.4040069580078,0.0
product.Yield.managed.YC,10,100,10.0,0.0,10000.0,1.0,1.0,13.944000244140625,0.0
product.Yield.managed.YC,11,110,10.0,0.0,10000.0,1.0,1.0,88.99400329589844,0.0
product.Yield.managed.YC,12,120,10.0,0.0,10000.0,1.0,1.0,98.72699737548828,0.0
product.Yield.managed.YC,13,130,10.0,0.0,10000.0,1.0,1.0,0.039000000804662704,0.0
product.Yield.managed.YC,14,140,10.0,0.0,10000.0,1.0,1.0,62.67900085449219,0.0
product.Yield.managed.YC,15,150,10.0,0.0,10000.0,1.0,1.0,42.92100143432617,0.0
product.Yield.managed.YC,16,160,10.0,0.0,10000.0,1.0,1.0,11.623000144958496,0.0
product.Yield.managed.YC,17,170,10.0,0.0,10000.0,1.0,1.0,50.6349983215332,0.0
product.Yield.managed.YC,18,180,10.0,0.0,10000.0,1.0,1.0,29.42300033569336,0.0
product.Yield.managed.YC,19,190,10.0,0.0,10000.0,1.0,1.0,37.98699951171875,0.0
product.Yield.managed.YC,20,200,10.0,0.0,10000.0,1.0,1.0,170.97300720214844,0.0
product.Yield.managed.YC,21,210,10.0,0.0,10000.0,1.0,1.0,139.8979949951172,0.0
product.Yield.managed.YC,22,220,10.0,0.0,10000.0,1.0,1.0,216.86300659179688,0.0
product.Yield.managed.YC,23,230,10.0,0.0,10000.0,1.0,1.0,76.54399871826172,0.0
product.Yield.managed.YC,24,240,10.0,0.0,10000.0,1.0,1.0,8.32699966430664,0.0
product.Yield.managed.YC,25,250,10.0,0.0,10000.0,1.0,1.0,1.9739999771118164,0.0
product.Yield.managed.YC,26,260,10.0,0.0,10000.0,1.0,1.0,25.854999542236328,0.0
product.Yield.managed.YC,27,270,10.0,0.0,10000.0,1.0,1.0,123.5250015258789,0.0
product.Yield.managed.YC,28,280,10.0,0.0,10000.0,1.0,1.0,122.7249984741211,0.0
product.Yield.managed.YC,29,290,10.0,0.0,10000.0,1.0,1.0,0.0,0.0
product.Yield.managed.YC,30,300,10.0,0.0,10000.0,1.0,1.0,55.91699981689453,0.0
