TARGET,PERIOD,YEAR,PERIODWIDTH,MINIMUM,MAXIMUM,MINWEIGHT,MAXWEIGHT,CURRENT,SUMMARY
product.Yield.managed.FDC,0,0,10.0,0.0,10000.0,1.0,1.0,0.0,0.0
product.Yield.managed.FDC,1,10,10.0,0.0,10000.0,1.0,1.0,23393.9609375,0.0
product.Yield.managed.FDC,2,20,10.0,0.0,10000.0,1.0,1.0,24224.05859375,0.0
product.Yield.managed.FDC,3,30,10.0,0.0,10000.0,1.0,1.0,44168.02734375,0.0
product.Yield.managed.FDC,4,40,10.0,0.0,10000.0,1.0,1.0,32169.17578125,0.0
product.Yield.managed.FDC,5,50,10.0,0.0,10000.0,1.0,1.0,34933.5390625,0.0
product.Yield.managed.FDC,6,60,10.0,0.0,10000.0,1.0,1.0,23446.5546875,0.0
product.Yield.managed.FDC,7,70,10.0,0.0,10000.0,1.0,1.0,38421.625,0.0
product.Yield.managed.FDC,8,80,10.0,0.0,10000.0,1.0,1.0,34607.6484375,0.0
product.Yield.managed.FDC,9,90,10.0,0.0,10000.0,1.0,1.0,15635.0322265625,0.0
product.Yield.managed.FDC,10,100,10.0,0.0,10000.0,1.0,1.0,36025.63671875,0.0
product.Yield.managed.FDC,11,110,10.0,0.0,10000.0,1.0,1.0,29066.435546875,0.0
product.Yield.managed.FDC,12,120,10.0,0.0,10000.0,1.0,1.0,32973.89453125,0.0
product.Yield.managed.FDC,13,130,10.0,0.0,10000.0,1.0,1.0,31409.900390625,0.0
product.Yield.managed.FDC,14,140,10.0,0.0,10000.0,1.0,1.0,24354.87109375,0.0
product.Yield.managed.FDC,15,150,10.0,0.0,10000.0,1.0,1.0,50766.921875,0.0
product.Yield.managed.FDC,16,160,10.0,0.0,10000.0,1.0,1.0,40741.25390625,0.0
product.Yield.managed.FDC,17,170,10.0,0.0,10000.0,1.0,1.0,21161.630859375,0.0
product.Yield.managed.FDC,18,180,10.0,0.0,10000.0,1.0,1.0,29905.03125,0.0
product.Yield.managed.FDC,19,190,10.0,0.0,10000.0,1.0,1.0,13710.072265625,0.0
product.Yield.managed.FDC,20,200,10.0,0.0,10000.0,1.0,1.0,32716.103515625,0.0
product.Yield.managed.FDC,21,210,10.0,0.0,10000.0,1.0,1.0,34442.9140625,0.0
product.Yield.managed.FDC,22,220,10.0,0.0,10000.0,1.0,1.0,25717.365234375,0.0
product.Yield.managed.FDC,23,230,10.0,0.0,10000.0,1.0,1.0,11373.3525390625,0.0
product.Yield.managed.FDC,24,240,10.0,0.0,10000.0,1.0,1.0,34451.88671875,0.0
product.Yield.managed.FDC,25,250,10.0,0.0,10000.0,1.0,1.0,24062.001953125,0.0
product.Yield.managed.FDC,26,260,10.0,0.0,10000.0,1.0,1.0,35634.2109375,0.0
product.Yield.managed.FDC,27,270,10.0,0.0,10000.0,1.0,1.0,27542.248046875,0.0
product.Yield.managed.FDC,28,280,10.0,0.0,10000.0,1.0,1.0,24610.640625,0.0
product.Yield.managed.FDC,29,290,10.0,0.0,10000.0,1.0,1.0,39424.05859375,0.0
product.Yield.managed.FDC,30,300,10.0,0.0,10000.0,1.0,1.0,29191.04296875,0.0
