TARGET,PERIOD,YEAR,PERIODWIDTH,MINIMUM,MAXIMUM,MINWEIGHT,MAXWEIGHT,CURRENT,SUMMARY
product.Yield.managed.DR,0,0,10.0,0.0,10000.0,1.0,1.0,0.0,0.0
product.Yield.managed.DR,1,10,10.0,0.0,10000.0,1.0,1.0,1173.7779541015625,0.0
product.Yield.managed.DR,2,20,10.0,0.0,10000.0,1.0,1.0,1136.217041015625,0.0
product.Yield.managed.DR,3,30,10.0,0.0,10000.0,1.0,1.0,1549.47802734375,0.0
product.Yield.managed.DR,4,40,10.0,0.0,10000.0,1.0,1.0,2268.97412109375,0.0
product.Yield.managed.DR,5,50,10.0,0.0,10000.0,1.0,1.0,1957.530029296875,0.0
product.Yield.managed.DR,6,60,10.0,0.0,10000.0,1.0,1.0,2032.676025390625,0.0
product.Yield.managed.DR,7,70,10.0,0.0,10000.0,1.0,1.0,5312.1181640625,0.0
product.Yield.managed.DR,8,80,10.0,0.0,10000.0,1.0,1.0,3283.987060546875,0.0
product.Yield.managed.DR,9,90,10.0,0.0,10000.0,1.0,1.0,1600.5250244140625,0.0
product.Yield.managed.DR,10,100,10.0,0.0,10000.0,1.0,1.0,2499.409912109375,0.0
product.Yield.managed.DR,11,110,10.0,0.0,10000.0,1.0,1.0,1338.969970703125,0.0
product.Yield.managed.DR,12,120,10.0,0.0,10000.0,1.0,1.0,1449.2989501953125,0.0
product.Yield.managed.DR,13,130,10.0,0.0,10000.0,1.0,1.0,2012.3179931640625,0.0
product.Yield.managed.DR,14,140,10.0,0.0,10000.0,1.0,1.0,1611.531005859375,0.0
product.Yield.managed.DR,15,150,10.0,0.0,10000.0,1.0,1.0,1602.0999755859375,0.0
product.Yield.managed.DR,16,160,10.0,0.0,10000.0,1.0,1.0,2294.241943359375,0.0
product.Yield.managed.DR,17,170,10.0,0.0,10000.0,1.0,1.0,1640.1510009765625,0.0
product.Yield.managed.DR,18,180,10.0,0.0,10000.0,1.0,1.0,2784.5810546875,0.0
product.Yield.managed.DR,19,190,10.0,0.0,10000.0,1.0,1.0,4000.4580078125,0.0
product.Yield.managed.DR,20,200,10.0,0.0,10000.0,1.0,1.0,1534.3160400390625,0.0
product.Yield.managed.DR,21,210,10.0,0.0,10000.0,1.0,1.0,1427.7989501953125,0.0
product.Yield.managed.DR,22,220,10.0,0.0,10000.0,1.0,1.0,3346.47998046875,0.0
product.Yield.managed.DR,23,230,10.0,0.0,10000.0,1.0,1.0,1323.2110595703125,0.0
product.Yield.managed.DR,24,240,10.0,0.0,10000.0,1.0,1.0,3364.195068359375,0.0
product.Yield.managed.DR,25,250,10.0,0.0,10000.0,1.0,1.0,1503.9139404296875,0.0
product.Yield.managed.DR,26,260,10.0,0.0,10000.0,1.0,1.0,1934.7569580078125,0.0
product.Yield.managed.DR,27,270,10.0,0.0,10000.0,1.0,1.0,1842.3819580078125,0.0
product.Yield.managed.DR,28,280,10.0,0.0,10000.0,1.0,1.0,1555.614990234375,0.0
product.Yield.managed.DR,29,290,10.0,0.0,10000.0,1.0,1.0,4623.0419921875,0.0
product.Yield.managed.DR,30,300,10.0,0.0,10000.0,1.0,1.0,1331.1259765625,0.0
