TARGET,PERIOD,YEAR,PERIODWIDTH,MINIMUM,MAXIMUM,MINWEIGHT,MAXWEIGHT,CURRENT,SUMMARY
product.Yield.managed.DR,0,0,10.0,0.0,10000.0,1.0,1.0,0.0,0.0
product.Yield.managed.DR,1,10,10.0,0.0,10000.0,1.0,1.0,1046.6510009765625,0.0
product.Yield.managed.DR,2,20,10.0,0.0,10000.0,1.0,1.0,1405.2349853515625,0.0
product.Yield.managed.DR,3,30,10.0,0.0,10000.0,1.0,1.0,1609.5670166015625,0.0
product.Yield.managed.DR,4,40,10.0,0.0,10000.0,1.0,1.0,1633.8079833984375,0.0
product.Yield.managed.DR,5,50,10.0,0.0,10000.0,1.0,1.0,2404.408935546875,0.0
product.Yield.managed.DR,6,60,10.0,0.0,10000.0,1.0,1.0,2975.094970703125,0.0
product.Yield.managed.DR,7,70,10.0,0.0,10000.0,1.0,1.0,3437.656982421875,0.0
product.Yield.managed.DR,8,80,10.0,0.0,10000.0,1.0,1.0,2976.18798828125,0.0
product.Yield.managed.DR,9,90,10.0,0.0,10000.0,1.0,1.0,1430.56005859375,0.0
product.Yield.managed.DR,10,100,10.0,0.0,10000.0,1.0,1.0,3486.117919921875,0.0
product.Yield.managed.DR,11,110,10.0,0.0,10000.0,1.0,1.0,1340.3060302734375,0.0
product.Yield.managed.DR,12,120,10.0,0.0,10000.0,1.0,1.0,1472.6080322265625,0.0
product.Yield.managed.DR,13,130,10.0,0.0,10000.0,1.0,1.0,1977.031982421875,0.0
product.Yield.managed.DR,14,140,10.0,0.0,10000.0,1.0,1.0,1628.7330322265625,0.0
product.Yield.managed.DR,15,150,10.0,0.0,10000.0,1.0,1.0,1549.4599609375,0.0
product.Yield.managed.DR,16,160,10.0,0.0,10000.0,1.0,1.0,2175.361083984375,0.0
product.Yield.managed.DR,17,170,10.0,0.0,10000.0,1.0,1.0,1797.2969970703125,0.0
product.Yield.managed.DR,18,180,10.0,0.0,10000.0,1.0,1.0,3312.571044921875,0.0
product.Yield.managed.DR,19,190,10.0,0.0,10000.0,1.0,1.0,3979.366943359375,0.0
product.Yield.managed.DR,20,200,10.0,0.0,10000.0,1.0,1.0,3846.739013671875,0.0
product.Yield.managed.DR,21,210,10.0,0.0,10000.0,1.0,1.0,1411.1669921875,0.0
product.Yield.managed.DR,22,220,10.0,0.0,10000.0,1.0,1.0,1168.824951171875,0.0
product.Yield.managed.DR,23,230,10.0,0.0,10000.0,1.0,1.0,1894.802978515625,0.0
product.Yield.managed.DR,24,240,10.0,0.0,10000.0,1.0,1.0,1599.47802734375,0.0
product.Yield.managed.DR,25,250,10.0,0.0,10000.0,1.0,1.0,1605.843994140625,0.0
product.Yield.managed.DR,26,260,10.0,0.0,10000.0,1.0,1.0,1994.7459716796875,0.0
product.Yield.managed.DR,27,270,10.0,0.0,10000.0,1.0,1.0,1701.2550048828125,0.0
product.Yield.managed.DR,28,280,10.0,0.0,10000.0,1.0,1.0,2972.9580078125,0.0
product.Yield.managed.DR,29,290,10.0,0.0,10000.0,1.0,1.0,1608.967041015625,0.0
product.Yield.managed.DR,30,300,10.0,0.0,10000.0,1.0,1.0,3458.660888671875,0.0
