TARGET,PERIOD,YEAR,PERIODWIDTH,MINIMUM,MAXIMUM,MINWEIGHT,MAXWEIGHT,CURRENT,SUMMARY
product.Treated.managed.F1,0,0,10.0,0.0,10000.0,1.0,1.0,0.0,0.0
product.Treated.managed.F1,1,10,10.0,0.0,10000.0,1.0,1.0,0.0,0.0
product.Treated.managed.F1,2,20,10.0,0.0,10000.0,1.0,1.0,0.0,0.0
product.Treated.managed.F1,3,30,10.0,0.0,10000.0,1.0,1.0,0.3880000114440918,0.0
product.Treated.managed.F1,4,40,10.0,0.0,10000.0,1.0,1.0,0.0,0.0
product.Treated.managed.F1,5,50,10.0,0.0,10000.0,1.0,1.0,0.0,0.0
product.Treated.managed.F1,6,60,10.0,0.0,10000.0,1.0,1.0,3.256999969482422,0.0
product.Treated.managed.F1,7,70,10.0,0.0,10000.0,1.0,1.0,15.484999656677246,0.0
product.Treated.managed.F1,8,80,10.0,0.0,10000.0,1.0,1.0,1.9019999504089355,0.0
product.Treated.managed.F1,9,90,10.0,0.0,10000.0,1.0,1.0,0.06300000101327896,0.0
product.Treated.managed.F1,10,100,10.0,0.0,10000.0,1.0,1.0,38.268001556396484,0.0
product.Treated.managed.F1,11,110,10.0,0.0,10000.0,1.0,1.0,0.0,0.0
product.Treated.managed.F1,12,120,10.0,0.0,10000.0,1.0,1.0,12.543000221252441,0.0
product.Treated.managed.F1,13,130,10.0,0.0,10000.0,1.0,1.0,10.939000129699707,0.0
product.Treated.managed.F1,14,140,10.0,0.0,10000.0,1.0,1.0,5.382999897003174,0.0
product.Treated.managed.F1,15,150,10.0,0.0,10000.0,1.0,1.0,6.416999816894531,0.0
product.Treated.managed.F1,16,160,10.0,0.0,10000.0,1.0,1.0,0.0,0.0
product.Treated.managed.F1,17,170,10.0,0.0,10000.0,1.0,1.0,0.0,0.0
product.Treated.managed.F1,18,180,10.0,0.0,10000.0,1.0,1.0,38.268001556396484,0.0
product.Treated.managed.F1,19,190,10.0,0.0,10000.0,1.0,1.0,6.796000003814697,0.0
product.Treated.managed.F1,20,200,10.0,0.0,10000.0,1.0,1.0,0.0,0.0
product.Treated.managed.F1,21,210,10.0,0.0,10000.0,1.0,1.0,0.0,0.0
product.Treated.managed.F1,22,220,10.0,0.0,10000.0,1.0,1.0,0.0,0.0
product.Treated.managed.F1,23,230,10.0,0.0,10000.0,1.0,1.0,0.0,0.0
product.Treated.managed.F1,24,240,10.0,0.0,10000.0,1.0,1.0,0.0,0.0
product.Treated.managed.F1,25,250,10.0,0.0,10000.0,1.0,1.0,0.0,0.0
product.Treated.managed.F1,26,260,10.0,0.0,10000.0,1.0,1.0,0.0,0.0
product.Treated.managed.F1,27,270,10.0,0.0,10000.0,1.0,1.0,0.0,0.0
product.Treated.managed.F1,28,280,10.0,0.0,10000.0,1.0,1.0,0.0,0.0
product.Treated.managed.F1,29,290,10.0,0.0,10000.0,1.0,1.0,0.0,0.0
product.Treated.managed.F1,30,300,10.0,0.0,10000.0,1.0,1.0,12.776000022888184,0.0
