TARGET,Period 1,Period 2,Period 3,Period 4,Period 5,Period 6,Period 7,Period 8,Period 9,Period 10,Period 11,Period 12,Period 13,Period 14,Period 15,Period 16,Period 17,Period 18,Period 19,Period 20,Period 21,Period 22,Period 23,Period 24,Period 25,Period 26,Period 27,Period 28,Period 29,Period 30
feature.Yield.managed.Total,0.0,0.0,0.0,0.0,0.0,0.0,0.0,0.0,0.0,0.0,0.0,0.0,0.0,0.0,0.0,0.0,0.0,0.0,0.0,0.0,0.0,0.0,0.0,0.0,0.0,0.0,0.0,0.0,550.375,2500.65625
flow.even.product.Yield.managed.Total,0.010999999940395355,0.328000009059906,0.0,1.4700000286102295,0.7310000061988831,0.014000000432133675,0.017999999225139618,0.18299999833106995,0.026000000536441803,0.010999999940395355,0.004000000189989805,0.041999999433755875,0.004999999888241291,0.017000000923871994,0.013000000268220901,0.019999999552965164,0.01899999938905239,0.020999999716877937,0.5389999747276306,0.017000000923871994,0.017999999225139618,0.020999999716877937,0.017999999225139618,0.02199999988079071,0.01899999938905239,0.013000000268220901,0.0020000000949949026,0.013000000268220901,0.014999999664723873,0.0
product.Treated.managed.CT,19.611999988555908,20.0,20.0,20.0,5.199999809265137,5.463000297546387,0.0,0.4160003662109375,0.0,4.822999954223633,1.989999771118164,3.9430007934570312,19.611999988555908,0.37400054931640625,0.0,0.0,0.0,0.4610004425048828,3.538999557495117,18.610999941825867,0.7159996032714844,1.6240005493164062,20.0,0.0,0.0,1.1609992980957031,14.617000102996826,4.810999870300293,4.899999618530273,0.0
product.Yield.managed.Total,10.3203125,350.7421875,22.484375,1492.9140625,754.1171875,7.4765625,4.15625,206.046875,48.359375,33.8046875,27.03125,64.640625,16.6640625,4.9453125,8.9296875,2.0546875,2.859375,0.3671875,561.7734375,4.3984375,3.6640625,0.46875,3.4765625,0.140625,3.171875,8.578125,24.9609375,8.9765625,6.9375,22.28125
