TARGET,PERIOD,YEAR,PERIODWIDTH,MINIMUM,MAXIMUM,MINWEIGHT,MAXWEIGHT,CURRENT,SUMMARY
feature.Yield.unmanaged.FDC,0,0,10.0,0.0,10000.0,1.0,1.0,43663.0703125,0.0
feature.Yield.unmanaged.FDC,1,10,10.0,0.0,10000.0,1.0,1.0,52933.86328125,0.0
feature.Yield.unmanaged.FDC,2,20,10.0,0.0,10000.0,1.0,1.0,62036.30859375,0.0
feature.Yield.unmanaged.FDC,3,30,10.0,0.0,10000.0,1.0,1.0,70630.4140625,0.0
feature.Yield.unmanaged.FDC,4,40,10.0,0.0,10000.0,1.0,1.0,78446.4140625,0.0
feature.Yield.unmanaged.FDC,5,50,10.0,0.0,10000.0,1.0,1.0,85321.28125,0.0
feature.Yield.unmanaged.FDC,6,60,10.0,0.0,10000.0,1.0,1.0,91170.375,0.0
feature.Yield.unmanaged.FDC,7,70,10.0,0.0,10000.0,1.0,1.0,95955.625,0.0
feature.Yield.unmanaged.FDC,8,80,10.0,0.0,10000.0,1.0,1.0,99698.0625,0.0
feature.Yield.unmanaged.FDC,9,90,10.0,0.0,10000.0,1.0,1.0,102469.5703125,0.0
feature.Yield.unmanaged.FDC,10,100,10.0,0.0,10000.0,1.0,1.0,104349.0078125,0.0
feature.Yield.unmanaged.FDC,11,110,10.0,0.0,10000.0,1.0,1.0,105442.7109375,0.0
feature.Yield.unmanaged.FDC,12,120,10.0,0.0,10000.0,1.0,1.0,105803.890625,0.0
feature.Yield.unmanaged.FDC,13,130,10.0,0.0,10000.0,1.0,1.0,105488.7578125,0.0
feature.Yield.unmanaged.FDC,14,140,10.0,0.0,10000.0,1.0,1.0,104707.4375,0.0
feature.Yield.unmanaged.FDC,15,150,10.0,0.0,10000.0,1.0,1.0,103829.90625,0.0
feature.Yield.unmanaged.FDC,16,160,10.0,0.0,10000.0,1.0,1.0,103342.9453125,0.0
feature.Yield.unmanaged.FDC,17,170,10.0,0.0,10000.0,1.0,1.0,103181.1875,0.0
feature.Yield.unmanaged.FDC,18,180,10.0,0.0,10000.0,1.0,1.0,102869.6171875,0.0
feature.Yield.unmanaged.FDC,19,190,10.0,0.0,10000.0,1.0,1.0,102424.3046875,0.0
feature.Yield.unmanaged.FDC,20,200,10.0,0.0,10000.0,1.0,1.0,101996.484375,0.0
feature.Yield.unmanaged.FDC,21,210,10.0,0.0,10000.0,1.0,1.0,101585.9609375,0.0
feature.Yield.unmanaged.FDC,22,220,10.0,0.0,10000.0,1.0,1.0,101176.984375,0.0
feature.Yield.unmanaged.FDC,23,230,10.0,0.0,10000.0,1.0,1.0,100773.8828125,0.0
feature.Yield.unmanaged.FDC,24,240,10.0,0.0,10000.0,1.0,1.0,100397.4609375,0.0
feature.Yield.unmanaged.FDC,25,250,10.0,0.0,10000.0,1.0,1.0,100136.640625,0.0
feature.Yield.unmanaged.FDC,26,260,10.0,0.0,10000.0,1.0,1.0,100064.6484375,0.0
feature.Yield.unmanaged.FDC,27,270,10.0,0.0,10000.0,1.0,1.0,100059.5,0.0
feature.Yield.unmanaged.FDC,28,280,10.0,0.0,10000.0,1.0,1.0,100059.5,0.0
feature.Yield.unmanaged.FDC,29,290,10.0,0.0,10000.0,1.0,1.0,100059.5,0.0
feature.Yield.unmanaged.FDC,30,300,10.0,0.0,10000.0,1.0,1.0,100059.5,0.0
