TARGET,PERIOD,YEAR,PERIODWIDTH,MINIMUM,MAXIMUM,MINWEIGHT,MAXWEIGHT,CURRENT,SUMMARY
feature.Seral.mature,0,0,10.0,0.0,10000.0,1.0,1.0,194.47799682617188,0.0
feature.Seral.mature,1,10,10.0,0.0,10000.0,1.0,1.0,147.39999389648438,0.0
feature.Seral.mature,2,20,10.0,0.0,10000.0,1.0,1.0,74.322998046875,0.0
feature.Seral.mature,3,30,10.0,0.0,10000.0,1.0,1.0,43.26900100708008,0.0
feature.Seral.mature,4,40,10.0,0.0,10000.0,1.0,1.0,29.277999877929688,0.0
feature.Seral.mature,5,50,10.0,0.0,10000.0,1.0,1.0,105.89099884033203,0.0
feature.Seral.mature,6,60,10.0,0.0,10000.0,1.0,1.0,216.68899536132812,0.0
feature.Seral.mature,7,70,10.0,0.0,10000.0,1.0,1.0,242.093994140625,0.0
feature.Seral.mature,8,80,10.0,0.0,10000.0,1.0,1.0,255.1179962158203,0.0
feature.Seral.mature,9,90,10.0,0.0,10000.0,1.0,1.0,232.96099853515625,0.0
feature.Seral.mature,10,100,10.0,0.0,10000.0,1.0,1.0,200.53500366210938,0.0
feature.Seral.mature,11,110,10.0,0.0,10000.0,1.0,1.0,110.9010009765625,0.0
feature.Seral.mature,12,120,10.0,0.0,10000.0,1.0,1.0,88.89700317382812,0.0
feature.Seral.mature,13,130,10.0,0.0,10000.0,1.0,1.0,98.56199645996094,0.0
feature.Seral.mature,14,140,10.0,0.0,10000.0,1.0,1.0,84.41400146484375,0.0
feature.Seral.mature,15,150,10.0,0.0,10000.0,1.0,1.0,95.302001953125,0.0
feature.Seral.mature,16,160,10.0,0.0,10000.0,1.0,1.0,45.45100021362305,0.0
feature.Seral.mature,17,170,10.0,0.0,10000.0,1.0,1.0,40.020999908447266,0.0
feature.Seral.mature,18,180,10.0,0.0,10000.0,1.0,1.0,66.01599884033203,0.0
feature.Seral.mature,19,190,10.0,0.0,10000.0,1.0,1.0,58.00199890136719,0.0
feature.Seral.mature,20,200,10.0,0.0,10000.0,1.0,1.0,69.89199829101562,0.0
feature.Seral.mature,21,210,10.0,0.0,10000.0,1.0,1.0,55.525001525878906,0.0
feature.Seral.mature,22,220,10.0,0.0,10000.0,1.0,1.0,25.083999633789062,0.0
feature.Seral.mature,23,230,10.0,0.0,10000.0,1.0,1.0,12.16100025177002,0.0
feature.Seral.mature,24,240,10.0,0.0,10000.0,1.0,1.0,0.7509999871253967,0.0
feature.Seral.mature,25,250,10.0,0.0,10000.0,1.0,1.0,2.246000051498413,0.0
feature.Seral.mature,26,260,10.0,0.0,10000.0,1.0,1.0,0.0,0.0
feature.Seral.mature,27,270,10.0,0.0,10000.0,1.0,1.0,0.0,0.0
feature.Seral.mature,28,280,10.0,0.0,10000.0,1.0,1.0,80.3479995727539,0.0
feature.Seral.mature,29,290,10.0,0.0,10000.0,1.0,1.0,80.3479995727539,0.0
feature.Seral.mature,30,300,10.0,0.0,10000.0,1.0,1.0,80.3479995727539,0.0
