TARGET,PERIOD,YEAR,PERIODWIDTH,MINIMUM,MAXIMUM,MINWEIGHT,MAXWEIGHT,CURRENT,SUMMARY
product.Yield.managed.CW,0,0,10.0,0.0,10000.0,1.0,1.0,0.0,0.0
product.Yield.managed.CW,1,10,10.0,0.0,10000.0,1.0,1.0,13369.53125,0.0
product.Yield.managed.CW,2,20,10.0,0.0,10000.0,1.0,1.0,16968.453125,0.0
product.Yield.managed.CW,3,30,10.0,0.0,10000.0,1.0,1.0,14383.24609375,0.0
product.Yield.managed.CW,4,40,10.0,0.0,10000.0,1.0,1.0,16089.837890625,0.0
product.Yield.managed.CW,5,50,10.0,0.0,10000.0,1.0,1.0,14733.8583984375,0.0
product.Yield.managed.CW,6,60,10.0,0.0,10000.0,1.0,1.0,15474.775390625,0.0
product.Yield.managed.CW,7,70,10.0,0.0,10000.0,1.0,1.0,11591.0166015625,0.0
product.Yield.managed.CW,8,80,10.0,0.0,10000.0,1.0,1.0,17827.89453125,0.0
product.Yield.managed.CW,9,90,10.0,0.0,10000.0,1.0,1.0,17617.0390625,0.0
product.Yield.managed.CW,10,100,10.0,0.0,10000.0,1.0,1.0,17953.1171875,0.0
product.Yield.managed.CW,11,110,10.0,0.0,10000.0,1.0,1.0,19540.3984375,0.0
product.Yield.managed.CW,12,120,10.0,0.0,10000.0,1.0,1.0,17185.224609375,0.0
product.Yield.managed.CW,13,130,10.0,0.0,10000.0,1.0,1.0,16959.705078125,0.0
product.Yield.managed.CW,14,140,10.0,0.0,10000.0,1.0,1.0,18275.36328125,0.0
product.Yield.managed.CW,15,150,10.0,0.0,10000.0,1.0,1.0,15889.056640625,0.0
product.Yield.managed.CW,16,160,10.0,0.0,10000.0,1.0,1.0,17650.041015625,0.0
product.Yield.managed.CW,17,170,10.0,0.0,10000.0,1.0,1.0,16521.662109375,0.0
product.Yield.managed.CW,18,180,10.0,0.0,10000.0,1.0,1.0,17391.115234375,0.0
product.Yield.managed.CW,19,190,10.0,0.0,10000.0,1.0,1.0,18293.919921875,0.0
product.Yield.managed.CW,20,200,10.0,0.0,10000.0,1.0,1.0,18215.466796875,0.0
product.Yield.managed.CW,21,210,10.0,0.0,10000.0,1.0,1.0,17439.890625,0.0
product.Yield.managed.CW,22,220,10.0,0.0,10000.0,1.0,1.0,16315.2001953125,0.0
product.Yield.managed.CW,23,230,10.0,0.0,10000.0,1.0,1.0,17472.12890625,0.0
product.Yield.managed.CW,24,240,10.0,0.0,10000.0,1.0,1.0,17966.05859375,0.0
product.Yield.managed.CW,25,250,10.0,0.0,10000.0,1.0,1.0,17133.12109375,0.0
product.Yield.managed.CW,26,260,10.0,0.0,10000.0,1.0,1.0,17848.515625,0.0
product.Yield.managed.CW,27,270,10.0,0.0,10000.0,1.0,1.0,18700.984375,0.0
product.Yield.managed.CW,28,280,10.0,0.0,10000.0,1.0,1.0,18372.109375,0.0
product.Yield.managed.CW,29,290,10.0,0.0,10000.0,1.0,1.0,17085.22265625,0.0
product.Yield.managed.CW,30,300,10.0,0.0,10000.0,1.0,1.0,17484.83203125,0.0
