TARGET,PERIOD,YEAR,PERIODWIDTH,MINIMUM,MAXIMUM,MINWEIGHT,MAXWEIGHT,CURRENT,SUMMARY
product.Yield.managed.YC,0,0,10.0,0.0,10000.0,1.0,1.0,0.0,0.0
product.Yield.managed.YC,1,10,10.0,0.0,10000.0,1.0,1.0,316.8789978027344,0.0
product.Yield.managed.YC,2,20,10.0,0.0,10000.0,1.0,1.0,163.95199584960938,0.0
product.Yield.managed.YC,3,30,10.0,0.0,10000.0,1.0,1.0,48.137001037597656,0.0
product.Yield.managed.YC,4,40,10.0,0.0,10000.0,1.0,1.0,10.451000213623047,0.0
product.Yield.managed.YC,5,50,10.0,0.0,10000.0,1.0,1.0,61.2859992980957,0.0
product.Yield.managed.YC,6,60,10.0,0.0,10000.0,1.0,1.0,47.47999954223633,0.0
product.Yield.managed.YC,7,70,10.0,0.0,10000.0,1.0,1.0,98.89900207519531,0.0
product.Yield.managed.YC,8,80,10.0,0.0,10000.0,1.0,1.0,182.28199768066406,0.0
product.Yield.managed.YC,9,90,10.0,0.0,10000.0,1.0,1.0,40.0099983215332,0.0
product.Yield.managed.YC,10,100,10.0,0.0,10000.0,1.0,1.0,95.1969985961914,0.0
product.Yield.managed.YC,11,110,10.0,0.0,10000.0,1.0,1.0,169.71600341796875,0.0
product.Yield.managed.YC,12,120,10.0,0.0,10000.0,1.0,1.0,102.96399688720703,0.0
product.Yield.managed.YC,13,130,10.0,0.0,10000.0,1.0,1.0,0.039000000804662704,0.0
product.Yield.managed.YC,14,140,10.0,0.0,10000.0,1.0,1.0,68.38800048828125,0.0
product.Yield.managed.YC,15,150,10.0,0.0,10000.0,1.0,1.0,4.6479997634887695,0.0
product.Yield.managed.YC,16,160,10.0,0.0,10000.0,1.0,1.0,67.52300262451172,0.0
product.Yield.managed.YC,17,170,10.0,0.0,10000.0,1.0,1.0,17.631000518798828,0.0
product.Yield.managed.YC,18,180,10.0,0.0,10000.0,1.0,1.0,20.72800064086914,0.0
product.Yield.managed.YC,19,190,10.0,0.0,10000.0,1.0,1.0,81.42400360107422,0.0
product.Yield.managed.YC,20,200,10.0,0.0,10000.0,1.0,1.0,35.569000244140625,0.0
product.Yield.managed.YC,21,210,10.0,0.0,10000.0,1.0,1.0,161.0070037841797,0.0
product.Yield.managed.YC,22,220,10.0,0.0,10000.0,1.0,1.0,144.66000366210938,0.0
product.Yield.managed.YC,23,230,10.0,0.0,10000.0,1.0,1.0,198.625,0.0
product.Yield.managed.YC,24,240,10.0,0.0,10000.0,1.0,1.0,92.78099822998047,0.0
product.Yield.managed.YC,25,250,10.0,0.0,10000.0,1.0,1.0,71.11699676513672,0.0
product.Yield.managed.YC,26,260,10.0,0.0,10000.0,1.0,1.0,67.40699768066406,0.0
product.Yield.managed.YC,27,270,10.0,0.0,10000.0,1.0,1.0,105.51899719238281,0.0
product.Yield.managed.YC,28,280,10.0,0.0,10000.0,1.0,1.0,38.084999084472656,0.0
product.Yield.managed.YC,29,290,10.0,0.0,10000.0,1.0,1.0,103.5260009765625,0.0
product.Yield.managed.YC,30,300,10.0,0.0,10000.0,1.0,1.0,79.99400329589844,0.0
