TARGET,PERIOD,YEAR,PERIODWIDTH,MINIMUM,MAXIMUM,MINWEIGHT,MAXWEIGHT,CURRENT,SUMMARY
product.Yield.managed.HW,0,0,10.0,0.0,10000.0,1.0,1.0,0.0,0.0
product.Yield.managed.HW,1,10,10.0,0.0,10000.0,1.0,1.0,57798.48828125,0.0
product.Yield.managed.HW,2,20,10.0,0.0,10000.0,1.0,1.0,57610.98046875,0.0
product.Yield.managed.HW,3,30,10.0,0.0,10000.0,1.0,1.0,47171.40234375,0.0
product.Yield.managed.HW,4,40,10.0,0.0,10000.0,1.0,1.0,59202.91015625,0.0
product.Yield.managed.HW,5,50,10.0,0.0,10000.0,1.0,1.0,45693.91796875,0.0
product.Yield.managed.HW,6,60,10.0,0.0,10000.0,1.0,1.0,57649.8671875,0.0
product.Yield.managed.HW,7,70,10.0,0.0,10000.0,1.0,1.0,43650.05078125,0.0
product.Yield.managed.HW,8,80,10.0,0.0,10000.0,1.0,1.0,47926.78515625,0.0
product.Yield.managed.HW,9,90,10.0,0.0,10000.0,1.0,1.0,47099.8515625,0.0
product.Yield.managed.HW,10,100,10.0,0.0,10000.0,1.0,1.0,57238.4765625,0.0
product.Yield.managed.HW,11,110,10.0,0.0,10000.0,1.0,1.0,53710.41015625,0.0
product.Yield.managed.HW,12,120,10.0,0.0,10000.0,1.0,1.0,47084.0703125,0.0
product.Yield.managed.HW,13,130,10.0,0.0,10000.0,1.0,1.0,48760.63671875,0.0
product.Yield.managed.HW,14,140,10.0,0.0,10000.0,1.0,1.0,57766.21484375,0.0
product.Yield.managed.HW,15,150,10.0,0.0,10000.0,1.0,1.0,35312.453125,0.0
product.Yield.managed.HW,16,160,10.0,0.0,10000.0,1.0,1.0,48604.875,0.0
product.Yield.managed.HW,17,170,10.0,0.0,10000.0,1.0,1.0,39749.95703125,0.0
product.Yield.managed.HW,18,180,10.0,0.0,10000.0,1.0,1.0,51369.625,0.0
product.Yield.managed.HW,19,190,10.0,0.0,10000.0,1.0,1.0,62246.890625,0.0
product.Yield.managed.HW,20,200,10.0,0.0,10000.0,1.0,1.0,56393.52734375,0.0
product.Yield.managed.HW,21,210,10.0,0.0,10000.0,1.0,1.0,49754.95703125,0.0
product.Yield.managed.HW,22,220,10.0,0.0,10000.0,1.0,1.0,48964.328125,0.0
product.Yield.managed.HW,23,230,10.0,0.0,10000.0,1.0,1.0,49632.28515625,0.0
product.Yield.managed.HW,24,240,10.0,0.0,10000.0,1.0,1.0,57990.9453125,0.0
product.Yield.managed.HW,25,250,10.0,0.0,10000.0,1.0,1.0,46516.6328125,0.0
product.Yield.managed.HW,26,260,10.0,0.0,10000.0,1.0,1.0,53825.67578125,0.0
product.Yield.managed.HW,27,270,10.0,0.0,10000.0,1.0,1.0,61440.65234375,0.0
product.Yield.managed.HW,28,280,10.0,0.0,10000.0,1.0,1.0,57601.72265625,0.0
product.Yield.managed.HW,29,290,10.0,0.0,10000.0,1.0,1.0,52872.87109375,0.0
product.Yield.managed.HW,30,300,10.0,0.0,10000.0,1.0,1.0,50673.328125,0.0
