TARGET,PERIOD,YEAR,PERIODWIDTH,MINIMUM,MAXIMUM,MINWEIGHT,MAXWEIGHT,CURRENT,SUMMARY
product.Treated.managed.F2,0,0,10.0,0.0,10000.0,1.0,1.0,0.0,0.0
product.Treated.managed.F2,1,10,10.0,0.0,10000.0,1.0,1.0,0.0,0.0
product.Treated.managed.F2,2,20,10.0,0.0,10000.0,1.0,1.0,0.0,0.0
product.Treated.managed.F2,3,30,10.0,0.0,10000.0,1.0,1.0,0.0,0.0
product.Treated.managed.F2,4,40,10.0,0.0,10000.0,1.0,1.0,0.0,0.0
product.Treated.managed.F2,5,50,10.0,0.0,10000.0,1.0,1.0,0.0,0.0
product.Treated.managed.F2,6,60,10.0,0.0,10000.0,1.0,1.0,0.0,0.0
product.Treated.managed.F2,7,70,10.0,0.0,10000.0,1.0,1.0,8.196000099182129,0.0
product.Treated.managed.F2,8,80,10.0,0.0,10000.0,1.0,1.0,0.0,0.0
product.Treated.managed.F2,9,90,10.0,0.0,10000.0,1.0,1.0,0.0,0.0
product.Treated.managed.F2,10,100,10.0,0.0,10000.0,1.0,1.0,0.0,0.0
product.Treated.managed.F2,11,110,10.0,0.0,10000.0,1.0,1.0,1.6230000257492065,0.0
product.Treated.managed.F2,12,120,10.0,0.0,10000.0,1.0,1.0,5.383999824523926,0.0
product.Treated.managed.F2,13,130,10.0,0.0,10000.0,1.0,1.0,14.192000389099121,0.0
product.Treated.managed.F2,14,140,10.0,0.0,10000.0,1.0,1.0,10.673999786376953,0.0
product.Treated.managed.F2,15,150,10.0,0.0,10000.0,1.0,1.0,5.5960001945495605,0.0
product.Treated.managed.F2,16,160,10.0,0.0,10000.0,1.0,1.0,7.432000160217285,0.0
product.Treated.managed.F2,17,170,10.0,0.0,10000.0,1.0,1.0,0.0,0.0
product.Treated.managed.F2,18,180,10.0,0.0,10000.0,1.0,1.0,3.9179999828338623,0.0
product.Treated.managed.F2,19,190,10.0,0.0,10000.0,1.0,1.0,43.32400131225586,0.0
product.Treated.managed.F2,20,200,10.0,0.0,10000.0,1.0,1.0,0.0,0.0
product.Treated.managed.F2,21,210,10.0,0.0,10000.0,1.0,1.0,0.0,0.0
product.Treated.managed.F2,22,220,10.0,0.0,10000.0,1.0,1.0,0.0,0.0
product.Treated.managed.F2,23,230,10.0,0.0,10000.0,1.0,1.0,0.0,0.0
product.Treated.managed.F2,24,240,10.0,0.0,10000.0,1.0,1.0,0.0,0.0
product.Treated.managed.F2,25,250,10.0,0.0,10000.0,1.0,1.0,1.3609999418258667,0.0
product.Treated.managed.F2,26,260,10.0,0.0,10000.0,1.0,1.0,0.0,0.0
product.Treated.managed.F2,27,270,10.0,0.0,10000.0,1.0,1.0,0.0,0.0
product.Treated.managed.F2,28,280,10.0,0.0,10000.0,1.0,1.0,9.60200023651123,0.0
product.Treated.managed.F2,29,290,10.0,0.0,10000.0,1.0,1.0,0.46799999475479126,0.0
product.Treated.managed.F2,30,300,10.0,0.0,10000.0,1.0,1.0,0.0,0.0
