TARGET,PERIOD,YEAR,PERIODWIDTH,MINIMUM,MAXIMUM,MINWEIGHT,MAXWEIGHT,CURRENT,SUMMARY
feature.Yield.managed.BA,0,0,10.0,0.0,10000.0,1.0,1.0,3673.093017578125,0.0
feature.Yield.managed.BA,1,10,10.0,0.0,10000.0,1.0,1.0,3235.096923828125,0.0
feature.Yield.managed.BA,2,20,10.0,0.0,10000.0,1.0,1.0,1551.0469970703125,0.0
feature.Yield.managed.BA,3,30,10.0,0.0,10000.0,1.0,1.0,1570.1390380859375,0.0
feature.Yield.managed.BA,4,40,10.0,0.0,10000.0,1.0,1.0,1703.2509765625,0.0
feature.Yield.managed.BA,5,50,10.0,0.0,10000.0,1.0,1.0,1916.469970703125,0.0
feature.Yield.managed.BA,6,60,10.0,0.0,10000.0,1.0,1.0,2089.05810546875,0.0
feature.Yield.managed.BA,7,70,10.0,0.0,10000.0,1.0,1.0,2070.31298828125,0.0
feature.Yield.managed.BA,8,80,10.0,0.0,10000.0,1.0,1.0,2307.071044921875,0.0
feature.Yield.managed.BA,9,90,10.0,0.0,10000.0,1.0,1.0,2483.97607421875,0.0
feature.Yield.managed.BA,10,100,10.0,0.0,10000.0,1.0,1.0,2685.2099609375,0.0
feature.Yield.managed.BA,11,110,10.0,0.0,10000.0,1.0,1.0,2822.68408203125,0.0
feature.Yield.managed.BA,12,120,10.0,0.0,10000.0,1.0,1.0,2765.4609375,0.0
feature.Yield.managed.BA,13,130,10.0,0.0,10000.0,1.0,1.0,2811.89111328125,0.0
feature.Yield.managed.BA,14,140,10.0,0.0,10000.0,1.0,1.0,2743.010986328125,0.0
feature.Yield.managed.BA,15,150,10.0,0.0,10000.0,1.0,1.0,2571.7958984375,0.0
feature.Yield.managed.BA,16,160,10.0,0.0,10000.0,1.0,1.0,2586.073974609375,0.0
feature.Yield.managed.BA,17,170,10.0,0.0,10000.0,1.0,1.0,2523.238037109375,0.0
feature.Yield.managed.BA,18,180,10.0,0.0,10000.0,1.0,1.0,2618.10888671875,0.0
feature.Yield.managed.BA,19,190,10.0,0.0,10000.0,1.0,1.0,966.7659912109375,0.0
feature.Yield.managed.BA,20,200,10.0,0.0,10000.0,1.0,1.0,1077.5350341796875,0.0
feature.Yield.managed.BA,21,210,10.0,0.0,10000.0,1.0,1.0,1295.4200439453125,0.0
feature.Yield.managed.BA,22,220,10.0,0.0,10000.0,1.0,1.0,1553.2320556640625,0.0
feature.Yield.managed.BA,23,230,10.0,0.0,10000.0,1.0,1.0,1876.490966796875,0.0
feature.Yield.managed.BA,24,240,10.0,0.0,10000.0,1.0,1.0,2110.89208984375,0.0
feature.Yield.managed.BA,25,250,10.0,0.0,10000.0,1.0,1.0,1965.3179931640625,0.0
feature.Yield.managed.BA,26,260,10.0,0.0,10000.0,1.0,1.0,2064.02587890625,0.0
feature.Yield.managed.BA,27,270,10.0,0.0,10000.0,1.0,1.0,2269.297119140625,0.0
feature.Yield.managed.BA,28,280,10.0,0.0,10000.0,1.0,1.0,2419.7919921875,0.0
feature.Yield.managed.BA,29,290,10.0,0.0,10000.0,1.0,1.0,2476.761962890625,0.0
feature.Yield.managed.BA,30,300,10.0,0.0,10000.0,1.0,1.0,948.0349731445312,0.0
