TARGET,PERIOD,YEAR,PERIODWIDTH,MINIMUM,MAXIMUM,MINWEIGHT,MAXWEIGHT,CURRENT,SUMMARY
feature.Yield.managed.SS,0,0,10.0,0.0,10000.0,1.0,1.0,4413.90478515625,0.0
feature.Yield.managed.SS,1,10,10.0,0.0,10000.0,1.0,1.0,5092.8369140625,0.0
feature.Yield.managed.SS,2,20,10.0,0.0,10000.0,1.0,1.0,5725.61376953125,0.0
feature.Yield.managed.SS,3,30,10.0,0.0,10000.0,1.0,1.0,6303.34619140625,0.0
feature.Yield.managed.SS,4,40,10.0,0.0,10000.0,1.0,1.0,6542.76904296875,0.0
feature.Yield.managed.SS,5,50,10.0,0.0,10000.0,1.0,1.0,6548.7431640625,0.0
feature.Yield.managed.SS,6,60,10.0,0.0,10000.0,1.0,1.0,5629.4638671875,0.0
feature.Yield.managed.SS,7,70,10.0,0.0,10000.0,1.0,1.0,5592.39306640625,0.0
feature.Yield.managed.SS,8,80,10.0,0.0,10000.0,1.0,1.0,5635.89599609375,0.0
feature.Yield.managed.SS,9,90,10.0,0.0,10000.0,1.0,1.0,5648.033203125,0.0
feature.Yield.managed.SS,10,100,10.0,0.0,10000.0,1.0,1.0,5743.5341796875,0.0
feature.Yield.managed.SS,11,110,10.0,0.0,10000.0,1.0,1.0,5867.22021484375,0.0
feature.Yield.managed.SS,12,120,10.0,0.0,10000.0,1.0,1.0,5838.89599609375,0.0
feature.Yield.managed.SS,13,130,10.0,0.0,10000.0,1.0,1.0,5956.119140625,0.0
feature.Yield.managed.SS,14,140,10.0,0.0,10000.0,1.0,1.0,1649.376953125,0.0
feature.Yield.managed.SS,15,150,10.0,0.0,10000.0,1.0,1.0,1709.9320068359375,0.0
feature.Yield.managed.SS,16,160,10.0,0.0,10000.0,1.0,1.0,1151.5030517578125,0.0
feature.Yield.managed.SS,17,170,10.0,0.0,10000.0,1.0,1.0,1593.64697265625,0.0
feature.Yield.managed.SS,18,180,10.0,0.0,10000.0,1.0,1.0,2055.6259765625,0.0
feature.Yield.managed.SS,19,190,10.0,0.0,10000.0,1.0,1.0,2610.264892578125,0.0
feature.Yield.managed.SS,20,200,10.0,0.0,10000.0,1.0,1.0,3167.069091796875,0.0
feature.Yield.managed.SS,21,210,10.0,0.0,10000.0,1.0,1.0,3708.3291015625,0.0
feature.Yield.managed.SS,22,220,10.0,0.0,10000.0,1.0,1.0,4218.06103515625,0.0
feature.Yield.managed.SS,23,230,10.0,0.0,10000.0,1.0,1.0,4674.48193359375,0.0
feature.Yield.managed.SS,24,240,10.0,0.0,10000.0,1.0,1.0,4895.171875,0.0
feature.Yield.managed.SS,25,250,10.0,0.0,10000.0,1.0,1.0,1807.968994140625,0.0
feature.Yield.managed.SS,26,260,10.0,0.0,10000.0,1.0,1.0,1935.0350341796875,0.0
feature.Yield.managed.SS,27,270,10.0,0.0,10000.0,1.0,1.0,2090.72509765625,0.0
feature.Yield.managed.SS,28,280,10.0,0.0,10000.0,1.0,1.0,2482.89599609375,0.0
feature.Yield.managed.SS,29,290,10.0,0.0,10000.0,1.0,1.0,2901.10498046875,0.0
feature.Yield.managed.SS,30,300,10.0,0.0,10000.0,1.0,1.0,2503.075927734375,0.0
