TARGET,PERIOD,YEAR,PERIODWIDTH,MINIMUM,MAXIMUM,MINWEIGHT,MAXWEIGHT,CURRENT,SUMMARY
feature.Seral.young,0,0,10.0,0.0,10000.0,1.0,1.0,0.0,0.0
feature.Seral.young,1,10,10.0,0.0,10000.0,1.0,1.0,103.51899719238281,0.0
feature.Seral.young,2,20,10.0,0.0,10000.0,1.0,1.0,213.9010009765625,0.0
feature.Seral.young,3,30,10.0,0.0,10000.0,1.0,1.0,199.1230010986328,0.0
feature.Seral.young,4,40,10.0,0.0,10000.0,1.0,1.0,188.64700317382812,0.0
feature.Seral.young,5,50,10.0,0.0,10000.0,1.0,1.0,173.20599365234375,0.0
feature.Seral.young,6,60,10.0,0.0,10000.0,1.0,1.0,201.64700317382812,0.0
feature.Seral.young,7,70,10.0,0.0,10000.0,1.0,1.0,290.4410095214844,0.0
feature.Seral.young,8,80,10.0,0.0,10000.0,1.0,1.0,260.4739990234375,0.0
feature.Seral.young,9,90,10.0,0.0,10000.0,1.0,1.0,121.84500122070312,0.0
feature.Seral.young,10,100,10.0,0.0,10000.0,1.0,1.0,183.10699462890625,0.0
feature.Seral.young,11,110,10.0,0.0,10000.0,1.0,1.0,226.86099243164062,0.0
feature.Seral.young,12,120,10.0,0.0,10000.0,1.0,1.0,155.71200561523438,0.0
feature.Seral.young,13,130,10.0,0.0,10000.0,1.0,1.0,191.2530059814453,0.0
feature.Seral.young,14,140,10.0,0.0,10000.0,1.0,1.0,209.9810028076172,0.0
feature.Seral.young,15,150,10.0,0.0,10000.0,1.0,1.0,205.322998046875,0.0
feature.Seral.young,16,160,10.0,0.0,10000.0,1.0,1.0,192.91200256347656,0.0
feature.Seral.young,17,170,10.0,0.0,10000.0,1.0,1.0,184.55099487304688,0.0
feature.Seral.young,18,180,10.0,0.0,10000.0,1.0,1.0,173.27099609375,0.0
feature.Seral.young,19,190,10.0,0.0,10000.0,1.0,1.0,280.55999755859375,0.0
feature.Seral.young,20,200,10.0,0.0,10000.0,1.0,1.0,262.3160095214844,0.0
feature.Seral.young,21,210,10.0,0.0,10000.0,1.0,1.0,184.52200317382812,0.0
feature.Seral.young,22,220,10.0,0.0,10000.0,1.0,1.0,234.37100219726562,0.0
feature.Seral.young,23,230,10.0,0.0,10000.0,1.0,1.0,177.7209930419922,0.0
feature.Seral.young,24,240,10.0,0.0,10000.0,1.0,1.0,163.18699645996094,0.0
feature.Seral.young,25,250,10.0,0.0,10000.0,1.0,1.0,178.08099365234375,0.0
feature.Seral.young,26,260,10.0,0.0,10000.0,1.0,1.0,225.48699951171875,0.0
feature.Seral.young,27,270,10.0,0.0,10000.0,1.0,1.0,231.65499877929688,0.0
feature.Seral.young,28,280,10.0,0.0,10000.0,1.0,1.0,163.30299377441406,0.0
feature.Seral.young,29,290,10.0,0.0,10000.0,1.0,1.0,216.46400451660156,0.0
feature.Seral.young,30,300,10.0,0.0,10000.0,1.0,1.0,259.8089904785156,0.0
