TARGET,PERIOD,YEAR,PERIODWIDTH,MINIMUM,MAXIMUM,MINWEIGHT,MAXWEIGHT,CURRENT,SUMMARY
product.Yield.managed.PLC,0,0,10.0,0.0,10000.0,1.0,1.0,0.0,0.0
product.Yield.managed.PLC,1,10,10.0,0.0,10000.0,1.0,1.0,68.90799713134766,0.0
product.Yield.managed.PLC,2,20,10.0,0.0,10000.0,1.0,1.0,42.75299835205078,0.0
product.Yield.managed.PLC,3,30,10.0,0.0,10000.0,1.0,1.0,11.04699993133545,0.0
product.Yield.managed.PLC,4,40,10.0,0.0,10000.0,1.0,1.0,2.140000104904175,0.0
product.Yield.managed.PLC,5,50,10.0,0.0,10000.0,1.0,1.0,0.0,0.0
product.Yield.managed.PLC,6,60,10.0,0.0,10000.0,1.0,1.0,9.206000328063965,0.0
product.Yield.managed.PLC,7,70,10.0,0.0,10000.0,1.0,1.0,34.369998931884766,0.0
product.Yield.managed.PLC,8,80,10.0,0.0,10000.0,1.0,1.0,0.0,0.0
product.Yield.managed.PLC,9,90,10.0,0.0,10000.0,1.0,1.0,12.496999740600586,0.0
product.Yield.managed.PLC,10,100,10.0,0.0,10000.0,1.0,1.0,6.302000045776367,0.0
product.Yield.managed.PLC,11,110,10.0,0.0,10000.0,1.0,1.0,18.447999954223633,0.0
product.Yield.managed.PLC,12,120,10.0,0.0,10000.0,1.0,1.0,17.606000900268555,0.0
product.Yield.managed.PLC,13,130,10.0,0.0,10000.0,1.0,1.0,33.60300064086914,0.0
product.Yield.managed.PLC,14,140,10.0,0.0,10000.0,1.0,1.0,18.246999740600586,0.0
product.Yield.managed.PLC,15,150,10.0,0.0,10000.0,1.0,1.0,6.448999881744385,0.0
product.Yield.managed.PLC,16,160,10.0,0.0,10000.0,1.0,1.0,14.699000358581543,0.0
product.Yield.managed.PLC,17,170,10.0,0.0,10000.0,1.0,1.0,23.472000122070312,0.0
product.Yield.managed.PLC,18,180,10.0,0.0,10000.0,1.0,1.0,7.704999923706055,0.0
product.Yield.managed.PLC,19,190,10.0,0.0,10000.0,1.0,1.0,41.13600158691406,0.0
product.Yield.managed.PLC,20,200,10.0,0.0,10000.0,1.0,1.0,1.1540000438690186,0.0
product.Yield.managed.PLC,21,210,10.0,0.0,10000.0,1.0,1.0,0.0,0.0
product.Yield.managed.PLC,22,220,10.0,0.0,10000.0,1.0,1.0,9.138999938964844,0.0
product.Yield.managed.PLC,23,230,10.0,0.0,10000.0,1.0,1.0,0.0,0.0
product.Yield.managed.PLC,24,240,10.0,0.0,10000.0,1.0,1.0,17.243000030517578,0.0
product.Yield.managed.PLC,25,250,10.0,0.0,10000.0,1.0,1.0,13.4399995803833,0.0
product.Yield.managed.PLC,26,260,10.0,0.0,10000.0,1.0,1.0,26.583999633789062,0.0
product.Yield.managed.PLC,27,270,10.0,0.0,10000.0,1.0,1.0,2.0999999046325684,0.0
product.Yield.managed.PLC,28,280,10.0,0.0,10000.0,1.0,1.0,16.739999771118164,0.0
product.Yield.managed.PLC,29,290,10.0,0.0,10000.0,1.0,1.0,16.485000610351562,0.0
product.Yield.managed.PLC,30,300,10.0,0.0,10000.0,1.0,1.0,36.486000061035156,0.0
