TARGET,PERIOD,YEAR,PERIODWIDTH,MINIMUM,MAXIMUM,MINWEIGHT,MAXWEIGHT,CURRENT,SUMMARY
product.Yield.managed.DR,0,0,10.0,0.0,10000.0,1.0,1.0,0.0,0.0
product.Yield.managed.DR,1,10,10.0,0.0,10000.0,1.0,1.0,1109.7330322265625,0.0
product.Yield.managed.DR,2,20,10.0,0.0,10000.0,1.0,1.0,1117.281982421875,0.0
product.Yield.managed.DR,3,30,10.0,0.0,10000.0,1.0,1.0,1536.1259765625,0.0
product.Yield.managed.DR,4,40,10.0,0.0,10000.0,1.0,1.0,1604.2850341796875,0.0
product.Yield.managed.DR,5,50,10.0,0.0,10000.0,1.0,1.0,1682.0579833984375,0.0
product.Yield.managed.DR,6,60,10.0,0.0,10000.0,1.0,1.0,2781.9169921875,0.0
product.Yield.managed.DR,7,70,10.0,0.0,10000.0,1.0,1.0,1828.4849853515625,0.0
product.Yield.managed.DR,8,80,10.0,0.0,10000.0,1.0,1.0,1619.3330078125,0.0
product.Yield.managed.DR,9,90,10.0,0.0,10000.0,1.0,1.0,3410.89794921875,0.0
product.Yield.managed.DR,10,100,10.0,0.0,10000.0,1.0,1.0,2220.27001953125,0.0
product.Yield.managed.DR,11,110,10.0,0.0,10000.0,1.0,1.0,1476.125,0.0
product.Yield.managed.DR,12,120,10.0,0.0,10000.0,1.0,1.0,4191.5,0.0
product.Yield.managed.DR,13,130,10.0,0.0,10000.0,1.0,1.0,1375.43798828125,0.0
product.Yield.managed.DR,14,140,10.0,0.0,10000.0,1.0,1.0,2161.327880859375,0.0
product.Yield.managed.DR,15,150,10.0,0.0,10000.0,1.0,1.0,3136.79296875,0.0
product.Yield.managed.DR,16,160,10.0,0.0,10000.0,1.0,1.0,1621.1529541015625,0.0
product.Yield.managed.DR,17,170,10.0,0.0,10000.0,1.0,1.0,1464.989990234375,0.0
product.Yield.managed.DR,18,180,10.0,0.0,10000.0,1.0,1.0,2990.0,0.0
product.Yield.managed.DR,19,190,10.0,0.0,10000.0,1.0,1.0,1583.407958984375,0.0
product.Yield.managed.DR,20,200,10.0,0.0,10000.0,1.0,1.0,1600.35400390625,0.0
product.Yield.managed.DR,21,210,10.0,0.0,10000.0,1.0,1.0,1611.0419921875,0.0
product.Yield.managed.DR,22,220,10.0,0.0,10000.0,1.0,1.0,1541.8580322265625,0.0
product.Yield.managed.DR,23,230,10.0,0.0,10000.0,1.0,1.0,2162.759033203125,0.0
product.Yield.managed.DR,24,240,10.0,0.0,10000.0,1.0,1.0,3373.389892578125,0.0
product.Yield.managed.DR,25,250,10.0,0.0,10000.0,1.0,1.0,1983.969970703125,0.0
product.Yield.managed.DR,26,260,10.0,0.0,10000.0,1.0,1.0,1423.3389892578125,0.0
product.Yield.managed.DR,27,270,10.0,0.0,10000.0,1.0,1.0,4326.421875,0.0
product.Yield.managed.DR,28,280,10.0,0.0,10000.0,1.0,1.0,2587.0029296875,0.0
product.Yield.managed.DR,29,290,10.0,0.0,10000.0,1.0,1.0,2670.826904296875,0.0
product.Yield.managed.DR,30,300,10.0,0.0,10000.0,1.0,1.0,1721.803955078125,0.0
