TARGET,PERIOD,YEAR,PERIODWIDTH,MINIMUM,MAXIMUM,MINWEIGHT,MAXWEIGHT,CURRENT,SUMMARY
feature.Seral.young,0,0,10.0,0.0,10000.0,1.0,1.0,0.0,0.0
feature.Seral.young,1,10,10.0,0.0,10000.0,1.0,1.0,100.53299713134766,0.0
feature.Seral.young,2,20,10.0,0.0,10000.0,1.0,1.0,194.66000366210938,0.0
feature.Seral.young,3,30,10.0,0.0,10000.0,1.0,1.0,174.83099365234375,0.0
feature.Seral.young,4,40,10.0,0.0,10000.0,1.0,1.0,234.41600036621094,0.0
feature.Seral.young,5,50,10.0,0.0,10000.0,1.0,1.0,244.68800354003906,0.0
feature.Seral.young,6,60,10.0,0.0,10000.0,1.0,1.0,150.50599670410156,0.0
feature.Seral.young,7,70,10.0,0.0,10000.0,1.0,1.0,175.6219940185547,0.0
feature.Seral.young,8,80,10.0,0.0,10000.0,1.0,1.0,215.11500549316406,0.0
feature.Seral.young,9,90,10.0,0.0,10000.0,1.0,1.0,213.7689971923828,0.0
feature.Seral.young,10,100,10.0,0.0,10000.0,1.0,1.0,150.05999755859375,0.0
feature.Seral.young,11,110,10.0,0.0,10000.0,1.0,1.0,172.7310028076172,0.0
feature.Seral.young,12,120,10.0,0.0,10000.0,1.0,1.0,305.8160095214844,0.0
feature.Seral.young,13,130,10.0,0.0,10000.0,1.0,1.0,216.20199584960938,0.0
feature.Seral.young,14,140,10.0,0.0,10000.0,1.0,1.0,182.53700256347656,0.0
feature.Seral.young,15,150,10.0,0.0,10000.0,1.0,1.0,218.9709930419922,0.0
feature.Seral.young,16,160,10.0,0.0,10000.0,1.0,1.0,178.66700744628906,0.0
feature.Seral.young,17,170,10.0,0.0,10000.0,1.0,1.0,243.70799255371094,0.0
feature.Seral.young,18,180,10.0,0.0,10000.0,1.0,1.0,235.41299438476562,0.0
feature.Seral.young,19,190,10.0,0.0,10000.0,1.0,1.0,223.66600036621094,0.0
feature.Seral.young,20,200,10.0,0.0,10000.0,1.0,1.0,202.85699462890625,0.0
feature.Seral.young,21,210,10.0,0.0,10000.0,1.0,1.0,176.3209991455078,0.0
feature.Seral.young,22,220,10.0,0.0,10000.0,1.0,1.0,185.20399475097656,0.0
feature.Seral.young,23,230,10.0,0.0,10000.0,1.0,1.0,246.3000030517578,0.0
feature.Seral.young,24,240,10.0,0.0,10000.0,1.0,1.0,231.81900024414062,0.0
feature.Seral.young,25,250,10.0,0.0,10000.0,1.0,1.0,137.16799926757812,0.0
feature.Seral.young,26,260,10.0,0.0,10000.0,1.0,1.0,191.1280059814453,0.0
feature.Seral.young,27,270,10.0,0.0,10000.0,1.0,1.0,217.38400268554688,0.0
feature.Seral.young,28,280,10.0,0.0,10000.0,1.0,1.0,191.1820068359375,0.0
feature.Seral.young,29,290,10.0,0.0,10000.0,1.0,1.0,226.27699279785156,0.0
feature.Seral.young,30,300,10.0,0.0,10000.0,1.0,1.0,252.76100158691406,0.0
