TARGET,PERIOD,YEAR,PERIODWIDTH,MINIMUM,MAXIMUM,MINWEIGHT,MAXWEIGHT,CURRENT,SUMMARY
feature.Seral.mature,0,0,10.0,0.0,10000.0,1.0,1.0,194.47799682617188,0.0
feature.Seral.mature,1,10,10.0,0.0,10000.0,1.0,1.0,111.43699645996094,0.0
feature.Seral.mature,2,20,10.0,0.0,10000.0,1.0,1.0,58.801998138427734,0.0
feature.Seral.mature,3,30,10.0,0.0,10000.0,1.0,1.0,34.76100158691406,0.0
feature.Seral.mature,4,40,10.0,0.0,10000.0,1.0,1.0,23.628000259399414,0.0
feature.Seral.mature,5,50,10.0,0.0,10000.0,1.0,1.0,116.7959976196289,0.0
feature.Seral.mature,6,60,10.0,0.0,10000.0,1.0,1.0,218.08799743652344,0.0
feature.Seral.mature,7,70,10.0,0.0,10000.0,1.0,1.0,245.14199829101562,0.0
feature.Seral.mature,8,80,10.0,0.0,10000.0,1.0,1.0,257.2510070800781,0.0
feature.Seral.mature,9,90,10.0,0.0,10000.0,1.0,1.0,214.43099975585938,0.0
feature.Seral.mature,10,100,10.0,0.0,10000.0,1.0,1.0,189.79299926757812,0.0
feature.Seral.mature,11,110,10.0,0.0,10000.0,1.0,1.0,101.9749984741211,0.0
feature.Seral.mature,12,120,10.0,0.0,10000.0,1.0,1.0,88.36799621582031,0.0
feature.Seral.mature,13,130,10.0,0.0,10000.0,1.0,1.0,89.66699981689453,0.0
feature.Seral.mature,14,140,10.0,0.0,10000.0,1.0,1.0,69.83699798583984,0.0
feature.Seral.mature,15,150,10.0,0.0,10000.0,1.0,1.0,69.98799896240234,0.0
feature.Seral.mature,16,160,10.0,0.0,10000.0,1.0,1.0,31.95599937438965,0.0
feature.Seral.mature,17,170,10.0,0.0,10000.0,1.0,1.0,26.94700050354004,0.0
feature.Seral.mature,18,180,10.0,0.0,10000.0,1.0,1.0,39.402000427246094,0.0
feature.Seral.mature,19,190,10.0,0.0,10000.0,1.0,1.0,60.698001861572266,0.0
feature.Seral.mature,20,200,10.0,0.0,10000.0,1.0,1.0,47.67100143432617,0.0
feature.Seral.mature,21,210,10.0,0.0,10000.0,1.0,1.0,59.356998443603516,0.0
feature.Seral.mature,22,220,10.0,0.0,10000.0,1.0,1.0,67.47699737548828,0.0
feature.Seral.mature,23,230,10.0,0.0,10000.0,1.0,1.0,60.60200119018555,0.0
feature.Seral.mature,24,240,10.0,0.0,10000.0,1.0,1.0,48.03799819946289,0.0
feature.Seral.mature,25,250,10.0,0.0,10000.0,1.0,1.0,48.1879997253418,0.0
feature.Seral.mature,26,260,10.0,0.0,10000.0,1.0,1.0,18.719999313354492,0.0
feature.Seral.mature,27,270,10.0,0.0,10000.0,1.0,1.0,0.0,0.0
feature.Seral.mature,28,280,10.0,0.0,10000.0,1.0,1.0,80.3479995727539,0.0
feature.Seral.mature,29,290,10.0,0.0,10000.0,1.0,1.0,80.3479995727539,0.0
feature.Seral.mature,30,300,10.0,0.0,10000.0,1.0,1.0,80.3479995727539,0.0
