TARGET,PERIOD,YEAR,PERIODWIDTH,MINIMUM,MAXIMUM,MINWEIGHT,MAXWEIGHT,CURRENT,SUMMARY
feature.Yield.managed.HW,0,0,10.0,0.0,10000.0,1.0,1.0,339266.59375,0.0
feature.Yield.managed.HW,1,10,10.0,0.0,10000.0,1.0,1.0,333260.09375,0.0
feature.Yield.managed.HW,2,20,10.0,0.0,10000.0,1.0,1.0,325475.90625,0.0
feature.Yield.managed.HW,3,30,10.0,0.0,10000.0,1.0,1.0,329232.0625,0.0
feature.Yield.managed.HW,4,40,10.0,0.0,10000.0,1.0,1.0,310055.09375,0.0
feature.Yield.managed.HW,5,50,10.0,0.0,10000.0,1.0,1.0,306663.6875,0.0
feature.Yield.managed.HW,6,60,10.0,0.0,10000.0,1.0,1.0,293693.90625,0.0
feature.Yield.managed.HW,7,70,10.0,0.0,10000.0,1.0,1.0,274340.25,0.0
feature.Yield.managed.HW,8,80,10.0,0.0,10000.0,1.0,1.0,267123.9375,0.0
feature.Yield.managed.HW,9,90,10.0,0.0,10000.0,1.0,1.0,252368.5,0.0
feature.Yield.managed.HW,10,100,10.0,0.0,10000.0,1.0,1.0,245230.703125,0.0
feature.Yield.managed.HW,11,110,10.0,0.0,10000.0,1.0,1.0,234516.65625,0.0
feature.Yield.managed.HW,12,120,10.0,0.0,10000.0,1.0,1.0,230605.0,0.0
feature.Yield.managed.HW,13,130,10.0,0.0,10000.0,1.0,1.0,237326.546875,0.0
feature.Yield.managed.HW,14,140,10.0,0.0,10000.0,1.0,1.0,238930.96875,0.0
feature.Yield.managed.HW,15,150,10.0,0.0,10000.0,1.0,1.0,243463.484375,0.0
feature.Yield.managed.HW,16,160,10.0,0.0,10000.0,1.0,1.0,245562.09375,0.0
feature.Yield.managed.HW,17,170,10.0,0.0,10000.0,1.0,1.0,257015.734375,0.0
feature.Yield.managed.HW,18,180,10.0,0.0,10000.0,1.0,1.0,253030.484375,0.0
feature.Yield.managed.HW,19,190,10.0,0.0,10000.0,1.0,1.0,242232.84375,0.0
feature.Yield.managed.HW,20,200,10.0,0.0,10000.0,1.0,1.0,238558.515625,0.0
feature.Yield.managed.HW,21,210,10.0,0.0,10000.0,1.0,1.0,241867.734375,0.0
feature.Yield.managed.HW,22,220,10.0,0.0,10000.0,1.0,1.0,231189.296875,0.0
feature.Yield.managed.HW,23,230,10.0,0.0,10000.0,1.0,1.0,226810.390625,0.0
feature.Yield.managed.HW,24,240,10.0,0.0,10000.0,1.0,1.0,224641.5,0.0
feature.Yield.managed.HW,25,250,10.0,0.0,10000.0,1.0,1.0,218814.078125,0.0
feature.Yield.managed.HW,26,260,10.0,0.0,10000.0,1.0,1.0,207881.734375,0.0
feature.Yield.managed.HW,27,270,10.0,0.0,10000.0,1.0,1.0,196651.609375,0.0
feature.Yield.managed.HW,28,280,10.0,0.0,10000.0,1.0,1.0,209923.9375,0.0
feature.Yield.managed.HW,29,290,10.0,0.0,10000.0,1.0,1.0,210269.78125,0.0
feature.Yield.managed.HW,30,300,10.0,0.0,10000.0,1.0,1.0,223049.703125,0.0
