TARGET,PERIOD,YEAR,PERIODWIDTH,MINIMUM,MAXIMUM,MINWEIGHT,MAXWEIGHT,CURRENT,SUMMARY
feature.Seral.overmature,0,0,10.0,0.0,10000.0,1.0,1.0,427.95098876953125,0.0
feature.Seral.overmature,1,10,10.0,0.0,10000.0,1.0,1.0,409.625,0.0
feature.Seral.overmature,2,20,10.0,0.0,10000.0,1.0,1.0,421.6319885253906,0.0
feature.Seral.overmature,3,30,10.0,0.0,10000.0,1.0,1.0,454.0870056152344,0.0
feature.Seral.overmature,4,40,10.0,0.0,10000.0,1.0,1.0,671.7039794921875,0.0
feature.Seral.overmature,5,50,10.0,0.0,10000.0,1.0,1.0,837.3389892578125,0.0
feature.Seral.overmature,6,60,10.0,0.0,10000.0,1.0,1.0,755.7319946289062,0.0
feature.Seral.overmature,7,70,10.0,0.0,10000.0,1.0,1.0,682.1619873046875,0.0
feature.Seral.overmature,8,80,10.0,0.0,10000.0,1.0,1.0,657.35498046875,0.0
feature.Seral.overmature,9,90,10.0,0.0,10000.0,1.0,1.0,663.0020141601562,0.0
feature.Seral.overmature,10,100,10.0,0.0,10000.0,1.0,1.0,672.39501953125,0.0
feature.Seral.overmature,11,110,10.0,0.0,10000.0,1.0,1.0,751.1680297851562,0.0
feature.Seral.overmature,12,120,10.0,0.0,10000.0,1.0,1.0,790.6160278320312,0.0
feature.Seral.overmature,13,130,10.0,0.0,10000.0,1.0,1.0,783.52197265625,0.0
feature.Seral.overmature,14,140,10.0,0.0,10000.0,1.0,1.0,768.8759765625,0.0
feature.Seral.overmature,15,150,10.0,0.0,10000.0,1.0,1.0,740.5020141601562,0.0
feature.Seral.overmature,16,160,10.0,0.0,10000.0,1.0,1.0,745.8590087890625,0.0
feature.Seral.overmature,17,170,10.0,0.0,10000.0,1.0,1.0,744.8419799804688,0.0
feature.Seral.overmature,18,180,10.0,0.0,10000.0,1.0,1.0,723.5180053710938,0.0
feature.Seral.overmature,19,190,10.0,0.0,10000.0,1.0,1.0,744.5659790039062,0.0
feature.Seral.overmature,20,200,10.0,0.0,10000.0,1.0,1.0,723.7780151367188,0.0
feature.Seral.overmature,21,210,10.0,0.0,10000.0,1.0,1.0,719.1389770507812,0.0
feature.Seral.overmature,22,220,10.0,0.0,10000.0,1.0,1.0,684.8469848632812,0.0
feature.Seral.overmature,23,230,10.0,0.0,10000.0,1.0,1.0,712.4949951171875,0.0
feature.Seral.overmature,24,240,10.0,0.0,10000.0,1.0,1.0,673.31298828125,0.0
feature.Seral.overmature,25,250,10.0,0.0,10000.0,1.0,1.0,685.635986328125,0.0
feature.Seral.overmature,26,260,10.0,0.0,10000.0,1.0,1.0,684.7150268554688,0.0
feature.Seral.overmature,27,270,10.0,0.0,10000.0,1.0,1.0,685.8460083007812,0.0
feature.Seral.overmature,28,280,10.0,0.0,10000.0,1.0,1.0,685.8460083007812,0.0
feature.Seral.overmature,29,290,10.0,0.0,10000.0,1.0,1.0,700.9459838867188,0.0
feature.Seral.overmature,30,300,10.0,0.0,10000.0,1.0,1.0,690.52099609375,0.0
