TARGET,PERIOD,YEAR,PERIODWIDTH,MINIMUM,MAXIMUM,MINWEIGHT,MAXWEIGHT,CURRENT,SUMMARY
feature.Yield.unmanaged.DR,0,0,10.0,0.0,10000.0,1.0,1.0,4995.294921875,0.0
feature.Yield.unmanaged.DR,1,10,10.0,0.0,10000.0,1.0,1.0,6060.6650390625,0.0
feature.Yield.unmanaged.DR,2,20,10.0,0.0,10000.0,1.0,1.0,7025.22705078125,0.0
feature.Yield.unmanaged.DR,3,30,10.0,0.0,10000.0,1.0,1.0,7859.52099609375,0.0
feature.Yield.unmanaged.DR,4,40,10.0,0.0,10000.0,1.0,1.0,8554.5498046875,0.0
feature.Yield.unmanaged.DR,5,50,10.0,0.0,10000.0,1.0,1.0,9102.42578125,0.0
feature.Yield.unmanaged.DR,6,60,10.0,0.0,10000.0,1.0,1.0,9505.234375,0.0
feature.Yield.unmanaged.DR,7,70,10.0,0.0,10000.0,1.0,1.0,9775.263671875,0.0
feature.Yield.unmanaged.DR,8,80,10.0,0.0,10000.0,1.0,1.0,9922.5693359375,0.0
feature.Yield.unmanaged.DR,9,90,10.0,0.0,10000.0,1.0,1.0,9962.16796875,0.0
feature.Yield.unmanaged.DR,10,100,10.0,0.0,10000.0,1.0,1.0,9911.8330078125,0.0
feature.Yield.unmanaged.DR,11,110,10.0,0.0,10000.0,1.0,1.0,9785.6806640625,0.0
feature.Yield.unmanaged.DR,12,120,10.0,0.0,10000.0,1.0,1.0,9598.55859375,0.0
feature.Yield.unmanaged.DR,13,130,10.0,0.0,10000.0,1.0,1.0,9358.4384765625,0.0
feature.Yield.unmanaged.DR,14,140,10.0,0.0,10000.0,1.0,1.0,9105.615234375,0.0
feature.Yield.unmanaged.DR,15,150,10.0,0.0,10000.0,1.0,1.0,8906.015625,0.0
feature.Yield.unmanaged.DR,16,160,10.0,0.0,10000.0,1.0,1.0,8827.2109375,0.0
feature.Yield.unmanaged.DR,17,170,10.0,0.0,10000.0,1.0,1.0,8823.1201171875,0.0
feature.Yield.unmanaged.DR,18,180,10.0,0.0,10000.0,1.0,1.0,8782.3017578125,0.0
feature.Yield.unmanaged.DR,19,190,10.0,0.0,10000.0,1.0,1.0,8706.7978515625,0.0
feature.Yield.unmanaged.DR,20,200,10.0,0.0,10000.0,1.0,1.0,8634.125,0.0
feature.Yield.unmanaged.DR,21,210,10.0,0.0,10000.0,1.0,1.0,8558.2080078125,0.0
feature.Yield.unmanaged.DR,22,220,10.0,0.0,10000.0,1.0,1.0,8480.3359375,0.0
feature.Yield.unmanaged.DR,23,230,10.0,0.0,10000.0,1.0,1.0,8405.0009765625,0.0
feature.Yield.unmanaged.DR,24,240,10.0,0.0,10000.0,1.0,1.0,8338.4599609375,0.0
feature.Yield.unmanaged.DR,25,250,10.0,0.0,10000.0,1.0,1.0,8293.044921875,0.0
feature.Yield.unmanaged.DR,26,260,10.0,0.0,10000.0,1.0,1.0,8282.177734375,0.0
feature.Yield.unmanaged.DR,27,270,10.0,0.0,10000.0,1.0,1.0,8282.177734375,0.0
feature.Yield.unmanaged.DR,28,280,10.0,0.0,10000.0,1.0,1.0,8282.177734375,0.0
feature.Yield.unmanaged.DR,29,290,10.0,0.0,10000.0,1.0,1.0,8282.177734375,0.0
feature.Yield.unmanaged.DR,30,300,10.0,0.0,10000.0,1.0,1.0,8282.177734375,0.0
