TARGET,PERIOD,YEAR,PERIODWIDTH,MINIMUM,MAXIMUM,MINWEIGHT,MAXWEIGHT,CURRENT,SUMMARY
product.Yield.managed.YC,0,0,10.0,0.0,10000.0,1.0,1.0,0.0,0.0
product.Yield.managed.YC,1,10,10.0,0.0,10000.0,1.0,1.0,228.7530059814453,0.0
product.Yield.managed.YC,2,20,10.0,0.0,10000.0,1.0,1.0,126.5989990234375,0.0
product.Yield.managed.YC,3,30,10.0,0.0,10000.0,1.0,1.0,13.366999626159668,0.0
product.Yield.managed.YC,4,40,10.0,0.0,10000.0,1.0,1.0,133.13400268554688,0.0
product.Yield.managed.YC,5,50,10.0,0.0,10000.0,1.0,1.0,24.801000595092773,0.0
product.Yield.managed.YC,6,60,10.0,0.0,10000.0,1.0,1.0,218.35400390625,0.0
product.Yield.managed.YC,7,70,10.0,0.0,10000.0,1.0,1.0,175.53500366210938,0.0
product.Yield.managed.YC,8,80,10.0,0.0,10000.0,1.0,1.0,63.12699890136719,0.0
product.Yield.managed.YC,9,90,10.0,0.0,10000.0,1.0,1.0,89.20800018310547,0.0
product.Yield.managed.YC,10,100,10.0,0.0,10000.0,1.0,1.0,56.744998931884766,0.0
product.Yield.managed.YC,11,110,10.0,0.0,10000.0,1.0,1.0,102.62899780273438,0.0
product.Yield.managed.YC,12,120,10.0,0.0,10000.0,1.0,1.0,0.6420000195503235,0.0
product.Yield.managed.YC,13,130,10.0,0.0,10000.0,1.0,1.0,76.72000122070312,0.0
product.Yield.managed.YC,14,140,10.0,0.0,10000.0,1.0,1.0,152.45199584960938,0.0
product.Yield.managed.YC,15,150,10.0,0.0,10000.0,1.0,1.0,7.173999786376953,0.0
product.Yield.managed.YC,16,160,10.0,0.0,10000.0,1.0,1.0,97.3550033569336,0.0
product.Yield.managed.YC,17,170,10.0,0.0,10000.0,1.0,1.0,33.38399887084961,0.0
product.Yield.managed.YC,18,180,10.0,0.0,10000.0,1.0,1.0,18.13800048828125,0.0
product.Yield.managed.YC,19,190,10.0,0.0,10000.0,1.0,1.0,65.04299926757812,0.0
product.Yield.managed.YC,20,200,10.0,0.0,10000.0,1.0,1.0,109.7969970703125,0.0
product.Yield.managed.YC,21,210,10.0,0.0,10000.0,1.0,1.0,0.9049999713897705,0.0
product.Yield.managed.YC,22,220,10.0,0.0,10000.0,1.0,1.0,95.63500213623047,0.0
product.Yield.managed.YC,23,230,10.0,0.0,10000.0,1.0,1.0,0.0,0.0
product.Yield.managed.YC,24,240,10.0,0.0,10000.0,1.0,1.0,340.8169860839844,0.0
product.Yield.managed.YC,25,250,10.0,0.0,10000.0,1.0,1.0,161.99600219726562,0.0
product.Yield.managed.YC,26,260,10.0,0.0,10000.0,1.0,1.0,43.47999954223633,0.0
product.Yield.managed.YC,27,270,10.0,0.0,10000.0,1.0,1.0,30.759000778198242,0.0
product.Yield.managed.YC,28,280,10.0,0.0,10000.0,1.0,1.0,28.92799949645996,0.0
product.Yield.managed.YC,29,290,10.0,0.0,10000.0,1.0,1.0,33.79199981689453,0.0
product.Yield.managed.YC,30,300,10.0,0.0,10000.0,1.0,1.0,43.69599914550781,0.0
