TARGET,PERIOD,YEAR,PERIODWIDTH,MINIMUM,MAXIMUM,MINWEIGHT,MAXWEIGHT,CURRENT,SUMMARY
feature.Seral.young,0,0,10.0,0.0,10000.0,1.0,1.0,0.0,0.0
feature.Seral.young,1,10,10.0,0.0,10000.0,1.0,1.0,108.94300079345703,0.0
feature.Seral.young,2,20,10.0,0.0,10000.0,1.0,1.0,199.78199768066406,0.0
feature.Seral.young,3,30,10.0,0.0,10000.0,1.0,1.0,184.30799865722656,0.0
feature.Seral.young,4,40,10.0,0.0,10000.0,1.0,1.0,195.08399963378906,0.0
feature.Seral.young,5,50,10.0,0.0,10000.0,1.0,1.0,195.30299377441406,0.0
feature.Seral.young,6,60,10.0,0.0,10000.0,1.0,1.0,224.33900451660156,0.0
feature.Seral.young,7,70,10.0,0.0,10000.0,1.0,1.0,218.66799926757812,0.0
feature.Seral.young,8,80,10.0,0.0,10000.0,1.0,1.0,165.7689971923828,0.0
feature.Seral.young,9,90,10.0,0.0,10000.0,1.0,1.0,170.97999572753906,0.0
feature.Seral.young,10,100,10.0,0.0,10000.0,1.0,1.0,175.73300170898438,0.0
feature.Seral.young,11,110,10.0,0.0,10000.0,1.0,1.0,173.28199768066406,0.0
feature.Seral.young,12,120,10.0,0.0,10000.0,1.0,1.0,174.2429962158203,0.0
feature.Seral.young,13,130,10.0,0.0,10000.0,1.0,1.0,216.6959991455078,0.0
feature.Seral.young,14,140,10.0,0.0,10000.0,1.0,1.0,245.69200134277344,0.0
feature.Seral.young,15,150,10.0,0.0,10000.0,1.0,1.0,220.26800537109375,0.0
feature.Seral.young,16,160,10.0,0.0,10000.0,1.0,1.0,222.68299865722656,0.0
feature.Seral.young,17,170,10.0,0.0,10000.0,1.0,1.0,267.59100341796875,0.0
feature.Seral.young,18,180,10.0,0.0,10000.0,1.0,1.0,171.78500366210938,0.0
feature.Seral.young,19,190,10.0,0.0,10000.0,1.0,1.0,119.30999755859375,0.0
feature.Seral.young,20,200,10.0,0.0,10000.0,1.0,1.0,239.8719940185547,0.0
feature.Seral.young,21,210,10.0,0.0,10000.0,1.0,1.0,212.2740020751953,0.0
feature.Seral.young,22,220,10.0,0.0,10000.0,1.0,1.0,181.4459991455078,0.0
feature.Seral.young,23,230,10.0,0.0,10000.0,1.0,1.0,209.8040008544922,0.0
feature.Seral.young,24,240,10.0,0.0,10000.0,1.0,1.0,266.47100830078125,0.0
feature.Seral.young,25,250,10.0,0.0,10000.0,1.0,1.0,247.7899932861328,0.0
feature.Seral.young,26,260,10.0,0.0,10000.0,1.0,1.0,154.68299865722656,0.0
feature.Seral.young,27,270,10.0,0.0,10000.0,1.0,1.0,219.4739990234375,0.0
feature.Seral.young,28,280,10.0,0.0,10000.0,1.0,1.0,255.71200561523438,0.0
feature.Seral.young,29,290,10.0,0.0,10000.0,1.0,1.0,223.125,0.0
feature.Seral.young,30,300,10.0,0.0,10000.0,1.0,1.0,208.20399475097656,0.0
