TARGET,PERIOD,YEAR,PERIODWIDTH,MINIMUM,MAXIMUM,MINWEIGHT,MAXWEIGHT,CURRENT,SUMMARY
feature.Yield.unmanaged.Total,0,0,10.0,0.0,10000.0,1.0,1.0,277182.59375,0.0
feature.Yield.unmanaged.Total,1,10,10.0,0.0,10000.0,1.0,1.0,311198.59375,0.0
feature.Yield.unmanaged.Total,2,20,10.0,0.0,10000.0,1.0,1.0,344850.53125,0.0
feature.Yield.unmanaged.Total,3,30,10.0,0.0,10000.0,1.0,1.0,377015.1875,0.0
feature.Yield.unmanaged.Total,4,40,10.0,0.0,10000.0,1.0,1.0,406265.65625,0.0
feature.Yield.unmanaged.Total,5,50,10.0,0.0,10000.0,1.0,1.0,431865.84375,0.0
feature.Yield.unmanaged.Total,6,60,10.0,0.0,10000.0,1.0,1.0,453474.34375,0.0
feature.Yield.unmanaged.Total,7,70,10.0,0.0,10000.0,1.0,1.0,471099.15625,0.0
feature.Yield.unmanaged.Total,8,80,10.0,0.0,10000.0,1.0,1.0,484786.9375,0.0
feature.Yield.unmanaged.Total,9,90,10.0,0.0,10000.0,1.0,1.0,494799.03125,0.0
feature.Yield.unmanaged.Total,10,100,10.0,0.0,10000.0,1.0,1.0,501394.125,0.0
feature.Yield.unmanaged.Total,11,110,10.0,0.0,10000.0,1.0,1.0,505003.21875,0.0
feature.Yield.unmanaged.Total,12,120,10.0,0.0,10000.0,1.0,1.0,505889.03125,0.0
feature.Yield.unmanaged.Total,13,130,10.0,0.0,10000.0,1.0,1.0,504371.6875,0.0
feature.Yield.unmanaged.Total,14,140,10.0,0.0,10000.0,1.0,1.0,501161.46875,0.0
feature.Yield.unmanaged.Total,15,150,10.0,0.0,10000.0,1.0,1.0,497558.65625,0.0
feature.Yield.unmanaged.Total,16,160,10.0,0.0,10000.0,1.0,1.0,494945.1875,0.0
feature.Yield.unmanaged.Total,17,170,10.0,0.0,10000.0,1.0,1.0,493244.75,0.0
feature.Yield.unmanaged.Total,18,180,10.0,0.0,10000.0,1.0,1.0,491353.5,0.0
feature.Yield.unmanaged.Total,19,190,10.0,0.0,10000.0,1.0,1.0,489070.21875,0.0
feature.Yield.unmanaged.Total,20,200,10.0,0.0,10000.0,1.0,1.0,486838.28125,0.0
feature.Yield.unmanaged.Total,21,210,10.0,0.0,10000.0,1.0,1.0,484664.375,0.0
feature.Yield.unmanaged.Total,22,220,10.0,0.0,10000.0,1.0,1.0,482497.625,0.0
feature.Yield.unmanaged.Total,23,230,10.0,0.0,10000.0,1.0,1.0,480348.03125,0.0
feature.Yield.unmanaged.Total,24,240,10.0,0.0,10000.0,1.0,1.0,478434.34375,0.0
feature.Yield.unmanaged.Total,25,250,10.0,0.0,10000.0,1.0,1.0,477160.90625,0.0
feature.Yield.unmanaged.Total,26,260,10.0,0.0,10000.0,1.0,1.0,476717.59375,0.0
feature.Yield.unmanaged.Total,27,270,10.0,0.0,10000.0,1.0,1.0,476666.09375,0.0
feature.Yield.unmanaged.Total,28,280,10.0,0.0,10000.0,1.0,1.0,476666.09375,0.0
feature.Yield.unmanaged.Total,29,290,10.0,0.0,10000.0,1.0,1.0,476666.09375,0.0
feature.Yield.unmanaged.Total,30,300,10.0,0.0,10000.0,1.0,1.0,476666.09375,0.0
