TARGET,PERIOD,YEAR,PERIODWIDTH,MINIMUM,MAXIMUM,MINWEIGHT,MAXWEIGHT,CURRENT,SUMMARY
feature.Yield.managed.SS,0,0,10.0,0.0,10000.0,1.0,1.0,4413.90478515625,0.0
feature.Yield.managed.SS,1,10,10.0,0.0,10000.0,1.0,1.0,5114.81201171875,0.0
feature.Yield.managed.SS,2,20,10.0,0.0,10000.0,1.0,1.0,5733.95703125,0.0
feature.Yield.managed.SS,3,30,10.0,0.0,10000.0,1.0,1.0,6307.86376953125,0.0
feature.Yield.managed.SS,4,40,10.0,0.0,10000.0,1.0,1.0,6548.783203125,0.0
feature.Yield.managed.SS,5,50,10.0,0.0,10000.0,1.0,1.0,5719.80908203125,0.0
feature.Yield.managed.SS,6,60,10.0,0.0,10000.0,1.0,1.0,1250.884033203125,0.0
feature.Yield.managed.SS,7,70,10.0,0.0,10000.0,1.0,1.0,1311.2159423828125,0.0
feature.Yield.managed.SS,8,80,10.0,0.0,10000.0,1.0,1.0,1545.0889892578125,0.0
feature.Yield.managed.SS,9,90,10.0,0.0,10000.0,1.0,1.0,2124.367919921875,0.0
feature.Yield.managed.SS,10,100,10.0,0.0,10000.0,1.0,1.0,2696.27197265625,0.0
feature.Yield.managed.SS,11,110,10.0,0.0,10000.0,1.0,1.0,3133.864990234375,0.0
feature.Yield.managed.SS,12,120,10.0,0.0,10000.0,1.0,1.0,3643.6279296875,0.0
feature.Yield.managed.SS,13,130,10.0,0.0,10000.0,1.0,1.0,4131.14892578125,0.0
feature.Yield.managed.SS,14,140,10.0,0.0,10000.0,1.0,1.0,4599.9990234375,0.0
feature.Yield.managed.SS,15,150,10.0,0.0,10000.0,1.0,1.0,4144.85205078125,0.0
feature.Yield.managed.SS,16,160,10.0,0.0,10000.0,1.0,1.0,4200.06787109375,0.0
feature.Yield.managed.SS,17,170,10.0,0.0,10000.0,1.0,1.0,4312.10400390625,0.0
feature.Yield.managed.SS,18,180,10.0,0.0,10000.0,1.0,1.0,1265.6529541015625,0.0
feature.Yield.managed.SS,19,190,10.0,0.0,10000.0,1.0,1.0,1344.8260498046875,0.0
feature.Yield.managed.SS,20,200,10.0,0.0,10000.0,1.0,1.0,1826.1629638671875,0.0
feature.Yield.managed.SS,21,210,10.0,0.0,10000.0,1.0,1.0,2403.339111328125,0.0
feature.Yield.managed.SS,22,220,10.0,0.0,10000.0,1.0,1.0,2979.537109375,0.0
feature.Yield.managed.SS,23,230,10.0,0.0,10000.0,1.0,1.0,3319.618896484375,0.0
feature.Yield.managed.SS,24,240,10.0,0.0,10000.0,1.0,1.0,3817.509033203125,0.0
feature.Yield.managed.SS,25,250,10.0,0.0,10000.0,1.0,1.0,4229.23193359375,0.0
feature.Yield.managed.SS,26,260,10.0,0.0,10000.0,1.0,1.0,4593.5859375,0.0
feature.Yield.managed.SS,27,270,10.0,0.0,10000.0,1.0,1.0,4832.44580078125,0.0
feature.Yield.managed.SS,28,280,10.0,0.0,10000.0,1.0,1.0,4073.23095703125,0.0
feature.Yield.managed.SS,29,290,10.0,0.0,10000.0,1.0,1.0,4005.412109375,0.0
feature.Yield.managed.SS,30,300,10.0,0.0,10000.0,1.0,1.0,879.2160034179688,0.0
