TARGET,PERIOD,YEAR,PERIODWIDTH,MINIMUM,MAXIMUM,MINWEIGHT,MAXWEIGHT,CURRENT,SUMMARY
feature.Seral.overmature,0,0,10.0,0.0,10000.0,1.0,1.0,427.95098876953125,0.0
feature.Seral.overmature,1,10,10.0,0.0,10000.0,1.0,1.0,404.13800048828125,0.0
feature.Seral.overmature,2,20,10.0,0.0,10000.0,1.0,1.0,421.19500732421875,0.0
feature.Seral.overmature,3,30,10.0,0.0,10000.0,1.0,1.0,464.864013671875,0.0
feature.Seral.overmature,4,40,10.0,0.0,10000.0,1.0,1.0,700.6300048828125,0.0
feature.Seral.overmature,5,50,10.0,0.0,10000.0,1.0,1.0,830.322998046875,0.0
feature.Seral.overmature,6,60,10.0,0.0,10000.0,1.0,1.0,756.60302734375,0.0
feature.Seral.overmature,7,70,10.0,0.0,10000.0,1.0,1.0,717.0239868164062,0.0
feature.Seral.overmature,8,80,10.0,0.0,10000.0,1.0,1.0,697.9320068359375,0.0
feature.Seral.overmature,9,90,10.0,0.0,10000.0,1.0,1.0,699.72802734375,0.0
feature.Seral.overmature,10,100,10.0,0.0,10000.0,1.0,1.0,712.6290283203125,0.0
feature.Seral.overmature,11,110,10.0,0.0,10000.0,1.0,1.0,679.4080200195312,0.0
feature.Seral.overmature,12,120,10.0,0.0,10000.0,1.0,1.0,708.4359741210938,0.0
feature.Seral.overmature,13,130,10.0,0.0,10000.0,1.0,1.0,716.5989990234375,0.0
feature.Seral.overmature,14,140,10.0,0.0,10000.0,1.0,1.0,716.6640014648438,0.0
feature.Seral.overmature,15,150,10.0,0.0,10000.0,1.0,1.0,664.0040283203125,0.0
feature.Seral.overmature,16,160,10.0,0.0,10000.0,1.0,1.0,665.9320068359375,0.0
feature.Seral.overmature,17,170,10.0,0.0,10000.0,1.0,1.0,714.447021484375,0.0
feature.Seral.overmature,18,180,10.0,0.0,10000.0,1.0,1.0,716.7589721679688,0.0
feature.Seral.overmature,19,190,10.0,0.0,10000.0,1.0,1.0,719.0700073242188,0.0
feature.Seral.overmature,20,200,10.0,0.0,10000.0,1.0,1.0,721.5750122070312,0.0
feature.Seral.overmature,21,210,10.0,0.0,10000.0,1.0,1.0,735.614013671875,0.0
feature.Seral.overmature,22,220,10.0,0.0,10000.0,1.0,1.0,715.4840087890625,0.0
feature.Seral.overmature,23,230,10.0,0.0,10000.0,1.0,1.0,711.5679931640625,0.0
feature.Seral.overmature,24,240,10.0,0.0,10000.0,1.0,1.0,772.0579833984375,0.0
feature.Seral.overmature,25,250,10.0,0.0,10000.0,1.0,1.0,800.0239868164062,0.0
feature.Seral.overmature,26,260,10.0,0.0,10000.0,1.0,1.0,775.051025390625,0.0
feature.Seral.overmature,27,270,10.0,0.0,10000.0,1.0,1.0,776.3829956054688,0.0
feature.Seral.overmature,28,280,10.0,0.0,10000.0,1.0,1.0,706.864013671875,0.0
feature.Seral.overmature,29,290,10.0,0.0,10000.0,1.0,1.0,730.2559814453125,0.0
feature.Seral.overmature,30,300,10.0,0.0,10000.0,1.0,1.0,720.75,0.0
