TARGET,PERIOD,YEAR,PERIODWIDTH,MINIMUM,MAXIMUM,MINWEIGHT,MAXWEIGHT,CURRENT,SUMMARY
feature.Yield.managed.DR,0,0,10.0,0.0,10000.0,1.0,1.0,11459.6494140625,0.0
feature.Yield.managed.DR,1,10,10.0,0.0,10000.0,1.0,1.0,13217.8935546875,0.0
feature.Yield.managed.DR,2,20,10.0,0.0,10000.0,1.0,1.0,14556.041015625,0.0
feature.Yield.managed.DR,3,30,10.0,0.0,10000.0,1.0,1.0,15625.8671875,0.0
feature.Yield.managed.DR,4,40,10.0,0.0,10000.0,1.0,1.0,16034.349609375,0.0
feature.Yield.managed.DR,5,50,10.0,0.0,10000.0,1.0,1.0,15951.4296875,0.0
feature.Yield.managed.DR,6,60,10.0,0.0,10000.0,1.0,1.0,15464.2802734375,0.0
feature.Yield.managed.DR,7,70,10.0,0.0,10000.0,1.0,1.0,14400.5068359375,0.0
feature.Yield.managed.DR,8,80,10.0,0.0,10000.0,1.0,1.0,10473.96484375,0.0
feature.Yield.managed.DR,9,90,10.0,0.0,10000.0,1.0,1.0,10471.4873046875,0.0
feature.Yield.managed.DR,10,100,10.0,0.0,10000.0,1.0,1.0,10263.5087890625,0.0
feature.Yield.managed.DR,11,110,10.0,0.0,10000.0,1.0,1.0,8775.8857421875,0.0
feature.Yield.managed.DR,12,120,10.0,0.0,10000.0,1.0,1.0,9458.658203125,0.0
feature.Yield.managed.DR,13,130,10.0,0.0,10000.0,1.0,1.0,10222.857421875,0.0
feature.Yield.managed.DR,14,140,10.0,0.0,10000.0,1.0,1.0,10974.3203125,0.0
feature.Yield.managed.DR,15,150,10.0,0.0,10000.0,1.0,1.0,11644.130859375,0.0
feature.Yield.managed.DR,16,160,10.0,0.0,10000.0,1.0,1.0,12183.125,0.0
feature.Yield.managed.DR,17,170,10.0,0.0,10000.0,1.0,1.0,12780.64453125,0.0
feature.Yield.managed.DR,18,180,10.0,0.0,10000.0,1.0,1.0,13007.7802734375,0.0
feature.Yield.managed.DR,19,190,10.0,0.0,10000.0,1.0,1.0,11265.6474609375,0.0
feature.Yield.managed.DR,20,200,10.0,0.0,10000.0,1.0,1.0,11597.337890625,0.0
feature.Yield.managed.DR,21,210,10.0,0.0,10000.0,1.0,1.0,12114.2548828125,0.0
feature.Yield.managed.DR,22,220,10.0,0.0,10000.0,1.0,1.0,12749.255859375,0.0
feature.Yield.managed.DR,23,230,10.0,0.0,10000.0,1.0,1.0,9939.0615234375,0.0
feature.Yield.managed.DR,24,240,10.0,0.0,10000.0,1.0,1.0,10208.2099609375,0.0
feature.Yield.managed.DR,25,250,10.0,0.0,10000.0,1.0,1.0,10674.6552734375,0.0
feature.Yield.managed.DR,26,260,10.0,0.0,10000.0,1.0,1.0,11210.490234375,0.0
feature.Yield.managed.DR,27,270,10.0,0.0,10000.0,1.0,1.0,9699.39453125,0.0
feature.Yield.managed.DR,28,280,10.0,0.0,10000.0,1.0,1.0,10220.294921875,0.0
feature.Yield.managed.DR,29,290,10.0,0.0,10000.0,1.0,1.0,8895.251953125,0.0
feature.Yield.managed.DR,30,300,10.0,0.0,10000.0,1.0,1.0,8422.9443359375,0.0
