TARGET,PERIOD,YEAR,PERIODWIDTH,MINIMUM,MAXIMUM,MINWEIGHT,MAXWEIGHT,CURRENT,SUMMARY
feature.Yield.managed.DR,0,0,10.0,0.0,10000.0,1.0,1.0,11459.6494140625,0.0
feature.Yield.managed.DR,1,10,10.0,0.0,10000.0,1.0,1.0,13167.49609375,0.0
feature.Yield.managed.DR,2,20,10.0,0.0,10000.0,1.0,1.0,14664.9482421875,0.0
feature.Yield.managed.DR,3,30,10.0,0.0,10000.0,1.0,1.0,15485.208984375,0.0
feature.Yield.managed.DR,4,40,10.0,0.0,10000.0,1.0,1.0,15876.8828125,0.0
feature.Yield.managed.DR,5,50,10.0,0.0,10000.0,1.0,1.0,15843.7060546875,0.0
feature.Yield.managed.DR,6,60,10.0,0.0,10000.0,1.0,1.0,14619.1201171875,0.0
feature.Yield.managed.DR,7,70,10.0,0.0,10000.0,1.0,1.0,14381.2158203125,0.0
feature.Yield.managed.DR,8,80,10.0,0.0,10000.0,1.0,1.0,14529.2919921875,0.0
feature.Yield.managed.DR,9,90,10.0,0.0,10000.0,1.0,1.0,12952.4423828125,0.0
feature.Yield.managed.DR,10,100,10.0,0.0,10000.0,1.0,1.0,12482.3662109375,0.0
feature.Yield.managed.DR,11,110,10.0,0.0,10000.0,1.0,1.0,12719.19140625,0.0
feature.Yield.managed.DR,12,120,10.0,0.0,10000.0,1.0,1.0,10428.4833984375,0.0
feature.Yield.managed.DR,13,130,10.0,0.0,10000.0,1.0,1.0,11033.740234375,0.0
feature.Yield.managed.DR,14,140,10.0,0.0,10000.0,1.0,1.0,10880.9482421875,0.0
feature.Yield.managed.DR,15,150,10.0,0.0,10000.0,1.0,1.0,9815.43359375,0.0
feature.Yield.managed.DR,16,160,10.0,0.0,10000.0,1.0,1.0,10417.1884765625,0.0
feature.Yield.managed.DR,17,170,10.0,0.0,10000.0,1.0,1.0,11203.568359375,0.0
feature.Yield.managed.DR,18,180,10.0,0.0,10000.0,1.0,1.0,10548.3642578125,0.0
feature.Yield.managed.DR,19,190,10.0,0.0,10000.0,1.0,1.0,11064.939453125,0.0
feature.Yield.managed.DR,20,200,10.0,0.0,10000.0,1.0,1.0,11535.8828125,0.0
feature.Yield.managed.DR,21,210,10.0,0.0,10000.0,1.0,1.0,12192.59375,0.0
feature.Yield.managed.DR,22,220,10.0,0.0,10000.0,1.0,1.0,12922.646484375,0.0
feature.Yield.managed.DR,23,230,10.0,0.0,10000.0,1.0,1.0,13025.76171875,0.0
feature.Yield.managed.DR,24,240,10.0,0.0,10000.0,1.0,1.0,11771.087890625,0.0
feature.Yield.managed.DR,25,250,10.0,0.0,10000.0,1.0,1.0,11899.86328125,0.0
feature.Yield.managed.DR,26,260,10.0,0.0,10000.0,1.0,1.0,12440.9736328125,0.0
feature.Yield.managed.DR,27,270,10.0,0.0,10000.0,1.0,1.0,10118.732421875,0.0
feature.Yield.managed.DR,28,280,10.0,0.0,10000.0,1.0,1.0,9515.9365234375,0.0
feature.Yield.managed.DR,29,290,10.0,0.0,10000.0,1.0,1.0,8754.0009765625,0.0
feature.Yield.managed.DR,30,300,10.0,0.0,10000.0,1.0,1.0,9065.2587890625,0.0
