TARGET,PERIOD,YEAR,PERIODWIDTH,MINIMUM,MAXIMUM,MINWEIGHT,MAXWEIGHT,CURRENT,SUMMARY
feature.Yield.managed.HW,0,0,10.0,0.0,10000.0,1.0,1.0,339266.59375,0.0
feature.Yield.managed.HW,1,10,10.0,0.0,10000.0,1.0,1.0,336327.96875,0.0
feature.Yield.managed.HW,2,20,10.0,0.0,10000.0,1.0,1.0,319183.84375,0.0
feature.Yield.managed.HW,3,30,10.0,0.0,10000.0,1.0,1.0,315876.46875,0.0
feature.Yield.managed.HW,4,40,10.0,0.0,10000.0,1.0,1.0,289419.15625,0.0
feature.Yield.managed.HW,5,50,10.0,0.0,10000.0,1.0,1.0,282355.96875,0.0
feature.Yield.managed.HW,6,60,10.0,0.0,10000.0,1.0,1.0,276928.53125,0.0
feature.Yield.managed.HW,7,70,10.0,0.0,10000.0,1.0,1.0,288400.15625,0.0
feature.Yield.managed.HW,8,80,10.0,0.0,10000.0,1.0,1.0,277772.03125,0.0
feature.Yield.managed.HW,9,90,10.0,0.0,10000.0,1.0,1.0,257791.90625,0.0
feature.Yield.managed.HW,10,100,10.0,0.0,10000.0,1.0,1.0,237785.875,0.0
feature.Yield.managed.HW,11,110,10.0,0.0,10000.0,1.0,1.0,235827.859375,0.0
feature.Yield.managed.HW,12,120,10.0,0.0,10000.0,1.0,1.0,228466.921875,0.0
feature.Yield.managed.HW,13,130,10.0,0.0,10000.0,1.0,1.0,229067.28125,0.0
feature.Yield.managed.HW,14,140,10.0,0.0,10000.0,1.0,1.0,209706.515625,0.0
feature.Yield.managed.HW,15,150,10.0,0.0,10000.0,1.0,1.0,227670.921875,0.0
feature.Yield.managed.HW,16,160,10.0,0.0,10000.0,1.0,1.0,242441.734375,0.0
feature.Yield.managed.HW,17,170,10.0,0.0,10000.0,1.0,1.0,250047.5,0.0
feature.Yield.managed.HW,18,180,10.0,0.0,10000.0,1.0,1.0,239602.890625,0.0
feature.Yield.managed.HW,19,190,10.0,0.0,10000.0,1.0,1.0,242246.6875,0.0
feature.Yield.managed.HW,20,200,10.0,0.0,10000.0,1.0,1.0,235110.015625,0.0
feature.Yield.managed.HW,21,210,10.0,0.0,10000.0,1.0,1.0,231629.40625,0.0
feature.Yield.managed.HW,22,220,10.0,0.0,10000.0,1.0,1.0,230488.9375,0.0
feature.Yield.managed.HW,23,230,10.0,0.0,10000.0,1.0,1.0,213142.453125,0.0
feature.Yield.managed.HW,24,240,10.0,0.0,10000.0,1.0,1.0,227407.359375,0.0
feature.Yield.managed.HW,25,250,10.0,0.0,10000.0,1.0,1.0,214534.4375,0.0
feature.Yield.managed.HW,26,260,10.0,0.0,10000.0,1.0,1.0,196812.078125,0.0
feature.Yield.managed.HW,27,270,10.0,0.0,10000.0,1.0,1.0,192892.109375,0.0
feature.Yield.managed.HW,28,280,10.0,0.0,10000.0,1.0,1.0,212983.71875,0.0
feature.Yield.managed.HW,29,290,10.0,0.0,10000.0,1.0,1.0,228770.59375,0.0
feature.Yield.managed.HW,30,300,10.0,0.0,10000.0,1.0,1.0,232061.265625,0.0
