TARGET,PERIOD,YEAR,PERIODWIDTH,MINIMUM,MAXIMUM,MINWEIGHT,MAXWEIGHT,CURRENT,SUMMARY
feature.Seral.mature,0,0,10.0,0.0,10000.0,1.0,1.0,194.47799682617188,0.0
feature.Seral.mature,1,10,10.0,0.0,10000.0,1.0,1.0,111.91000366210938,0.0
feature.Seral.mature,2,20,10.0,0.0,10000.0,1.0,1.0,59.845001220703125,0.0
feature.Seral.mature,3,30,10.0,0.0,10000.0,1.0,1.0,43.01499938964844,0.0
feature.Seral.mature,4,40,10.0,0.0,10000.0,1.0,1.0,40.8489990234375,0.0
feature.Seral.mature,5,50,10.0,0.0,10000.0,1.0,1.0,128.38900756835938,0.0
feature.Seral.mature,6,60,10.0,0.0,10000.0,1.0,1.0,231.38600158691406,0.0
feature.Seral.mature,7,70,10.0,0.0,10000.0,1.0,1.0,271.4849853515625,0.0
feature.Seral.mature,8,80,10.0,0.0,10000.0,1.0,1.0,288.6730041503906,0.0
feature.Seral.mature,9,90,10.0,0.0,10000.0,1.0,1.0,245.44000244140625,0.0
feature.Seral.mature,10,100,10.0,0.0,10000.0,1.0,1.0,205.5749969482422,0.0
feature.Seral.mature,11,110,10.0,0.0,10000.0,1.0,1.0,122.71099853515625,0.0
feature.Seral.mature,12,120,10.0,0.0,10000.0,1.0,1.0,105.61199951171875,0.0
feature.Seral.mature,13,130,10.0,0.0,10000.0,1.0,1.0,103.63800048828125,0.0
feature.Seral.mature,14,140,10.0,0.0,10000.0,1.0,1.0,74.22200012207031,0.0
feature.Seral.mature,15,150,10.0,0.0,10000.0,1.0,1.0,71.24500274658203,0.0
feature.Seral.mature,16,160,10.0,0.0,10000.0,1.0,1.0,37.95000076293945,0.0
feature.Seral.mature,17,170,10.0,0.0,10000.0,1.0,1.0,13.711000442504883,0.0
feature.Seral.mature,18,180,10.0,0.0,10000.0,1.0,1.0,22.32699966430664,0.0
feature.Seral.mature,19,190,10.0,0.0,10000.0,1.0,1.0,35.11399841308594,0.0
feature.Seral.mature,20,200,10.0,0.0,10000.0,1.0,1.0,49.439998626708984,0.0
feature.Seral.mature,21,210,10.0,0.0,10000.0,1.0,1.0,38.62799835205078,0.0
feature.Seral.mature,22,220,10.0,0.0,10000.0,1.0,1.0,27.93199920654297,0.0
feature.Seral.mature,23,230,10.0,0.0,10000.0,1.0,1.0,7.298999786376953,0.0
feature.Seral.mature,24,240,10.0,0.0,10000.0,1.0,1.0,18.83799934387207,0.0
feature.Seral.mature,25,250,10.0,0.0,10000.0,1.0,1.0,5.954999923706055,0.0
feature.Seral.mature,26,260,10.0,0.0,10000.0,1.0,1.0,6.796000003814697,0.0
feature.Seral.mature,27,270,10.0,0.0,10000.0,1.0,1.0,7.435999870300293,0.0
feature.Seral.mature,28,280,10.0,0.0,10000.0,1.0,1.0,13.36400032043457,0.0
feature.Seral.mature,29,290,10.0,0.0,10000.0,1.0,1.0,9.081000328063965,0.0
feature.Seral.mature,30,300,10.0,0.0,10000.0,1.0,1.0,9.081000328063965,0.0
