TARGET,PERIOD,YEAR,PERIODWIDTH,MINIMUM,MAXIMUM,MINWEIGHT,MAXWEIGHT,CURRENT,SUMMARY
feature.Yield.managed.CW,0,0,10.0,0.0,10000.0,1.0,1.0,98525.78125,0.0
feature.Yield.managed.CW,1,10,10.0,0.0,10000.0,1.0,1.0,104432.609375,0.0
feature.Yield.managed.CW,2,20,10.0,0.0,10000.0,1.0,1.0,108257.03125,0.0
feature.Yield.managed.CW,3,30,10.0,0.0,10000.0,1.0,1.0,104838.8671875,0.0
feature.Yield.managed.CW,4,40,10.0,0.0,10000.0,1.0,1.0,99678.015625,0.0
feature.Yield.managed.CW,5,50,10.0,0.0,10000.0,1.0,1.0,96413.5859375,0.0
feature.Yield.managed.CW,6,60,10.0,0.0,10000.0,1.0,1.0,91788.484375,0.0
feature.Yield.managed.CW,7,70,10.0,0.0,10000.0,1.0,1.0,93772.828125,0.0
feature.Yield.managed.CW,8,80,10.0,0.0,10000.0,1.0,1.0,91858.359375,0.0
feature.Yield.managed.CW,9,90,10.0,0.0,10000.0,1.0,1.0,88223.0078125,0.0
feature.Yield.managed.CW,10,100,10.0,0.0,10000.0,1.0,1.0,85905.4140625,0.0
feature.Yield.managed.CW,11,110,10.0,0.0,10000.0,1.0,1.0,83326.7109375,0.0
feature.Yield.managed.CW,12,120,10.0,0.0,10000.0,1.0,1.0,80817.0546875,0.0
feature.Yield.managed.CW,13,130,10.0,0.0,10000.0,1.0,1.0,79769.1484375,0.0
feature.Yield.managed.CW,14,140,10.0,0.0,10000.0,1.0,1.0,77550.265625,0.0
feature.Yield.managed.CW,15,150,10.0,0.0,10000.0,1.0,1.0,80281.96875,0.0
feature.Yield.managed.CW,16,160,10.0,0.0,10000.0,1.0,1.0,83035.15625,0.0
feature.Yield.managed.CW,17,170,10.0,0.0,10000.0,1.0,1.0,84475.2421875,0.0
feature.Yield.managed.CW,18,180,10.0,0.0,10000.0,1.0,1.0,83586.265625,0.0
feature.Yield.managed.CW,19,190,10.0,0.0,10000.0,1.0,1.0,84003.921875,0.0
feature.Yield.managed.CW,20,200,10.0,0.0,10000.0,1.0,1.0,83075.03125,0.0
feature.Yield.managed.CW,21,210,10.0,0.0,10000.0,1.0,1.0,82243.140625,0.0
feature.Yield.managed.CW,22,220,10.0,0.0,10000.0,1.0,1.0,82608.59375,0.0
feature.Yield.managed.CW,23,230,10.0,0.0,10000.0,1.0,1.0,79947.46875,0.0
feature.Yield.managed.CW,24,240,10.0,0.0,10000.0,1.0,1.0,80722.703125,0.0
feature.Yield.managed.CW,25,250,10.0,0.0,10000.0,1.0,1.0,77975.359375,0.0
feature.Yield.managed.CW,26,260,10.0,0.0,10000.0,1.0,1.0,74951.140625,0.0
feature.Yield.managed.CW,27,270,10.0,0.0,10000.0,1.0,1.0,73358.4296875,0.0
feature.Yield.managed.CW,28,280,10.0,0.0,10000.0,1.0,1.0,75646.6953125,0.0
feature.Yield.managed.CW,29,290,10.0,0.0,10000.0,1.0,1.0,78353.8125,0.0
feature.Yield.managed.CW,30,300,10.0,0.0,10000.0,1.0,1.0,78834.4296875,0.0
