TARGET,PERIOD,YEAR,PERIODWIDTH,MINIMUM,MAXIMUM,MINWEIGHT,MAXWEIGHT,CURRENT,SUMMARY
feature.Seral.immature,0,0,10.0,0.0,10000.0,1.0,1.0,1158.8919677734375,0.0
feature.Seral.immature,1,10,10.0,0.0,10000.0,1.0,1.0,1114.5880126953125,0.0
feature.Seral.immature,2,20,10.0,0.0,10000.0,1.0,1.0,1043.8270263671875,0.0
feature.Seral.immature,3,30,10.0,0.0,10000.0,1.0,1.0,981.677978515625,0.0
feature.Seral.immature,4,40,10.0,0.0,10000.0,1.0,1.0,811.10302734375,0.0
feature.Seral.immature,5,50,10.0,0.0,10000.0,1.0,1.0,575.458984375,0.0
feature.Seral.immature,6,60,10.0,0.0,10000.0,1.0,1.0,525.333984375,0.0
feature.Seral.immature,7,70,10.0,0.0,10000.0,1.0,1.0,574.9869995117188,0.0
feature.Seral.immature,8,80,10.0,0.0,10000.0,1.0,1.0,513.3109741210938,0.0
feature.Seral.immature,9,90,10.0,0.0,10000.0,1.0,1.0,479.7869873046875,0.0
feature.Seral.immature,10,100,10.0,0.0,10000.0,1.0,1.0,552.85498046875,0.0
feature.Seral.immature,11,110,10.0,0.0,10000.0,1.0,1.0,547.7109985351562,0.0
feature.Seral.immature,12,120,10.0,0.0,10000.0,1.0,1.0,516.4749755859375,0.0
feature.Seral.immature,13,130,10.0,0.0,10000.0,1.0,1.0,555.3590087890625,0.0
feature.Seral.immature,14,140,10.0,0.0,10000.0,1.0,1.0,586.5789794921875,0.0
feature.Seral.immature,15,150,10.0,0.0,10000.0,1.0,1.0,612.5419921875,0.0
feature.Seral.immature,16,160,10.0,0.0,10000.0,1.0,1.0,654.5609741210938,0.0
feature.Seral.immature,17,170,10.0,0.0,10000.0,1.0,1.0,608.968017578125,0.0
feature.Seral.immature,18,180,10.0,0.0,10000.0,1.0,1.0,581.9290161132812,0.0
feature.Seral.immature,19,190,10.0,0.0,10000.0,1.0,1.0,568.2319946289062,0.0
feature.Seral.immature,20,200,10.0,0.0,10000.0,1.0,1.0,622.9359741210938,0.0
feature.Seral.immature,21,210,10.0,0.0,10000.0,1.0,1.0,607.0269775390625,0.0
feature.Seral.immature,22,220,10.0,0.0,10000.0,1.0,1.0,653.0919799804688,0.0
feature.Seral.immature,23,230,10.0,0.0,10000.0,1.0,1.0,616.6939697265625,0.0
feature.Seral.immature,24,240,10.0,0.0,10000.0,1.0,1.0,709.1619873046875,0.0
feature.Seral.immature,25,250,10.0,0.0,10000.0,1.0,1.0,653.114990234375,0.0
feature.Seral.immature,26,260,10.0,0.0,10000.0,1.0,1.0,669.1680297851562,0.0
feature.Seral.immature,27,270,10.0,0.0,10000.0,1.0,1.0,645.7550048828125,0.0
feature.Seral.immature,28,280,10.0,0.0,10000.0,1.0,1.0,711.0469970703125,0.0
feature.Seral.immature,29,290,10.0,0.0,10000.0,1.0,1.0,631.3460083007812,0.0
feature.Seral.immature,30,300,10.0,0.0,10000.0,1.0,1.0,690.5469970703125,0.0
