TARGET,PERIOD,YEAR,PERIODWIDTH,MINIMUM,MAXIMUM,MINWEIGHT,MAXWEIGHT,CURRENT,SUMMARY
feature.Area.og1.total,0,0,10.0,0.0,10000.0,1.0,1.0,375.1780090332031,0.0
feature.Area.og1.total,1,10,10.0,0.0,10000.0,1.0,1.0,376.0469970703125,0.0
feature.Area.og1.total,2,20,10.0,0.0,10000.0,1.0,1.0,391.4129943847656,0.0
feature.Area.og1.total,3,30,10.0,0.0,10000.0,1.0,1.0,425.1600036621094,0.0
feature.Area.og1.total,4,40,10.0,0.0,10000.0,1.0,1.0,458.6610107421875,0.0
feature.Area.og1.total,5,50,10.0,0.0,10000.0,1.0,1.0,500.09698486328125,0.0
feature.Area.og1.total,6,60,10.0,0.0,10000.0,1.0,1.0,543.3200073242188,0.0
feature.Area.og1.total,7,70,10.0,0.0,10000.0,1.0,1.0,601.8900146484375,0.0
feature.Area.og1.total,8,80,10.0,0.0,10000.0,1.0,1.0,622.7379760742188,0.0
feature.Area.og1.total,9,90,10.0,0.0,10000.0,1.0,1.0,666.1799926757812,0.0
feature.Area.og1.total,10,100,10.0,0.0,10000.0,1.0,1.0,690.2919921875,0.0
feature.Area.og1.total,11,110,10.0,0.0,10000.0,1.0,1.0,692.0419921875,0.0
feature.Area.og1.total,12,120,10.0,0.0,10000.0,1.0,1.0,712.2680053710938,0.0
feature.Area.og1.total,13,130,10.0,0.0,10000.0,1.0,1.0,735.8759765625,0.0
feature.Area.og1.total,14,140,10.0,0.0,10000.0,1.0,1.0,740.7360229492188,0.0
feature.Area.og1.total,15,150,10.0,0.0,10000.0,1.0,1.0,722.9580078125,0.0
feature.Area.og1.total,16,160,10.0,0.0,10000.0,1.0,1.0,709.4769897460938,0.0
feature.Area.og1.total,17,170,10.0,0.0,10000.0,1.0,1.0,701.176025390625,0.0
feature.Area.og1.total,18,180,10.0,0.0,10000.0,1.0,1.0,694.8660278320312,0.0
feature.Area.og1.total,19,190,10.0,0.0,10000.0,1.0,1.0,706.64697265625,0.0
feature.Area.og1.total,20,200,10.0,0.0,10000.0,1.0,1.0,708.1019897460938,0.0
feature.Area.og1.total,21,210,10.0,0.0,10000.0,1.0,1.0,711.3889770507812,0.0
feature.Area.og1.total,22,220,10.0,0.0,10000.0,1.0,1.0,694.3619995117188,0.0
feature.Area.og1.total,23,230,10.0,0.0,10000.0,1.0,1.0,701.9509887695312,0.0
feature.Area.og1.total,24,240,10.0,0.0,10000.0,1.0,1.0,707.2969970703125,0.0
feature.Area.og1.total,25,250,10.0,0.0,10000.0,1.0,1.0,722.9929809570312,0.0
feature.Area.og1.total,26,260,10.0,0.0,10000.0,1.0,1.0,726.2620239257812,0.0
feature.Area.og1.total,27,270,10.0,0.0,10000.0,1.0,1.0,743.927978515625,0.0
feature.Area.og1.total,28,280,10.0,0.0,10000.0,1.0,1.0,728.885986328125,0.0
feature.Area.og1.total,29,290,10.0,0.0,10000.0,1.0,1.0,725.1370239257812,0.0
feature.Area.og1.total,30,300,10.0,0.0,10000.0,1.0,1.0,721.5139770507812,0.0
