TARGET,PERIOD,YEAR,PERIODWIDTH,MINIMUM,MAXIMUM,MINWEIGHT,MAXWEIGHT,CURRENT,SUMMARY
feature.Yield.managed.DR,0,0,10.0,0.0,10000.0,1.0,1.0,11459.6494140625,0.0
feature.Yield.managed.DR,1,10,10.0,0.0,10000.0,1.0,1.0,13060.9130859375,0.0
feature.Yield.managed.DR,2,20,10.0,0.0,10000.0,1.0,1.0,14249.80859375,0.0
feature.Yield.managed.DR,3,30,10.0,0.0,10000.0,1.0,1.0,15067.595703125,0.0
feature.Yield.managed.DR,4,40,10.0,0.0,10000.0,1.0,1.0,15416.8974609375,0.0
feature.Yield.managed.DR,5,50,10.0,0.0,10000.0,1.0,1.0,14061.8828125,0.0
feature.Yield.managed.DR,6,60,10.0,0.0,10000.0,1.0,1.0,11032.6181640625,0.0
feature.Yield.managed.DR,7,70,10.0,0.0,10000.0,1.0,1.0,10359.1083984375,0.0
feature.Yield.managed.DR,8,80,10.0,0.0,10000.0,1.0,1.0,9968.6220703125,0.0
feature.Yield.managed.DR,9,90,10.0,0.0,10000.0,1.0,1.0,10271.896484375,0.0
feature.Yield.managed.DR,10,100,10.0,0.0,10000.0,1.0,1.0,10472.1318359375,0.0
feature.Yield.managed.DR,11,110,10.0,0.0,10000.0,1.0,1.0,9987.1552734375,0.0
feature.Yield.managed.DR,12,120,10.0,0.0,10000.0,1.0,1.0,10581.482421875,0.0
feature.Yield.managed.DR,13,130,10.0,0.0,10000.0,1.0,1.0,11192.5185546875,0.0
feature.Yield.managed.DR,14,140,10.0,0.0,10000.0,1.0,1.0,11863.2275390625,0.0
feature.Yield.managed.DR,15,150,10.0,0.0,10000.0,1.0,1.0,12549.40625,0.0
feature.Yield.managed.DR,16,160,10.0,0.0,10000.0,1.0,1.0,11929.6357421875,0.0
feature.Yield.managed.DR,17,170,10.0,0.0,10000.0,1.0,1.0,9896.54296875,0.0
feature.Yield.managed.DR,18,180,10.0,0.0,10000.0,1.0,1.0,8356.2333984375,0.0
feature.Yield.managed.DR,19,190,10.0,0.0,10000.0,1.0,1.0,9049.130859375,0.0
feature.Yield.managed.DR,20,200,10.0,0.0,10000.0,1.0,1.0,9687.578125,0.0
feature.Yield.managed.DR,21,210,10.0,0.0,10000.0,1.0,1.0,10098.21484375,0.0
feature.Yield.managed.DR,22,220,10.0,0.0,10000.0,1.0,1.0,9601.775390625,0.0
feature.Yield.managed.DR,23,230,10.0,0.0,10000.0,1.0,1.0,10237.123046875,0.0
feature.Yield.managed.DR,24,240,10.0,0.0,10000.0,1.0,1.0,10918.9892578125,0.0
feature.Yield.managed.DR,25,250,10.0,0.0,10000.0,1.0,1.0,11632.662109375,0.0
feature.Yield.managed.DR,26,260,10.0,0.0,10000.0,1.0,1.0,10814.482421875,0.0
feature.Yield.managed.DR,27,270,10.0,0.0,10000.0,1.0,1.0,11375.134765625,0.0
feature.Yield.managed.DR,28,280,10.0,0.0,10000.0,1.0,1.0,10862.8232421875,0.0
feature.Yield.managed.DR,29,290,10.0,0.0,10000.0,1.0,1.0,8651.6669921875,0.0
feature.Yield.managed.DR,30,300,10.0,0.0,10000.0,1.0,1.0,8747.630859375,0.0
