TARGET,PERIOD,YEAR,PERIODWIDTH,MINIMUM,MAXIMUM,MINWEIGHT,MAXWEIGHT,CURRENT,SUMMARY
feature.Yield.managed.SS,0,0,10.0,0.0,10000.0,1.0,1.0,4413.90478515625,0.0
feature.Yield.managed.SS,1,10,10.0,0.0,10000.0,1.0,1.0,5091.16015625,0.0
feature.Yield.managed.SS,2,20,10.0,0.0,10000.0,1.0,1.0,5734.94677734375,0.0
feature.Yield.managed.SS,3,30,10.0,0.0,10000.0,1.0,1.0,6308.955078125,0.0
feature.Yield.managed.SS,4,40,10.0,0.0,10000.0,1.0,1.0,6546.10009765625,0.0
feature.Yield.managed.SS,5,50,10.0,0.0,10000.0,1.0,1.0,6467.580078125,0.0
feature.Yield.managed.SS,6,60,10.0,0.0,10000.0,1.0,1.0,6259.587890625,0.0
feature.Yield.managed.SS,7,70,10.0,0.0,10000.0,1.0,1.0,6220.9150390625,0.0
feature.Yield.managed.SS,8,80,10.0,0.0,10000.0,1.0,1.0,1781.7110595703125,0.0
feature.Yield.managed.SS,9,90,10.0,0.0,10000.0,1.0,1.0,1840.761962890625,0.0
feature.Yield.managed.SS,10,100,10.0,0.0,10000.0,1.0,1.0,2156.89892578125,0.0
feature.Yield.managed.SS,11,110,10.0,0.0,10000.0,1.0,1.0,1708.550048828125,0.0
feature.Yield.managed.SS,12,120,10.0,0.0,10000.0,1.0,1.0,2215.448974609375,0.0
feature.Yield.managed.SS,13,130,10.0,0.0,10000.0,1.0,1.0,2758.676025390625,0.0
feature.Yield.managed.SS,14,140,10.0,0.0,10000.0,1.0,1.0,3299.89892578125,0.0
feature.Yield.managed.SS,15,150,10.0,0.0,10000.0,1.0,1.0,3839.860107421875,0.0
feature.Yield.managed.SS,16,160,10.0,0.0,10000.0,1.0,1.0,4239.2431640625,0.0
feature.Yield.managed.SS,17,170,10.0,0.0,10000.0,1.0,1.0,4563.0087890625,0.0
feature.Yield.managed.SS,18,180,10.0,0.0,10000.0,1.0,1.0,4644.451171875,0.0
feature.Yield.managed.SS,19,190,10.0,0.0,10000.0,1.0,1.0,4778.23876953125,0.0
feature.Yield.managed.SS,20,200,10.0,0.0,10000.0,1.0,1.0,4902.23193359375,0.0
feature.Yield.managed.SS,21,210,10.0,0.0,10000.0,1.0,1.0,4934.4970703125,0.0
feature.Yield.managed.SS,22,220,10.0,0.0,10000.0,1.0,1.0,1703.4320068359375,0.0
feature.Yield.managed.SS,23,230,10.0,0.0,10000.0,1.0,1.0,1795.4930419921875,0.0
feature.Yield.managed.SS,24,240,10.0,0.0,10000.0,1.0,1.0,2167.90087890625,0.0
feature.Yield.managed.SS,25,250,10.0,0.0,10000.0,1.0,1.0,2652.9599609375,0.0
feature.Yield.managed.SS,26,260,10.0,0.0,10000.0,1.0,1.0,3065.513916015625,0.0
feature.Yield.managed.SS,27,270,10.0,0.0,10000.0,1.0,1.0,3532.958984375,0.0
feature.Yield.managed.SS,28,280,10.0,0.0,10000.0,1.0,1.0,3897.6298828125,0.0
feature.Yield.managed.SS,29,290,10.0,0.0,10000.0,1.0,1.0,4146.51806640625,0.0
feature.Yield.managed.SS,30,300,10.0,0.0,10000.0,1.0,1.0,4479.5849609375,0.0
