TARGET,PERIOD,YEAR,PERIODWIDTH,MINIMUM,MAXIMUM,MINWEIGHT,MAXWEIGHT,CURRENT,SUMMARY
feature.Area.og1.total,0,0,10.0,0.0,10000.0,1.0,1.0,375.1780090332031,0.0
feature.Area.og1.total,1,10,10.0,0.0,10000.0,1.0,1.0,367.4230041503906,0.0
feature.Area.og1.total,2,20,10.0,0.0,10000.0,1.0,1.0,373.0400085449219,0.0
feature.Area.og1.total,3,30,10.0,0.0,10000.0,1.0,1.0,383.8059997558594,0.0
feature.Area.og1.total,4,40,10.0,0.0,10000.0,1.0,1.0,414.7560119628906,0.0
feature.Area.og1.total,5,50,10.0,0.0,10000.0,1.0,1.0,474.3030090332031,0.0
feature.Area.og1.total,6,60,10.0,0.0,10000.0,1.0,1.0,522.7020263671875,0.0
feature.Area.og1.total,7,70,10.0,0.0,10000.0,1.0,1.0,568.1220092773438,0.0
feature.Area.og1.total,8,80,10.0,0.0,10000.0,1.0,1.0,596.6619873046875,0.0
feature.Area.og1.total,9,90,10.0,0.0,10000.0,1.0,1.0,628.2269897460938,0.0
feature.Area.og1.total,10,100,10.0,0.0,10000.0,1.0,1.0,686.0640258789062,0.0
feature.Area.og1.total,11,110,10.0,0.0,10000.0,1.0,1.0,749.280029296875,0.0
feature.Area.og1.total,12,120,10.0,0.0,10000.0,1.0,1.0,803.0079956054688,0.0
feature.Area.og1.total,13,130,10.0,0.0,10000.0,1.0,1.0,834.833984375,0.0
feature.Area.og1.total,14,140,10.0,0.0,10000.0,1.0,1.0,838.1320190429688,0.0
feature.Area.og1.total,15,150,10.0,0.0,10000.0,1.0,1.0,849.2219848632812,0.0
feature.Area.og1.total,16,160,10.0,0.0,10000.0,1.0,1.0,809.9539794921875,0.0
feature.Area.og1.total,17,170,10.0,0.0,10000.0,1.0,1.0,710.3670043945312,0.0
feature.Area.og1.total,18,180,10.0,0.0,10000.0,1.0,1.0,724.0540161132812,0.0
feature.Area.og1.total,19,190,10.0,0.0,10000.0,1.0,1.0,728.5130004882812,0.0
feature.Area.og1.total,20,200,10.0,0.0,10000.0,1.0,1.0,737.75,0.0
feature.Area.og1.total,21,210,10.0,0.0,10000.0,1.0,1.0,738.8759765625,0.0
feature.Area.og1.total,22,220,10.0,0.0,10000.0,1.0,1.0,722.31298828125,0.0
feature.Area.og1.total,23,230,10.0,0.0,10000.0,1.0,1.0,719.3720092773438,0.0
feature.Area.og1.total,24,240,10.0,0.0,10000.0,1.0,1.0,722.8270263671875,0.0
feature.Area.og1.total,25,250,10.0,0.0,10000.0,1.0,1.0,718.6060180664062,0.0
feature.Area.og1.total,26,260,10.0,0.0,10000.0,1.0,1.0,731.0889892578125,0.0
feature.Area.og1.total,27,270,10.0,0.0,10000.0,1.0,1.0,722.6110229492188,0.0
feature.Area.og1.total,28,280,10.0,0.0,10000.0,1.0,1.0,740.1699829101562,0.0
feature.Area.og1.total,29,290,10.0,0.0,10000.0,1.0,1.0,751.4849853515625,0.0
feature.Area.og1.total,30,300,10.0,0.0,10000.0,1.0,1.0,763.8270263671875,0.0
