TARGET,PERIOD,YEAR,PERIODWIDTH,MINIMUM,MAXIMUM,MINWEIGHT,MAXWEIGHT,CURRENT,SUMMARY
feature.Yield.managed.HW,0,0,10.0,0.0,10000.0,1.0,1.0,339266.59375,0.0
feature.Yield.managed.HW,1,10,10.0,0.0,10000.0,1.0,1.0,332312.03125,0.0
feature.Yield.managed.HW,2,20,10.0,0.0,10000.0,1.0,1.0,318238.4375,0.0
feature.Yield.managed.HW,3,30,10.0,0.0,10000.0,1.0,1.0,299888.21875,0.0
feature.Yield.managed.HW,4,40,10.0,0.0,10000.0,1.0,1.0,289102.0,0.0
feature.Yield.managed.HW,5,50,10.0,0.0,10000.0,1.0,1.0,278432.0,0.0
feature.Yield.managed.HW,6,60,10.0,0.0,10000.0,1.0,1.0,257083.921875,0.0
feature.Yield.managed.HW,7,70,10.0,0.0,10000.0,1.0,1.0,264456.4375,0.0
feature.Yield.managed.HW,8,80,10.0,0.0,10000.0,1.0,1.0,277934.9375,0.0
feature.Yield.managed.HW,9,90,10.0,0.0,10000.0,1.0,1.0,280348.84375,0.0
feature.Yield.managed.HW,10,100,10.0,0.0,10000.0,1.0,1.0,272362.0,0.0
feature.Yield.managed.HW,11,110,10.0,0.0,10000.0,1.0,1.0,256654.34375,0.0
feature.Yield.managed.HW,12,120,10.0,0.0,10000.0,1.0,1.0,252058.46875,0.0
feature.Yield.managed.HW,13,130,10.0,0.0,10000.0,1.0,1.0,253951.9375,0.0
feature.Yield.managed.HW,14,140,10.0,0.0,10000.0,1.0,1.0,245622.203125,0.0
feature.Yield.managed.HW,15,150,10.0,0.0,10000.0,1.0,1.0,233963.046875,0.0
feature.Yield.managed.HW,16,160,10.0,0.0,10000.0,1.0,1.0,233386.953125,0.0
feature.Yield.managed.HW,17,170,10.0,0.0,10000.0,1.0,1.0,242123.375,0.0
feature.Yield.managed.HW,18,180,10.0,0.0,10000.0,1.0,1.0,232948.796875,0.0
feature.Yield.managed.HW,19,190,10.0,0.0,10000.0,1.0,1.0,233440.59375,0.0
feature.Yield.managed.HW,20,200,10.0,0.0,10000.0,1.0,1.0,218104.359375,0.0
feature.Yield.managed.HW,21,210,10.0,0.0,10000.0,1.0,1.0,212644.125,0.0
feature.Yield.managed.HW,22,220,10.0,0.0,10000.0,1.0,1.0,219490.703125,0.0
feature.Yield.managed.HW,23,230,10.0,0.0,10000.0,1.0,1.0,216641.765625,0.0
feature.Yield.managed.HW,24,240,10.0,0.0,10000.0,1.0,1.0,206855.96875,0.0
feature.Yield.managed.HW,25,250,10.0,0.0,10000.0,1.0,1.0,209532.125,0.0
feature.Yield.managed.HW,26,260,10.0,0.0,10000.0,1.0,1.0,221257.40625,0.0
feature.Yield.managed.HW,27,270,10.0,0.0,10000.0,1.0,1.0,226571.84375,0.0
feature.Yield.managed.HW,28,280,10.0,0.0,10000.0,1.0,1.0,216646.0625,0.0
feature.Yield.managed.HW,29,290,10.0,0.0,10000.0,1.0,1.0,207075.15625,0.0
feature.Yield.managed.HW,30,300,10.0,0.0,10000.0,1.0,1.0,192378.21875,0.0
