TARGET,PERIOD,YEAR,PERIODWIDTH,MINIMUM,MAXIMUM,MINWEIGHT,MAXWEIGHT,CURRENT,SUMMARY
feature.Area.og2.total,0,0,10.0,0.0,10000.0,1.0,1.0,250.7050018310547,0.0
feature.Area.og2.total,1,10,10.0,0.0,10000.0,1.0,1.0,246.44200134277344,0.0
feature.Area.og2.total,2,20,10.0,0.0,10000.0,1.0,1.0,297.510986328125,0.0
feature.Area.og2.total,3,30,10.0,0.0,10000.0,1.0,1.0,294.39599609375,0.0
feature.Area.og2.total,4,40,10.0,0.0,10000.0,1.0,1.0,293.3039855957031,0.0
feature.Area.og2.total,5,50,10.0,0.0,10000.0,1.0,1.0,295.9540100097656,0.0
feature.Area.og2.total,6,60,10.0,0.0,10000.0,1.0,1.0,293.59100341796875,0.0
feature.Area.og2.total,7,70,10.0,0.0,10000.0,1.0,1.0,293.59100341796875,0.0
feature.Area.og2.total,8,80,10.0,0.0,10000.0,1.0,1.0,295.9020080566406,0.0
feature.Area.og2.total,9,90,10.0,0.0,10000.0,1.0,1.0,295.9020080566406,0.0
feature.Area.og2.total,10,100,10.0,0.0,10000.0,1.0,1.0,293.46099853515625,0.0
feature.Area.og2.total,11,110,10.0,0.0,10000.0,1.0,1.0,293.46099853515625,0.0
feature.Area.og2.total,12,120,10.0,0.0,10000.0,1.0,1.0,289.1780090332031,0.0
feature.Area.og2.total,13,130,10.0,0.0,10000.0,1.0,1.0,327.02398681640625,0.0
feature.Area.og2.total,14,140,10.0,0.0,10000.0,1.0,1.0,327.02398681640625,0.0
feature.Area.og2.total,15,150,10.0,0.0,10000.0,1.0,1.0,356.1310119628906,0.0
feature.Area.og2.total,16,160,10.0,0.0,10000.0,1.0,1.0,354.9389953613281,0.0
feature.Area.og2.total,17,170,10.0,0.0,10000.0,1.0,1.0,355.9209899902344,0.0
feature.Area.og2.total,18,180,10.0,0.0,10000.0,1.0,1.0,363.906005859375,0.0
feature.Area.og2.total,19,190,10.0,0.0,10000.0,1.0,1.0,400.2669982910156,0.0
feature.Area.og2.total,20,200,10.0,0.0,10000.0,1.0,1.0,516.4910278320312,0.0
feature.Area.og2.total,21,210,10.0,0.0,10000.0,1.0,1.0,650.5330200195312,0.0
feature.Area.og2.total,22,220,10.0,0.0,10000.0,1.0,1.0,677.7349853515625,0.0
feature.Area.og2.total,23,230,10.0,0.0,10000.0,1.0,1.0,677.7349853515625,0.0
feature.Area.og2.total,24,240,10.0,0.0,10000.0,1.0,1.0,677.7349853515625,0.0
feature.Area.og2.total,25,250,10.0,0.0,10000.0,1.0,1.0,677.7349853515625,0.0
feature.Area.og2.total,26,260,10.0,0.0,10000.0,1.0,1.0,677.7349853515625,0.0
feature.Area.og2.total,27,270,10.0,0.0,10000.0,1.0,1.0,679.4080200195312,0.0
feature.Area.og2.total,28,280,10.0,0.0,10000.0,1.0,1.0,679.2319946289062,0.0
feature.Area.og2.total,29,290,10.0,0.0,10000.0,1.0,1.0,679.2319946289062,0.0
feature.Area.og2.total,30,300,10.0,0.0,10000.0,1.0,1.0,676.9039916992188,0.0
