TARGET,PERIOD,YEAR,PERIODWIDTH,MINIMUM,MAXIMUM,MINWEIGHT,MAXWEIGHT,CURRENT,SUMMARY
feature.Yield.managed.YC,0,0,10.0,0.0,10000.0,1.0,1.0,955.906005859375,0.0
feature.Yield.managed.YC,1,10,10.0,0.0,10000.0,1.0,1.0,653.4420166015625,0.0
feature.Yield.managed.YC,2,20,10.0,0.0,10000.0,1.0,1.0,471.95599365234375,0.0
feature.Yield.managed.YC,3,30,10.0,0.0,10000.0,1.0,1.0,457.864013671875,0.0
feature.Yield.managed.YC,4,40,10.0,0.0,10000.0,1.0,1.0,500.9119873046875,0.0
feature.Yield.managed.YC,5,50,10.0,0.0,10000.0,1.0,1.0,568.0180053710938,0.0
feature.Yield.managed.YC,6,60,10.0,0.0,10000.0,1.0,1.0,597.8070068359375,0.0
feature.Yield.managed.YC,7,70,10.0,0.0,10000.0,1.0,1.0,499.1650085449219,0.0
feature.Yield.managed.YC,8,80,10.0,0.0,10000.0,1.0,1.0,566.77197265625,0.0
feature.Yield.managed.YC,9,90,10.0,0.0,10000.0,1.0,1.0,571.156005859375,0.0
feature.Yield.managed.YC,10,100,10.0,0.0,10000.0,1.0,1.0,609.073974609375,0.0
feature.Yield.managed.YC,11,110,10.0,0.0,10000.0,1.0,1.0,582.3690185546875,0.0
feature.Yield.managed.YC,12,120,10.0,0.0,10000.0,1.0,1.0,557.0029907226562,0.0
feature.Yield.managed.YC,13,130,10.0,0.0,10000.0,1.0,1.0,452.1080017089844,0.0
feature.Yield.managed.YC,14,140,10.0,0.0,10000.0,1.0,1.0,420.4320068359375,0.0
feature.Yield.managed.YC,15,150,10.0,0.0,10000.0,1.0,1.0,447.6400146484375,0.0
feature.Yield.managed.YC,16,160,10.0,0.0,10000.0,1.0,1.0,440.427001953125,0.0
feature.Yield.managed.YC,17,170,10.0,0.0,10000.0,1.0,1.0,393.1629943847656,0.0
feature.Yield.managed.YC,18,180,10.0,0.0,10000.0,1.0,1.0,421.8840026855469,0.0
feature.Yield.managed.YC,19,190,10.0,0.0,10000.0,1.0,1.0,279.06298828125,0.0
feature.Yield.managed.YC,20,200,10.0,0.0,10000.0,1.0,1.0,337.87799072265625,0.0
feature.Yield.managed.YC,21,210,10.0,0.0,10000.0,1.0,1.0,418.2040100097656,0.0
feature.Yield.managed.YC,22,220,10.0,0.0,10000.0,1.0,1.0,462.59698486328125,0.0
feature.Yield.managed.YC,23,230,10.0,0.0,10000.0,1.0,1.0,550.708984375,0.0
feature.Yield.managed.YC,24,240,10.0,0.0,10000.0,1.0,1.0,544.5830078125,0.0
feature.Yield.managed.YC,25,250,10.0,0.0,10000.0,1.0,1.0,552.3209838867188,0.0
feature.Yield.managed.YC,26,260,10.0,0.0,10000.0,1.0,1.0,483.8590087890625,0.0
feature.Yield.managed.YC,27,270,10.0,0.0,10000.0,1.0,1.0,530.4979858398438,0.0
feature.Yield.managed.YC,28,280,10.0,0.0,10000.0,1.0,1.0,502.9700012207031,0.0
feature.Yield.managed.YC,29,290,10.0,0.0,10000.0,1.0,1.0,482.2749938964844,0.0
feature.Yield.managed.YC,30,300,10.0,0.0,10000.0,1.0,1.0,362.94500732421875,0.0
