TARGET,PERIOD,YEAR,PERIODWIDTH,MINIMUM,MAXIMUM,MINWEIGHT,MAXWEIGHT,CURRENT,SUMMARY
feature.Yield.managed.FDC,0,0,10.0,0.0,10000.0,1.0,1.0,184192.78125,0.0
feature.Yield.managed.FDC,1,10,10.0,0.0,10000.0,1.0,1.0,199361.53125,0.0
feature.Yield.managed.FDC,2,20,10.0,0.0,10000.0,1.0,1.0,214564.5,0.0
feature.Yield.managed.FDC,3,30,10.0,0.0,10000.0,1.0,1.0,229598.5,0.0
feature.Yield.managed.FDC,4,40,10.0,0.0,10000.0,1.0,1.0,220121.03125,0.0
feature.Yield.managed.FDC,5,50,10.0,0.0,10000.0,1.0,1.0,198145.5,0.0
feature.Yield.managed.FDC,6,60,10.0,0.0,10000.0,1.0,1.0,201483.453125,0.0
feature.Yield.managed.FDC,7,70,10.0,0.0,10000.0,1.0,1.0,173470.609375,0.0
feature.Yield.managed.FDC,8,80,10.0,0.0,10000.0,1.0,1.0,153245.3125,0.0
feature.Yield.managed.FDC,9,90,10.0,0.0,10000.0,1.0,1.0,143966.109375,0.0
feature.Yield.managed.FDC,10,100,10.0,0.0,10000.0,1.0,1.0,153422.125,0.0
feature.Yield.managed.FDC,11,110,10.0,0.0,10000.0,1.0,1.0,166750.5625,0.0
feature.Yield.managed.FDC,12,120,10.0,0.0,10000.0,1.0,1.0,164791.96875,0.0
feature.Yield.managed.FDC,13,130,10.0,0.0,10000.0,1.0,1.0,154796.0,0.0
feature.Yield.managed.FDC,14,140,10.0,0.0,10000.0,1.0,1.0,156163.59375,0.0
feature.Yield.managed.FDC,15,150,10.0,0.0,10000.0,1.0,1.0,160723.453125,0.0
feature.Yield.managed.FDC,16,160,10.0,0.0,10000.0,1.0,1.0,152340.78125,0.0
feature.Yield.managed.FDC,17,170,10.0,0.0,10000.0,1.0,1.0,136736.453125,0.0
feature.Yield.managed.FDC,18,180,10.0,0.0,10000.0,1.0,1.0,149964.96875,0.0
feature.Yield.managed.FDC,19,190,10.0,0.0,10000.0,1.0,1.0,150443.53125,0.0
feature.Yield.managed.FDC,20,200,10.0,0.0,10000.0,1.0,1.0,161549.5625,0.0
feature.Yield.managed.FDC,21,210,10.0,0.0,10000.0,1.0,1.0,166604.703125,0.0
feature.Yield.managed.FDC,22,220,10.0,0.0,10000.0,1.0,1.0,155978.453125,0.0
feature.Yield.managed.FDC,23,230,10.0,0.0,10000.0,1.0,1.0,157529.28125,0.0
feature.Yield.managed.FDC,24,240,10.0,0.0,10000.0,1.0,1.0,159283.8125,0.0
feature.Yield.managed.FDC,25,250,10.0,0.0,10000.0,1.0,1.0,149197.453125,0.0
feature.Yield.managed.FDC,26,260,10.0,0.0,10000.0,1.0,1.0,130758.1640625,0.0
feature.Yield.managed.FDC,27,270,10.0,0.0,10000.0,1.0,1.0,123651.4375,0.0
feature.Yield.managed.FDC,28,280,10.0,0.0,10000.0,1.0,1.0,130599.5546875,0.0
feature.Yield.managed.FDC,29,290,10.0,0.0,10000.0,1.0,1.0,132873.03125,0.0
feature.Yield.managed.FDC,30,300,10.0,0.0,10000.0,1.0,1.0,143771.25,0.0
