TARGET,PERIOD,YEAR,PERIODWIDTH,MINIMUM,MAXIMUM,MINWEIGHT,MAXWEIGHT,CURRENT,SUMMARY
feature.Seral.mature,0,0,10.0,0.0,10000.0,1.0,1.0,194.47799682617188,0.0
feature.Seral.mature,1,10,10.0,0.0,10000.0,1.0,1.0,149.28900146484375,0.0
feature.Seral.mature,2,20,10.0,0.0,10000.0,1.0,1.0,89.88800048828125,0.0
feature.Seral.mature,3,30,10.0,0.0,10000.0,1.0,1.0,56.79100036621094,0.0
feature.Seral.mature,4,40,10.0,0.0,10000.0,1.0,1.0,39.66400146484375,0.0
feature.Seral.mature,5,50,10.0,0.0,10000.0,1.0,1.0,114.46099853515625,0.0
feature.Seral.mature,6,60,10.0,0.0,10000.0,1.0,1.0,228.48399353027344,0.0
feature.Seral.mature,7,70,10.0,0.0,10000.0,1.0,1.0,189.29100036621094,0.0
feature.Seral.mature,8,80,10.0,0.0,10000.0,1.0,1.0,196.10899353027344,0.0
feature.Seral.mature,9,90,10.0,0.0,10000.0,1.0,1.0,181.7310028076172,0.0
feature.Seral.mature,10,100,10.0,0.0,10000.0,1.0,1.0,128.1219940185547,0.0
feature.Seral.mature,11,110,10.0,0.0,10000.0,1.0,1.0,128.70799255371094,0.0
feature.Seral.mature,12,120,10.0,0.0,10000.0,1.0,1.0,105.78800201416016,0.0
feature.Seral.mature,13,130,10.0,0.0,10000.0,1.0,1.0,109.88700103759766,0.0
feature.Seral.mature,14,140,10.0,0.0,10000.0,1.0,1.0,80.32499694824219,0.0
feature.Seral.mature,15,150,10.0,0.0,10000.0,1.0,1.0,76.53399658203125,0.0
feature.Seral.mature,16,160,10.0,0.0,10000.0,1.0,1.0,53.952999114990234,0.0
feature.Seral.mature,17,170,10.0,0.0,10000.0,1.0,1.0,9.718000411987305,0.0
feature.Seral.mature,18,180,10.0,0.0,10000.0,1.0,1.0,37.297000885009766,0.0
feature.Seral.mature,19,190,10.0,0.0,10000.0,1.0,1.0,42.393001556396484,0.0
feature.Seral.mature,20,200,10.0,0.0,10000.0,1.0,1.0,30.67099952697754,0.0
feature.Seral.mature,21,210,10.0,0.0,10000.0,1.0,1.0,38.86399841308594,0.0
feature.Seral.mature,22,220,10.0,0.0,10000.0,1.0,1.0,10.114999771118164,0.0
feature.Seral.mature,23,230,10.0,0.0,10000.0,1.0,1.0,9.840999603271484,0.0
feature.Seral.mature,24,240,10.0,0.0,10000.0,1.0,1.0,4.5269999504089355,0.0
feature.Seral.mature,25,250,10.0,0.0,10000.0,1.0,1.0,4.5269999504089355,0.0
feature.Seral.mature,26,260,10.0,0.0,10000.0,1.0,1.0,0.609000027179718,0.0
feature.Seral.mature,27,270,10.0,0.0,10000.0,1.0,1.0,4.730999946594238,0.0
feature.Seral.mature,28,280,10.0,0.0,10000.0,1.0,1.0,9.720000267028809,0.0
feature.Seral.mature,29,290,10.0,0.0,10000.0,1.0,1.0,22.104999542236328,0.0
feature.Seral.mature,30,300,10.0,0.0,10000.0,1.0,1.0,8.873000144958496,0.0
