TARGET,PERIOD,YEAR,PERIODWIDTH,MINIMUM,MAXIMUM,MINWEIGHT,MAXWEIGHT,CURRENT,SUMMARY
feature.Yield.managed.FDC,0,0,10.0,0.0,10000.0,1.0,1.0,184192.78125,0.0
feature.Yield.managed.FDC,1,10,10.0,0.0,10000.0,1.0,1.0,195815.515625,0.0
feature.Yield.managed.FDC,2,20,10.0,0.0,10000.0,1.0,1.0,209484.71875,0.0
feature.Yield.managed.FDC,3,30,10.0,0.0,10000.0,1.0,1.0,203479.171875,0.0
feature.Yield.managed.FDC,4,40,10.0,0.0,10000.0,1.0,1.0,206328.53125,0.0
feature.Yield.managed.FDC,5,50,10.0,0.0,10000.0,1.0,1.0,178596.078125,0.0
feature.Yield.managed.FDC,6,60,10.0,0.0,10000.0,1.0,1.0,161774.75,0.0
feature.Yield.managed.FDC,7,70,10.0,0.0,10000.0,1.0,1.0,128123.7578125,0.0
feature.Yield.managed.FDC,8,80,10.0,0.0,10000.0,1.0,1.0,129710.4609375,0.0
feature.Yield.managed.FDC,9,90,10.0,0.0,10000.0,1.0,1.0,137614.734375,0.0
feature.Yield.managed.FDC,10,100,10.0,0.0,10000.0,1.0,1.0,149508.34375,0.0
feature.Yield.managed.FDC,11,110,10.0,0.0,10000.0,1.0,1.0,147709.671875,0.0
feature.Yield.managed.FDC,12,120,10.0,0.0,10000.0,1.0,1.0,148608.203125,0.0
feature.Yield.managed.FDC,13,130,10.0,0.0,10000.0,1.0,1.0,143359.125,0.0
feature.Yield.managed.FDC,14,140,10.0,0.0,10000.0,1.0,1.0,157174.25,0.0
feature.Yield.managed.FDC,15,150,10.0,0.0,10000.0,1.0,1.0,133897.28125,0.0
feature.Yield.managed.FDC,16,160,10.0,0.0,10000.0,1.0,1.0,121494.984375,0.0
feature.Yield.managed.FDC,17,170,10.0,0.0,10000.0,1.0,1.0,119117.1953125,0.0
feature.Yield.managed.FDC,18,180,10.0,0.0,10000.0,1.0,1.0,131331.578125,0.0
feature.Yield.managed.FDC,19,190,10.0,0.0,10000.0,1.0,1.0,129597.65625,0.0
feature.Yield.managed.FDC,20,200,10.0,0.0,10000.0,1.0,1.0,137088.90625,0.0
feature.Yield.managed.FDC,21,210,10.0,0.0,10000.0,1.0,1.0,140851.609375,0.0
feature.Yield.managed.FDC,22,220,10.0,0.0,10000.0,1.0,1.0,145513.328125,0.0
feature.Yield.managed.FDC,23,230,10.0,0.0,10000.0,1.0,1.0,160079.484375,0.0
feature.Yield.managed.FDC,24,240,10.0,0.0,10000.0,1.0,1.0,139139.703125,0.0
feature.Yield.managed.FDC,25,250,10.0,0.0,10000.0,1.0,1.0,144702.140625,0.0
feature.Yield.managed.FDC,26,260,10.0,0.0,10000.0,1.0,1.0,156247.828125,0.0
feature.Yield.managed.FDC,27,270,10.0,0.0,10000.0,1.0,1.0,152769.375,0.0
feature.Yield.managed.FDC,28,280,10.0,0.0,10000.0,1.0,1.0,130389.625,0.0
feature.Yield.managed.FDC,29,290,10.0,0.0,10000.0,1.0,1.0,117822.21875,0.0
feature.Yield.managed.FDC,30,300,10.0,0.0,10000.0,1.0,1.0,117277.8828125,0.0
