TARGET,PERIOD,YEAR,PERIODWIDTH,MINIMUM,MAXIMUM,MINWEIGHT,MAXWEIGHT,CURRENT,SUMMARY
product.Yield.managed.HW,0,0,10.0,0.0,10000.0,1.0,1.0,0.0,0.0
product.Yield.managed.HW,1,10,10.0,0.0,10000.0,1.0,1.0,57751.22265625,0.0
product.Yield.managed.HW,2,20,10.0,0.0,10000.0,1.0,1.0,62757.0546875,0.0
product.Yield.managed.HW,3,30,10.0,0.0,10000.0,1.0,1.0,44313.81640625,0.0
product.Yield.managed.HW,4,40,10.0,0.0,10000.0,1.0,1.0,61665.96875,0.0
product.Yield.managed.HW,5,50,10.0,0.0,10000.0,1.0,1.0,39232.6171875,0.0
product.Yield.managed.HW,6,60,10.0,0.0,10000.0,1.0,1.0,42990.3671875,0.0
product.Yield.managed.HW,7,70,10.0,0.0,10000.0,1.0,1.0,30852.240234375,0.0
product.Yield.managed.HW,8,80,10.0,0.0,10000.0,1.0,1.0,54556.34375,0.0
product.Yield.managed.HW,9,90,10.0,0.0,10000.0,1.0,1.0,61683.76171875,0.0
product.Yield.managed.HW,10,100,10.0,0.0,10000.0,1.0,1.0,61898.1015625,0.0
product.Yield.managed.HW,11,110,10.0,0.0,10000.0,1.0,1.0,46125.64453125,0.0
product.Yield.managed.HW,12,120,10.0,0.0,10000.0,1.0,1.0,53431.1484375,0.0
product.Yield.managed.HW,13,130,10.0,0.0,10000.0,1.0,1.0,48174.3984375,0.0
product.Yield.managed.HW,14,140,10.0,0.0,10000.0,1.0,1.0,67673.7265625,0.0
product.Yield.managed.HW,15,150,10.0,0.0,10000.0,1.0,1.0,33494.953125,0.0
product.Yield.managed.HW,16,160,10.0,0.0,10000.0,1.0,1.0,40902.0234375,0.0
product.Yield.managed.HW,17,170,10.0,0.0,10000.0,1.0,1.0,47066.6015625,0.0
product.Yield.managed.HW,18,180,10.0,0.0,10000.0,1.0,1.0,59323.24609375,0.0
product.Yield.managed.HW,19,190,10.0,0.0,10000.0,1.0,1.0,46280.68359375,0.0
product.Yield.managed.HW,20,200,10.0,0.0,10000.0,1.0,1.0,56065.37890625,0.0
product.Yield.managed.HW,21,210,10.0,0.0,10000.0,1.0,1.0,52615.10546875,0.0
product.Yield.managed.HW,22,220,10.0,0.0,10000.0,1.0,1.0,50729.1796875,0.0
product.Yield.managed.HW,23,230,10.0,0.0,10000.0,1.0,1.0,64318.37109375,0.0
product.Yield.managed.HW,24,240,10.0,0.0,10000.0,1.0,1.0,34704.34375,0.0
product.Yield.managed.HW,25,250,10.0,0.0,10000.0,1.0,1.0,61393.890625,0.0
product.Yield.managed.HW,26,260,10.0,0.0,10000.0,1.0,1.0,65004.79296875,0.0
product.Yield.managed.HW,27,270,10.0,0.0,10000.0,1.0,1.0,51106.69140625,0.0
product.Yield.managed.HW,28,280,10.0,0.0,10000.0,1.0,1.0,32847.11328125,0.0
product.Yield.managed.HW,29,290,10.0,0.0,10000.0,1.0,1.0,39617.8359375,0.0
product.Yield.managed.HW,30,300,10.0,0.0,10000.0,1.0,1.0,51162.75,0.0
