TARGET,PERIOD,YEAR,PERIODWIDTH,MINIMUM,MAXIMUM,MINWEIGHT,MAXWEIGHT,CURRENT,SUMMARY
product.Treated.managed.F2,0,0,10.0,0.0,10000.0,1.0,1.0,0.0,0.0
product.Treated.managed.F2,1,10,10.0,0.0,10000.0,1.0,1.0,0.0,0.0
product.Treated.managed.F2,2,20,10.0,0.0,10000.0,1.0,1.0,0.0,0.0
product.Treated.managed.F2,3,30,10.0,0.0,10000.0,1.0,1.0,0.0,0.0
product.Treated.managed.F2,4,40,10.0,0.0,10000.0,1.0,1.0,0.0,0.0
product.Treated.managed.F2,5,50,10.0,0.0,10000.0,1.0,1.0,0.0,0.0
product.Treated.managed.F2,6,60,10.0,0.0,10000.0,1.0,1.0,0.0,0.0
product.Treated.managed.F2,7,70,10.0,0.0,10000.0,1.0,1.0,6.796000003814697,0.0
product.Treated.managed.F2,8,80,10.0,0.0,10000.0,1.0,1.0,0.009999999776482582,0.0
product.Treated.managed.F2,9,90,10.0,0.0,10000.0,1.0,1.0,7.861000061035156,0.0
product.Treated.managed.F2,10,100,10.0,0.0,10000.0,1.0,1.0,31.94499969482422,0.0
product.Treated.managed.F2,11,110,10.0,0.0,10000.0,1.0,1.0,38.268001556396484,0.0
product.Treated.managed.F2,12,120,10.0,0.0,10000.0,1.0,1.0,3.9179999828338623,0.0
product.Treated.managed.F2,13,130,10.0,0.0,10000.0,1.0,1.0,38.70500183105469,0.0
product.Treated.managed.F2,14,140,10.0,0.0,10000.0,1.0,1.0,0.21299999952316284,0.0
product.Treated.managed.F2,15,150,10.0,0.0,10000.0,1.0,1.0,1.4240000247955322,0.0
product.Treated.managed.F2,16,160,10.0,0.0,10000.0,1.0,1.0,8.869999885559082,0.0
product.Treated.managed.F2,17,170,10.0,0.0,10000.0,1.0,1.0,0.0,0.0
product.Treated.managed.F2,18,180,10.0,0.0,10000.0,1.0,1.0,0.0,0.0
product.Treated.managed.F2,19,190,10.0,0.0,10000.0,1.0,1.0,6.998000144958496,0.0
product.Treated.managed.F2,20,200,10.0,0.0,10000.0,1.0,1.0,0.0,0.0
product.Treated.managed.F2,21,210,10.0,0.0,10000.0,1.0,1.0,18.26099967956543,0.0
product.Treated.managed.F2,22,220,10.0,0.0,10000.0,1.0,1.0,27.363000869750977,0.0
product.Treated.managed.F2,23,230,10.0,0.0,10000.0,1.0,1.0,0.11599999666213989,0.0
product.Treated.managed.F2,24,240,10.0,0.0,10000.0,1.0,1.0,0.1679999977350235,0.0
product.Treated.managed.F2,25,250,10.0,0.0,10000.0,1.0,1.0,8.329999923706055,0.0
product.Treated.managed.F2,26,260,10.0,0.0,10000.0,1.0,1.0,0.0,0.0
product.Treated.managed.F2,27,270,10.0,0.0,10000.0,1.0,1.0,0.0,0.0
product.Treated.managed.F2,28,280,10.0,0.0,10000.0,1.0,1.0,8.864999771118164,0.0
product.Treated.managed.F2,29,290,10.0,0.0,10000.0,1.0,1.0,38.03499984741211,0.0
product.Treated.managed.F2,30,300,10.0,0.0,10000.0,1.0,1.0,4.413000106811523,0.0
