TARGET,PERIOD,YEAR,PERIODWIDTH,MINIMUM,MAXIMUM,MINWEIGHT,MAXWEIGHT,CURRENT,SUMMARY
product.Yield.managed.DR,0,0,10.0,0.0,10000.0,1.0,1.0,0.0,0.0
product.Yield.managed.DR,1,10,10.0,0.0,10000.0,1.0,1.0,1205.0699462890625,0.0
product.Yield.managed.DR,2,20,10.0,0.0,10000.0,1.0,1.0,1371.8809814453125,0.0
product.Yield.managed.DR,3,30,10.0,0.0,10000.0,1.0,1.0,1511.2779541015625,0.0
product.Yield.managed.DR,4,40,10.0,0.0,10000.0,1.0,1.0,1597.905029296875,0.0
product.Yield.managed.DR,5,50,10.0,0.0,10000.0,1.0,1.0,2922.64111328125,0.0
product.Yield.managed.DR,6,60,10.0,0.0,10000.0,1.0,1.0,4498.9091796875,0.0
product.Yield.managed.DR,7,70,10.0,0.0,10000.0,1.0,1.0,2141.013916015625,0.0
product.Yield.managed.DR,8,80,10.0,0.0,10000.0,1.0,1.0,2063.85595703125,0.0
product.Yield.managed.DR,9,90,10.0,0.0,10000.0,1.0,1.0,1587.6409912109375,0.0
product.Yield.managed.DR,10,100,10.0,0.0,10000.0,1.0,1.0,1838.9100341796875,0.0
product.Yield.managed.DR,11,110,10.0,0.0,10000.0,1.0,1.0,2628.44189453125,0.0
product.Yield.managed.DR,12,120,10.0,0.0,10000.0,1.0,1.0,1566.85302734375,0.0
product.Yield.managed.DR,13,130,10.0,0.0,10000.0,1.0,1.0,1584.2149658203125,0.0
product.Yield.managed.DR,14,140,10.0,0.0,10000.0,1.0,1.0,1515.35498046875,0.0
product.Yield.managed.DR,15,150,10.0,0.0,10000.0,1.0,1.0,1589.10498046875,0.0
product.Yield.managed.DR,16,160,10.0,0.0,10000.0,1.0,1.0,2827.626953125,0.0
product.Yield.managed.DR,17,170,10.0,0.0,10000.0,1.0,1.0,4103.8798828125,0.0
product.Yield.managed.DR,18,180,10.0,0.0,10000.0,1.0,1.0,3340.780029296875,0.0
product.Yield.managed.DR,19,190,10.0,0.0,10000.0,1.0,1.0,1258.364990234375,0.0
product.Yield.managed.DR,20,200,10.0,0.0,10000.0,1.0,1.0,1549.864013671875,0.0
product.Yield.managed.DR,21,210,10.0,0.0,10000.0,1.0,1.0,1877.5159912109375,0.0
product.Yield.managed.DR,22,220,10.0,0.0,10000.0,1.0,1.0,2722.7509765625,0.0
product.Yield.managed.DR,23,230,10.0,0.0,10000.0,1.0,1.0,1536.198974609375,0.0
product.Yield.managed.DR,24,240,10.0,0.0,10000.0,1.0,1.0,1548.113037109375,0.0
product.Yield.managed.DR,25,250,10.0,0.0,10000.0,1.0,1.0,1476.491943359375,0.0
product.Yield.managed.DR,26,260,10.0,0.0,10000.0,1.0,1.0,2879.112060546875,0.0
product.Yield.managed.DR,27,270,10.0,0.0,10000.0,1.0,1.0,1473.0989990234375,0.0
product.Yield.managed.DR,28,280,10.0,0.0,10000.0,1.0,1.0,2630.240966796875,0.0
product.Yield.managed.DR,29,290,10.0,0.0,10000.0,1.0,1.0,4327.6630859375,0.0
product.Yield.managed.DR,30,300,10.0,0.0,10000.0,1.0,1.0,1909.199951171875,0.0
