TARGET,PERIOD,YEAR,PERIODWIDTH,MINIMUM,MAXIMUM,MINWEIGHT,MAXWEIGHT,CURRENT,SUMMARY
product.Yield.managed.FDC,0,0,10.0,0.0,10000.0,1.0,1.0,0.0,0.0
product.Yield.managed.FDC,1,10,10.0,0.0,10000.0,1.0,1.0,27142.888671875,0.0
product.Yield.managed.FDC,2,20,10.0,0.0,10000.0,1.0,1.0,21218.853515625,0.0
product.Yield.managed.FDC,3,30,10.0,0.0,10000.0,1.0,1.0,35435.4921875,0.0
product.Yield.managed.FDC,4,40,10.0,0.0,10000.0,1.0,1.0,18806.6796875,0.0
product.Yield.managed.FDC,5,50,10.0,0.0,10000.0,1.0,1.0,43706.359375,0.0
product.Yield.managed.FDC,6,60,10.0,0.0,10000.0,1.0,1.0,34744.6171875,0.0
product.Yield.managed.FDC,7,70,10.0,0.0,10000.0,1.0,1.0,54416.75390625,0.0
product.Yield.managed.FDC,8,80,10.0,0.0,10000.0,1.0,1.0,21422.314453125,0.0
product.Yield.managed.FDC,9,90,10.0,0.0,10000.0,1.0,1.0,18077.54296875,0.0
product.Yield.managed.FDC,10,100,10.0,0.0,10000.0,1.0,1.0,16860.240234375,0.0
product.Yield.managed.FDC,11,110,10.0,0.0,10000.0,1.0,1.0,31198.173828125,0.0
product.Yield.managed.FDC,12,120,10.0,0.0,10000.0,1.0,1.0,26088.263671875,0.0
product.Yield.managed.FDC,13,130,10.0,0.0,10000.0,1.0,1.0,32252.98828125,0.0
product.Yield.managed.FDC,14,140,10.0,0.0,10000.0,1.0,1.0,11741.5234375,0.0
product.Yield.managed.FDC,15,150,10.0,0.0,10000.0,1.0,1.0,49937.24609375,0.0
product.Yield.managed.FDC,16,160,10.0,0.0,10000.0,1.0,1.0,39672.40234375,0.0
product.Yield.managed.FDC,17,170,10.0,0.0,10000.0,1.0,1.0,31201.65234375,0.0
product.Yield.managed.FDC,18,180,10.0,0.0,10000.0,1.0,1.0,18566.921875,0.0
product.Yield.managed.FDC,19,190,10.0,0.0,10000.0,1.0,1.0,33580.5859375,0.0
product.Yield.managed.FDC,20,200,10.0,0.0,10000.0,1.0,1.0,23744.94140625,0.0
product.Yield.managed.FDC,21,210,10.0,0.0,10000.0,1.0,1.0,26735.3671875,0.0
product.Yield.managed.FDC,22,220,10.0,0.0,10000.0,1.0,1.0,25605.59375,0.0
product.Yield.managed.FDC,23,230,10.0,0.0,10000.0,1.0,1.0,14523.6630859375,0.0
product.Yield.managed.FDC,24,240,10.0,0.0,10000.0,1.0,1.0,47432.51953125,0.0
product.Yield.managed.FDC,25,250,10.0,0.0,10000.0,1.0,1.0,17640.91015625,0.0
product.Yield.managed.FDC,26,260,10.0,0.0,10000.0,1.0,1.0,12658.5576171875,0.0
product.Yield.managed.FDC,27,270,10.0,0.0,10000.0,1.0,1.0,28550.50390625,0.0
product.Yield.managed.FDC,28,280,10.0,0.0,10000.0,1.0,1.0,48436.72265625,0.0
product.Yield.managed.FDC,29,290,10.0,0.0,10000.0,1.0,1.0,39702.015625,0.0
product.Yield.managed.FDC,30,300,10.0,0.0,10000.0,1.0,1.0,28391.09375,0.0
