TARGET,PERIOD,YEAR,PERIODWIDTH,MINIMUM,MAXIMUM,MINWEIGHT,MAXWEIGHT,CURRENT,SUMMARY
product.Yield.managed.HW,0,0,10.0,0.0,10000.0,1.0,1.0,0.0,0.0
product.Yield.managed.HW,1,10,10.0,0.0,10000.0,1.0,1.0,60581.1640625,0.0
product.Yield.managed.HW,2,20,10.0,0.0,10000.0,1.0,1.0,61034.6640625,0.0
product.Yield.managed.HW,3,30,10.0,0.0,10000.0,1.0,1.0,62394.87109375,0.0
product.Yield.managed.HW,4,40,10.0,0.0,10000.0,1.0,1.0,46744.38671875,0.0
product.Yield.managed.HW,5,50,10.0,0.0,10000.0,1.0,1.0,43038.6328125,0.0
product.Yield.managed.HW,6,60,10.0,0.0,10000.0,1.0,1.0,58540.7421875,0.0
product.Yield.managed.HW,7,70,10.0,0.0,10000.0,1.0,1.0,35806.87890625,0.0
product.Yield.managed.HW,8,80,10.0,0.0,10000.0,1.0,1.0,35688.15234375,0.0
product.Yield.managed.HW,9,90,10.0,0.0,10000.0,1.0,1.0,48442.3125,0.0
product.Yield.managed.HW,10,100,10.0,0.0,10000.0,1.0,1.0,57951.8828125,0.0
product.Yield.managed.HW,11,110,10.0,0.0,10000.0,1.0,1.0,60331.86328125,0.0
product.Yield.managed.HW,12,120,10.0,0.0,10000.0,1.0,1.0,47982.4921875,0.0
product.Yield.managed.HW,13,130,10.0,0.0,10000.0,1.0,1.0,43215.109375,0.0
product.Yield.managed.HW,14,140,10.0,0.0,10000.0,1.0,1.0,54944.97265625,0.0
product.Yield.managed.HW,15,150,10.0,0.0,10000.0,1.0,1.0,57561.87109375,0.0
product.Yield.managed.HW,16,160,10.0,0.0,10000.0,1.0,1.0,46253.1484375,0.0
product.Yield.managed.HW,17,170,10.0,0.0,10000.0,1.0,1.0,39906.578125,0.0
product.Yield.managed.HW,18,180,10.0,0.0,10000.0,1.0,1.0,61765.1015625,0.0
product.Yield.managed.HW,19,190,10.0,0.0,10000.0,1.0,1.0,49624.3671875,0.0
product.Yield.managed.HW,20,200,10.0,0.0,10000.0,1.0,1.0,61361.28125,0.0
product.Yield.managed.HW,21,210,10.0,0.0,10000.0,1.0,1.0,55199.57421875,0.0
product.Yield.managed.HW,22,220,10.0,0.0,10000.0,1.0,1.0,43690.47265625,0.0
product.Yield.managed.HW,23,230,10.0,0.0,10000.0,1.0,1.0,53731.796875,0.0
product.Yield.managed.HW,24,240,10.0,0.0,10000.0,1.0,1.0,58922.375,0.0
product.Yield.managed.HW,25,250,10.0,0.0,10000.0,1.0,1.0,47475.58984375,0.0
product.Yield.managed.HW,26,260,10.0,0.0,10000.0,1.0,1.0,38461.421875,0.0
product.Yield.managed.HW,27,270,10.0,0.0,10000.0,1.0,1.0,46585.52734375,0.0
product.Yield.managed.HW,28,280,10.0,0.0,10000.0,1.0,1.0,59180.671875,0.0
product.Yield.managed.HW,29,290,10.0,0.0,10000.0,1.0,1.0,53820.98046875,0.0
product.Yield.managed.HW,30,300,10.0,0.0,10000.0,1.0,1.0,59266.05078125,0.0
