TARGET,PERIOD,YEAR,PERIODWIDTH,MINIMUM,MAXIMUM,MINWEIGHT,MAXWEIGHT,CURRENT,SUMMARY
product.Yield.managed.BA,0,0,10.0,0.0,10000.0,1.0,1.0,0.0,0.0
product.Yield.managed.BA,1,10,10.0,0.0,10000.0,1.0,1.0,1987.927001953125,0.0
product.Yield.managed.BA,2,20,10.0,0.0,10000.0,1.0,1.0,736.5689697265625,0.0
product.Yield.managed.BA,3,30,10.0,0.0,10000.0,1.0,1.0,240.38900756835938,0.0
product.Yield.managed.BA,4,40,10.0,0.0,10000.0,1.0,1.0,107.24500274658203,0.0
product.Yield.managed.BA,5,50,10.0,0.0,10000.0,1.0,1.0,136.625,0.0
product.Yield.managed.BA,6,60,10.0,0.0,10000.0,1.0,1.0,574.1840209960938,0.0
product.Yield.managed.BA,7,70,10.0,0.0,10000.0,1.0,1.0,135.03799438476562,0.0
product.Yield.managed.BA,8,80,10.0,0.0,10000.0,1.0,1.0,107.16899871826172,0.0
product.Yield.managed.BA,9,90,10.0,0.0,10000.0,1.0,1.0,221.89999389648438,0.0
product.Yield.managed.BA,10,100,10.0,0.0,10000.0,1.0,1.0,1462.416015625,0.0
product.Yield.managed.BA,11,110,10.0,0.0,10000.0,1.0,1.0,152.34100341796875,0.0
product.Yield.managed.BA,12,120,10.0,0.0,10000.0,1.0,1.0,230.81900024414062,0.0
product.Yield.managed.BA,13,130,10.0,0.0,10000.0,1.0,1.0,199.4720001220703,0.0
product.Yield.managed.BA,14,140,10.0,0.0,10000.0,1.0,1.0,137.3040008544922,0.0
product.Yield.managed.BA,15,150,10.0,0.0,10000.0,1.0,1.0,217.58700561523438,0.0
product.Yield.managed.BA,16,160,10.0,0.0,10000.0,1.0,1.0,347.4200134277344,0.0
product.Yield.managed.BA,17,170,10.0,0.0,10000.0,1.0,1.0,105.07599639892578,0.0
product.Yield.managed.BA,18,180,10.0,0.0,10000.0,1.0,1.0,227.6060028076172,0.0
product.Yield.managed.BA,19,190,10.0,0.0,10000.0,1.0,1.0,1316.634033203125,0.0
product.Yield.managed.BA,20,200,10.0,0.0,10000.0,1.0,1.0,359.8330078125,0.0
product.Yield.managed.BA,21,210,10.0,0.0,10000.0,1.0,1.0,312.63299560546875,0.0
product.Yield.managed.BA,22,220,10.0,0.0,10000.0,1.0,1.0,237.9600067138672,0.0
product.Yield.managed.BA,23,230,10.0,0.0,10000.0,1.0,1.0,228.4149932861328,0.0
product.Yield.managed.BA,24,240,10.0,0.0,10000.0,1.0,1.0,101.20600128173828,0.0
product.Yield.managed.BA,25,250,10.0,0.0,10000.0,1.0,1.0,245.77200317382812,0.0
product.Yield.managed.BA,26,260,10.0,0.0,10000.0,1.0,1.0,146.9510040283203,0.0
product.Yield.managed.BA,27,270,10.0,0.0,10000.0,1.0,1.0,193.57200622558594,0.0
product.Yield.managed.BA,28,280,10.0,0.0,10000.0,1.0,1.0,1227.864990234375,0.0
product.Yield.managed.BA,29,290,10.0,0.0,10000.0,1.0,1.0,474.35101318359375,0.0
product.Yield.managed.BA,30,300,10.0,0.0,10000.0,1.0,1.0,291.40301513671875,0.0
