TARGET,PERIOD,YEAR,PERIODWIDTH,MINIMUM,MAXIMUM,MINWEIGHT,MAXWEIGHT,CURRENT,SUMMARY
product.Yield.managed.YC,0,0,10.0,0.0,10000.0,1.0,1.0,0.0,0.0
product.Yield.managed.YC,1,10,10.0,0.0,10000.0,1.0,1.0,264.8160095214844,0.0
product.Yield.managed.YC,2,20,10.0,0.0,10000.0,1.0,1.0,201.61700439453125,0.0
product.Yield.managed.YC,3,30,10.0,0.0,10000.0,1.0,1.0,158.25599670410156,0.0
product.Yield.managed.YC,4,40,10.0,0.0,10000.0,1.0,1.0,6.164999961853027,0.0
product.Yield.managed.YC,5,50,10.0,0.0,10000.0,1.0,1.0,4.353000164031982,0.0
product.Yield.managed.YC,6,60,10.0,0.0,10000.0,1.0,1.0,346.7080078125,0.0
product.Yield.managed.YC,7,70,10.0,0.0,10000.0,1.0,1.0,43.81100082397461,0.0
product.Yield.managed.YC,8,80,10.0,0.0,10000.0,1.0,1.0,24.288000106811523,0.0
product.Yield.managed.YC,9,90,10.0,0.0,10000.0,1.0,1.0,7.046000003814697,0.0
product.Yield.managed.YC,10,100,10.0,0.0,10000.0,1.0,1.0,73.76300048828125,0.0
product.Yield.managed.YC,11,110,10.0,0.0,10000.0,1.0,1.0,66.63200378417969,0.0
product.Yield.managed.YC,12,120,10.0,0.0,10000.0,1.0,1.0,147.9429931640625,0.0
product.Yield.managed.YC,13,130,10.0,0.0,10000.0,1.0,1.0,110.80899810791016,0.0
product.Yield.managed.YC,14,140,10.0,0.0,10000.0,1.0,1.0,42.702999114990234,0.0
product.Yield.managed.YC,15,150,10.0,0.0,10000.0,1.0,1.0,96.97200012207031,0.0
product.Yield.managed.YC,16,160,10.0,0.0,10000.0,1.0,1.0,165.4810028076172,0.0
product.Yield.managed.YC,17,170,10.0,0.0,10000.0,1.0,1.0,0.5580000281333923,0.0
product.Yield.managed.YC,18,180,10.0,0.0,10000.0,1.0,1.0,8.14900016784668,0.0
product.Yield.managed.YC,19,190,10.0,0.0,10000.0,1.0,1.0,91.13099670410156,0.0
product.Yield.managed.YC,20,200,10.0,0.0,10000.0,1.0,1.0,30.476999282836914,0.0
product.Yield.managed.YC,21,210,10.0,0.0,10000.0,1.0,1.0,69.46499633789062,0.0
product.Yield.managed.YC,22,220,10.0,0.0,10000.0,1.0,1.0,155.92999267578125,0.0
product.Yield.managed.YC,23,230,10.0,0.0,10000.0,1.0,1.0,159.5850067138672,0.0
product.Yield.managed.YC,24,240,10.0,0.0,10000.0,1.0,1.0,0.0,0.0
product.Yield.managed.YC,25,250,10.0,0.0,10000.0,1.0,1.0,77.0790023803711,0.0
product.Yield.managed.YC,26,260,10.0,0.0,10000.0,1.0,1.0,55.255001068115234,0.0
product.Yield.managed.YC,27,270,10.0,0.0,10000.0,1.0,1.0,115.1760025024414,0.0
product.Yield.managed.YC,28,280,10.0,0.0,10000.0,1.0,1.0,27.944000244140625,0.0
product.Yield.managed.YC,29,290,10.0,0.0,10000.0,1.0,1.0,105.51599884033203,0.0
product.Yield.managed.YC,30,300,10.0,0.0,10000.0,1.0,1.0,82.42900085449219,0.0
