TARGET,PERIOD,YEAR,PERIODWIDTH,MINIMUM,MAXIMUM,MINWEIGHT,MAXWEIGHT,CURRENT,SUMMARY
product.Yield.managed.DR,0,0,10.0,0.0,10000.0,1.0,1.0,0.0,0.0
product.Yield.managed.DR,1,10,10.0,0.0,10000.0,1.0,1.0,1035.22802734375,0.0
product.Yield.managed.DR,2,20,10.0,0.0,10000.0,1.0,1.0,1272.9110107421875,0.0
product.Yield.managed.DR,3,30,10.0,0.0,10000.0,1.0,1.0,1392.1590576171875,0.0
product.Yield.managed.DR,4,40,10.0,0.0,10000.0,1.0,1.0,1594.2449951171875,0.0
product.Yield.managed.DR,5,50,10.0,0.0,10000.0,1.0,1.0,1706.0419921875,0.0
product.Yield.managed.DR,6,60,10.0,0.0,10000.0,1.0,1.0,2157.48095703125,0.0
product.Yield.managed.DR,7,70,10.0,0.0,10000.0,1.0,1.0,2864.302001953125,0.0
product.Yield.managed.DR,8,80,10.0,0.0,10000.0,1.0,1.0,5792.10009765625,0.0
product.Yield.managed.DR,9,90,10.0,0.0,10000.0,1.0,1.0,1581.56494140625,0.0
product.Yield.managed.DR,10,100,10.0,0.0,10000.0,1.0,1.0,1892.85205078125,0.0
product.Yield.managed.DR,11,110,10.0,0.0,10000.0,1.0,1.0,3392.375,0.0
product.Yield.managed.DR,12,120,10.0,0.0,10000.0,1.0,1.0,1389.458984375,0.0
product.Yield.managed.DR,13,130,10.0,0.0,10000.0,1.0,1.0,1438.2340087890625,0.0
product.Yield.managed.DR,14,140,10.0,0.0,10000.0,1.0,1.0,1541.3609619140625,0.0
product.Yield.managed.DR,15,150,10.0,0.0,10000.0,1.0,1.0,1573.18505859375,0.0
product.Yield.managed.DR,16,160,10.0,0.0,10000.0,1.0,1.0,1646.6639404296875,0.0
product.Yield.managed.DR,17,170,10.0,0.0,10000.0,1.0,1.0,1606.2509765625,0.0
product.Yield.managed.DR,18,180,10.0,0.0,10000.0,1.0,1.0,2024.7359619140625,0.0
product.Yield.managed.DR,19,190,10.0,0.0,10000.0,1.0,1.0,3942.7880859375,0.0
product.Yield.managed.DR,20,200,10.0,0.0,10000.0,1.0,1.0,1567.39599609375,0.0
product.Yield.managed.DR,21,210,10.0,0.0,10000.0,1.0,1.0,1483.3819580078125,0.0
product.Yield.managed.DR,22,220,10.0,0.0,10000.0,1.0,1.0,1377.887939453125,0.0
product.Yield.managed.DR,23,230,10.0,0.0,10000.0,1.0,1.0,4788.923828125,0.0
product.Yield.managed.DR,24,240,10.0,0.0,10000.0,1.0,1.0,1610.5899658203125,0.0
product.Yield.managed.DR,25,250,10.0,0.0,10000.0,1.0,1.0,1483.3289794921875,0.0
product.Yield.managed.DR,26,260,10.0,0.0,10000.0,1.0,1.0,1528.8690185546875,0.0
product.Yield.managed.DR,27,270,10.0,0.0,10000.0,1.0,1.0,3661.5419921875,0.0
product.Yield.managed.DR,28,280,10.0,0.0,10000.0,1.0,1.0,1523.093017578125,0.0
product.Yield.managed.DR,29,290,10.0,0.0,10000.0,1.0,1.0,3374.089111328125,0.0
product.Yield.managed.DR,30,300,10.0,0.0,10000.0,1.0,1.0,2382.110107421875,0.0
