TARGET,PERIOD,YEAR,PERIODWIDTH,MINIMUM,MAXIMUM,MINWEIGHT,MAXWEIGHT,CURRENT,SUMMARY
product.Yield.managed.PLC,0,0,10.0,0.0,10000.0,1.0,1.0,0.0,0.0
product.Yield.managed.PLC,1,10,10.0,0.0,10000.0,1.0,1.0,62.1879997253418,0.0
product.Yield.managed.PLC,2,20,10.0,0.0,10000.0,1.0,1.0,6.658999919891357,0.0
product.Yield.managed.PLC,3,30,10.0,0.0,10000.0,1.0,1.0,14.366999626159668,0.0
product.Yield.managed.PLC,4,40,10.0,0.0,10000.0,1.0,1.0,0.0,0.0
product.Yield.managed.PLC,5,50,10.0,0.0,10000.0,1.0,1.0,7.438000202178955,0.0
product.Yield.managed.PLC,6,60,10.0,0.0,10000.0,1.0,1.0,27.256999969482422,0.0
product.Yield.managed.PLC,7,70,10.0,0.0,10000.0,1.0,1.0,0.0,0.0
product.Yield.managed.PLC,8,80,10.0,0.0,10000.0,1.0,1.0,34.63800048828125,0.0
product.Yield.managed.PLC,9,90,10.0,0.0,10000.0,1.0,1.0,3.6559998989105225,0.0
product.Yield.managed.PLC,10,100,10.0,0.0,10000.0,1.0,1.0,19.96299934387207,0.0
product.Yield.managed.PLC,11,110,10.0,0.0,10000.0,1.0,1.0,38.09700012207031,0.0
product.Yield.managed.PLC,12,120,10.0,0.0,10000.0,1.0,1.0,6.210999965667725,0.0
product.Yield.managed.PLC,13,130,10.0,0.0,10000.0,1.0,1.0,4.080999851226807,0.0
product.Yield.managed.PLC,14,140,10.0,0.0,10000.0,1.0,1.0,13.609000205993652,0.0
product.Yield.managed.PLC,15,150,10.0,0.0,10000.0,1.0,1.0,3.244999885559082,0.0
product.Yield.managed.PLC,16,160,10.0,0.0,10000.0,1.0,1.0,36.01900100708008,0.0
product.Yield.managed.PLC,17,170,10.0,0.0,10000.0,1.0,1.0,4.807000160217285,0.0
product.Yield.managed.PLC,18,180,10.0,0.0,10000.0,1.0,1.0,5.242000102996826,0.0
product.Yield.managed.PLC,19,190,10.0,0.0,10000.0,1.0,1.0,22.736000061035156,0.0
product.Yield.managed.PLC,20,200,10.0,0.0,10000.0,1.0,1.0,8.347000122070312,0.0
product.Yield.managed.PLC,21,210,10.0,0.0,10000.0,1.0,1.0,31.200000762939453,0.0
product.Yield.managed.PLC,22,220,10.0,0.0,10000.0,1.0,1.0,24.743999481201172,0.0
product.Yield.managed.PLC,23,230,10.0,0.0,10000.0,1.0,1.0,10.583999633789062,0.0
product.Yield.managed.PLC,24,240,10.0,0.0,10000.0,1.0,1.0,8.343999862670898,0.0
product.Yield.managed.PLC,25,250,10.0,0.0,10000.0,1.0,1.0,14.836000442504883,0.0
product.Yield.managed.PLC,26,260,10.0,0.0,10000.0,1.0,1.0,13.847999572753906,0.0
product.Yield.managed.PLC,27,270,10.0,0.0,10000.0,1.0,1.0,0.0,0.0
product.Yield.managed.PLC,28,280,10.0,0.0,10000.0,1.0,1.0,9.326000213623047,0.0
product.Yield.managed.PLC,29,290,10.0,0.0,10000.0,1.0,1.0,9.053999900817871,0.0
product.Yield.managed.PLC,30,300,10.0,0.0,10000.0,1.0,1.0,28.982999801635742,0.0
