TARGET,PERIOD,YEAR,PERIODWIDTH,MINIMUM,MAXIMUM,MINWEIGHT,MAXWEIGHT,CURRENT,SUMMARY
product.Treated.managed.F1,0,0,10.0,0.0,10000.0,1.0,1.0,0.0,0.0
product.Treated.managed.F1,1,10,10.0,0.0,10000.0,1.0,1.0,0.0,0.0
product.Treated.managed.F1,2,20,10.0,0.0,10000.0,1.0,1.0,0.0,0.0
product.Treated.managed.F1,3,30,10.0,0.0,10000.0,1.0,1.0,0.0,0.0
product.Treated.managed.F1,4,40,10.0,0.0,10000.0,1.0,1.0,0.0,0.0
product.Treated.managed.F1,5,50,10.0,0.0,10000.0,1.0,1.0,0.0,0.0
product.Treated.managed.F1,6,60,10.0,0.0,10000.0,1.0,1.0,6.796000003814697,0.0
product.Treated.managed.F1,7,70,10.0,0.0,10000.0,1.0,1.0,3.382999897003174,0.0
product.Treated.managed.F1,8,80,10.0,0.0,10000.0,1.0,1.0,7.861000061035156,0.0
product.Treated.managed.F1,9,90,10.0,0.0,10000.0,1.0,1.0,31.94499969482422,0.0
product.Treated.managed.F1,10,100,10.0,0.0,10000.0,1.0,1.0,38.268001556396484,0.0
product.Treated.managed.F1,11,110,10.0,0.0,10000.0,1.0,1.0,3.9179999828338623,0.0
product.Treated.managed.F1,12,120,10.0,0.0,10000.0,1.0,1.0,46.275001525878906,0.0
product.Treated.managed.F1,13,130,10.0,0.0,10000.0,1.0,1.0,6.947999954223633,0.0
product.Treated.managed.F1,14,140,10.0,0.0,10000.0,1.0,1.0,1.4240000247955322,0.0
product.Treated.managed.F1,15,150,10.0,0.0,10000.0,1.0,1.0,8.869999885559082,0.0
product.Treated.managed.F1,16,160,10.0,0.0,10000.0,1.0,1.0,0.0,0.0
product.Treated.managed.F1,17,170,10.0,0.0,10000.0,1.0,1.0,19.054000854492188,0.0
product.Treated.managed.F1,18,180,10.0,0.0,10000.0,1.0,1.0,58.15700149536133,0.0
product.Treated.managed.F1,19,190,10.0,0.0,10000.0,1.0,1.0,0.0,0.0
product.Treated.managed.F1,20,200,10.0,0.0,10000.0,1.0,1.0,18.26099967956543,0.0
product.Treated.managed.F1,21,210,10.0,0.0,10000.0,1.0,1.0,45.56399917602539,0.0
product.Treated.managed.F1,22,220,10.0,0.0,10000.0,1.0,1.0,81.57499694824219,0.0
product.Treated.managed.F1,23,230,10.0,0.0,10000.0,1.0,1.0,0.1679999977350235,0.0
product.Treated.managed.F1,24,240,10.0,0.0,10000.0,1.0,1.0,8.329999923706055,0.0
product.Treated.managed.F1,25,250,10.0,0.0,10000.0,1.0,1.0,0.0,0.0
product.Treated.managed.F1,26,260,10.0,0.0,10000.0,1.0,1.0,0.0,0.0
product.Treated.managed.F1,27,270,10.0,0.0,10000.0,1.0,1.0,8.864999771118164,0.0
product.Treated.managed.F1,28,280,10.0,0.0,10000.0,1.0,1.0,38.03499984741211,0.0
product.Treated.managed.F1,29,290,10.0,0.0,10000.0,1.0,1.0,4.413000106811523,0.0
product.Treated.managed.F1,30,300,10.0,0.0,10000.0,1.0,1.0,12.48799991607666,0.0
