TARGET,PERIOD,YEAR,PERIODWIDTH,MINIMUM,MAXIMUM,MINWEIGHT,MAXWEIGHT,CURRENT,SUMMARY
product.Yield.managed.FDC,0,0,10.0,0.0,10000.0,1.0,1.0,0.0,0.0
product.Yield.managed.FDC,1,10,10.0,0.0,10000.0,1.0,1.0,23299.228515625,0.0
product.Yield.managed.FDC,2,20,10.0,0.0,10000.0,1.0,1.0,20290.626953125,0.0
product.Yield.managed.FDC,3,30,10.0,0.0,10000.0,1.0,1.0,18423.783203125,0.0
product.Yield.managed.FDC,4,40,10.0,0.0,10000.0,1.0,1.0,34071.62109375,0.0
product.Yield.managed.FDC,5,50,10.0,0.0,10000.0,1.0,1.0,36635.72265625,0.0
product.Yield.managed.FDC,6,60,10.0,0.0,10000.0,1.0,1.0,11724.6298828125,0.0
product.Yield.managed.FDC,7,70,10.0,0.0,10000.0,1.0,1.0,47116.9453125,0.0
product.Yield.managed.FDC,8,80,10.0,0.0,10000.0,1.0,1.0,42886.38671875,0.0
product.Yield.managed.FDC,9,90,10.0,0.0,10000.0,1.0,1.0,35330.24609375,0.0
product.Yield.managed.FDC,10,100,10.0,0.0,10000.0,1.0,1.0,19690.306640625,0.0
product.Yield.managed.FDC,11,110,10.0,0.0,10000.0,1.0,1.0,16983.1953125,0.0
product.Yield.managed.FDC,12,120,10.0,0.0,10000.0,1.0,1.0,32179.66796875,0.0
product.Yield.managed.FDC,13,130,10.0,0.0,10000.0,1.0,1.0,37240.6328125,0.0
product.Yield.managed.FDC,14,140,10.0,0.0,10000.0,1.0,1.0,24470.02734375,0.0
product.Yield.managed.FDC,15,150,10.0,0.0,10000.0,1.0,1.0,20500.66015625,0.0
product.Yield.managed.FDC,16,160,10.0,0.0,10000.0,1.0,1.0,33661.78515625,0.0
product.Yield.managed.FDC,17,170,10.0,0.0,10000.0,1.0,1.0,41551.1796875,0.0
product.Yield.managed.FDC,18,180,10.0,0.0,10000.0,1.0,1.0,13671.2724609375,0.0
product.Yield.managed.FDC,19,190,10.0,0.0,10000.0,1.0,1.0,27427.923828125,0.0
product.Yield.managed.FDC,20,200,10.0,0.0,10000.0,1.0,1.0,17148.361328125,0.0
product.Yield.managed.FDC,21,210,10.0,0.0,10000.0,1.0,1.0,24230.447265625,0.0
product.Yield.managed.FDC,22,220,10.0,0.0,10000.0,1.0,1.0,36974.6171875,0.0
product.Yield.managed.FDC,23,230,10.0,0.0,10000.0,1.0,1.0,23056.439453125,0.0
product.Yield.managed.FDC,24,240,10.0,0.0,10000.0,1.0,1.0,20548.228515625,0.0
product.Yield.managed.FDC,25,250,10.0,0.0,10000.0,1.0,1.0,32905.73828125,0.0
product.Yield.managed.FDC,26,260,10.0,0.0,10000.0,1.0,1.0,43041.921875,0.0
product.Yield.managed.FDC,27,270,10.0,0.0,10000.0,1.0,1.0,32201.263671875,0.0
product.Yield.managed.FDC,28,280,10.0,0.0,10000.0,1.0,1.0,18393.9765625,0.0
product.Yield.managed.FDC,29,290,10.0,0.0,10000.0,1.0,1.0,24350.69921875,0.0
product.Yield.managed.FDC,30,300,10.0,0.0,10000.0,1.0,1.0,16467.81640625,0.0
