TARGET,PERIOD,YEAR,PERIODWIDTH,MINIMUM,MAXIMUM,MINWEIGHT,MAXWEIGHT,CURRENT,SUMMARY
product.Yield.managed.CW,0,0,10.0,0.0,10000.0,1.0,1.0,0.0,0.0
product.Yield.managed.CW,1,10,10.0,0.0,10000.0,1.0,1.0,11900.4658203125,0.0
product.Yield.managed.CW,2,20,10.0,0.0,10000.0,1.0,1.0,15600.466796875,0.0
product.Yield.managed.CW,3,30,10.0,0.0,10000.0,1.0,1.0,16562.046875,0.0
product.Yield.managed.CW,4,40,10.0,0.0,10000.0,1.0,1.0,16625.21484375,0.0
product.Yield.managed.CW,5,50,10.0,0.0,10000.0,1.0,1.0,16617.5546875,0.0
product.Yield.managed.CW,6,60,10.0,0.0,10000.0,1.0,1.0,21123.775390625,0.0
product.Yield.managed.CW,7,70,10.0,0.0,10000.0,1.0,1.0,12773.3984375,0.0
product.Yield.managed.CW,8,80,10.0,0.0,10000.0,1.0,1.0,14049.9970703125,0.0
product.Yield.managed.CW,9,90,10.0,0.0,10000.0,1.0,1.0,13515.89453125,0.0
product.Yield.managed.CW,10,100,10.0,0.0,10000.0,1.0,1.0,18076.7109375,0.0
product.Yield.managed.CW,11,110,10.0,0.0,10000.0,1.0,1.0,18174.455078125,0.0
product.Yield.managed.CW,12,120,10.0,0.0,10000.0,1.0,1.0,17233.544921875,0.0
product.Yield.managed.CW,13,130,10.0,0.0,10000.0,1.0,1.0,16672.5546875,0.0
product.Yield.managed.CW,14,140,10.0,0.0,10000.0,1.0,1.0,18013.408203125,0.0
product.Yield.managed.CW,15,150,10.0,0.0,10000.0,1.0,1.0,18153.3203125,0.0
product.Yield.managed.CW,16,160,10.0,0.0,10000.0,1.0,1.0,16947.19921875,0.0
product.Yield.managed.CW,17,170,10.0,0.0,10000.0,1.0,1.0,16386.66015625,0.0
product.Yield.managed.CW,18,180,10.0,0.0,10000.0,1.0,1.0,18320.435546875,0.0
product.Yield.managed.CW,19,190,10.0,0.0,10000.0,1.0,1.0,16697.75390625,0.0
product.Yield.managed.CW,20,200,10.0,0.0,10000.0,1.0,1.0,18690.5078125,0.0
product.Yield.managed.CW,21,210,10.0,0.0,10000.0,1.0,1.0,18046.6015625,0.0
product.Yield.managed.CW,22,220,10.0,0.0,10000.0,1.0,1.0,16761.5546875,0.0
product.Yield.managed.CW,23,230,10.0,0.0,10000.0,1.0,1.0,17087.83984375,0.0
product.Yield.managed.CW,24,240,10.0,0.0,10000.0,1.0,1.0,18521.943359375,0.0
product.Yield.managed.CW,25,250,10.0,0.0,10000.0,1.0,1.0,17202.03515625,0.0
product.Yield.managed.CW,26,260,10.0,0.0,10000.0,1.0,1.0,16215.0966796875,0.0
product.Yield.managed.CW,27,270,10.0,0.0,10000.0,1.0,1.0,16605.150390625,0.0
product.Yield.managed.CW,28,280,10.0,0.0,10000.0,1.0,1.0,18291.16015625,0.0
product.Yield.managed.CW,29,290,10.0,0.0,10000.0,1.0,1.0,17464.27734375,0.0
product.Yield.managed.CW,30,300,10.0,0.0,10000.0,1.0,1.0,17993.66796875,0.0
