TARGET,PERIOD,YEAR,PERIODWIDTH,MINIMUM,MAXIMUM,MINWEIGHT,MAXWEIGHT,CURRENT,SUMMARY
product.Yield.managed.SS,0,0,10.0,0.0,10000.0,1.0,1.0,0.0,0.0
product.Yield.managed.SS,1,10,10.0,0.0,10000.0,1.0,1.0,179.77099609375,0.0
product.Yield.managed.SS,2,20,10.0,0.0,10000.0,1.0,1.0,151.17300415039062,0.0
product.Yield.managed.SS,3,30,10.0,0.0,10000.0,1.0,1.0,154.156005859375,0.0
product.Yield.managed.SS,4,40,10.0,0.0,10000.0,1.0,1.0,151.1699981689453,0.0
product.Yield.managed.SS,5,50,10.0,0.0,10000.0,1.0,1.0,153.99000549316406,0.0
product.Yield.managed.SS,6,60,10.0,0.0,10000.0,1.0,1.0,1053.4620361328125,0.0
product.Yield.managed.SS,7,70,10.0,0.0,10000.0,1.0,1.0,188.82899475097656,0.0
product.Yield.managed.SS,8,80,10.0,0.0,10000.0,1.0,1.0,151.75,0.0
product.Yield.managed.SS,9,90,10.0,0.0,10000.0,1.0,1.0,259.64599609375,0.0
product.Yield.managed.SS,10,100,10.0,0.0,10000.0,1.0,1.0,187.08799743652344,0.0
product.Yield.managed.SS,11,110,10.0,0.0,10000.0,1.0,1.0,151.9720001220703,0.0
product.Yield.managed.SS,12,120,10.0,0.0,10000.0,1.0,1.0,305.3009948730469,0.0
product.Yield.managed.SS,13,130,10.0,0.0,10000.0,1.0,1.0,164.65499877929688,0.0
product.Yield.managed.SS,14,140,10.0,0.0,10000.0,1.0,1.0,4577.8681640625,0.0
product.Yield.managed.SS,15,150,10.0,0.0,10000.0,1.0,1.0,236.84100341796875,0.0
product.Yield.managed.SS,16,160,10.0,0.0,10000.0,1.0,1.0,990.7490234375,0.0
product.Yield.managed.SS,17,170,10.0,0.0,10000.0,1.0,1.0,159.30499267578125,0.0
product.Yield.managed.SS,18,180,10.0,0.0,10000.0,1.0,1.0,230.51300048828125,0.0
product.Yield.managed.SS,19,190,10.0,0.0,10000.0,1.0,1.0,172.91200256347656,0.0
product.Yield.managed.SS,20,200,10.0,0.0,10000.0,1.0,1.0,149.093994140625,0.0
product.Yield.managed.SS,21,210,10.0,0.0,10000.0,1.0,1.0,146.87899780273438,0.0
product.Yield.managed.SS,22,220,10.0,0.0,10000.0,1.0,1.0,154.41299438476562,0.0
product.Yield.managed.SS,23,230,10.0,0.0,10000.0,1.0,1.0,178.38099670410156,0.0
product.Yield.managed.SS,24,240,10.0,0.0,10000.0,1.0,1.0,260.49700927734375,0.0
product.Yield.managed.SS,25,250,10.0,0.0,10000.0,1.0,1.0,3362.43408203125,0.0
product.Yield.managed.SS,26,260,10.0,0.0,10000.0,1.0,1.0,159.81900024414062,0.0
product.Yield.managed.SS,27,270,10.0,0.0,10000.0,1.0,1.0,301.0220031738281,0.0
product.Yield.managed.SS,28,280,10.0,0.0,10000.0,1.0,1.0,216.81399536132812,0.0
product.Yield.managed.SS,29,290,10.0,0.0,10000.0,1.0,1.0,220.82400512695312,0.0
product.Yield.managed.SS,30,300,10.0,0.0,10000.0,1.0,1.0,1007.8619995117188,0.0
