TARGET,PERIOD,YEAR,PERIODWIDTH,MINIMUM,MAXIMUM,MINWEIGHT,MAXWEIGHT,CURRENT,SUMMARY
product.Yield.managed.FDC,0,0,10.0,0.0,10000.0,1.0,1.0,0.0,0.0
product.Yield.managed.FDC,1,10,10.0,0.0,10000.0,1.0,1.0,24906.70703125,0.0
product.Yield.managed.FDC,2,20,10.0,0.0,10000.0,1.0,1.0,15491.484375,0.0
product.Yield.managed.FDC,3,30,10.0,0.0,10000.0,1.0,1.0,24935.9609375,0.0
product.Yield.managed.FDC,4,40,10.0,0.0,10000.0,1.0,1.0,27449.453125,0.0
product.Yield.managed.FDC,5,50,10.0,0.0,10000.0,1.0,1.0,42323.22265625,0.0
product.Yield.managed.FDC,6,60,10.0,0.0,10000.0,1.0,1.0,30453.9765625,0.0
product.Yield.managed.FDC,7,70,10.0,0.0,10000.0,1.0,1.0,34692.9453125,0.0
product.Yield.managed.FDC,8,80,10.0,0.0,10000.0,1.0,1.0,51657.1171875,0.0
product.Yield.managed.FDC,9,90,10.0,0.0,10000.0,1.0,1.0,39190.15625,0.0
product.Yield.managed.FDC,10,100,10.0,0.0,10000.0,1.0,1.0,18561.76953125,0.0
product.Yield.managed.FDC,11,110,10.0,0.0,10000.0,1.0,1.0,34021.34765625,0.0
product.Yield.managed.FDC,12,120,10.0,0.0,10000.0,1.0,1.0,20900.638671875,0.0
product.Yield.managed.FDC,13,130,10.0,0.0,10000.0,1.0,1.0,20907.7109375,0.0
product.Yield.managed.FDC,14,140,10.0,0.0,10000.0,1.0,1.0,29481.525390625,0.0
product.Yield.managed.FDC,15,150,10.0,0.0,10000.0,1.0,1.0,28213.36328125,0.0
product.Yield.managed.FDC,16,160,10.0,0.0,10000.0,1.0,1.0,29062.935546875,0.0
product.Yield.managed.FDC,17,170,10.0,0.0,10000.0,1.0,1.0,20826.20703125,0.0
product.Yield.managed.FDC,18,180,10.0,0.0,10000.0,1.0,1.0,24252.826171875,0.0
product.Yield.managed.FDC,19,190,10.0,0.0,10000.0,1.0,1.0,23140.41796875,0.0
product.Yield.managed.FDC,20,200,10.0,0.0,10000.0,1.0,1.0,26681.66796875,0.0
product.Yield.managed.FDC,21,210,10.0,0.0,10000.0,1.0,1.0,56905.85546875,0.0
product.Yield.managed.FDC,22,220,10.0,0.0,10000.0,1.0,1.0,41792.76171875,0.0
product.Yield.managed.FDC,23,230,10.0,0.0,10000.0,1.0,1.0,20254.373046875,0.0
product.Yield.managed.FDC,24,240,10.0,0.0,10000.0,1.0,1.0,27717.171875,0.0
product.Yield.managed.FDC,25,250,10.0,0.0,10000.0,1.0,1.0,28905.181640625,0.0
product.Yield.managed.FDC,26,260,10.0,0.0,10000.0,1.0,1.0,13754.5595703125,0.0
product.Yield.managed.FDC,27,270,10.0,0.0,10000.0,1.0,1.0,24022.48828125,0.0
product.Yield.managed.FDC,28,280,10.0,0.0,10000.0,1.0,1.0,22478.48046875,0.0
product.Yield.managed.FDC,29,290,10.0,0.0,10000.0,1.0,1.0,24345.533203125,0.0
product.Yield.managed.FDC,30,300,10.0,0.0,10000.0,1.0,1.0,34333.77734375,0.0
