TARGET,PERIOD,YEAR,PERIODWIDTH,MINIMUM,MAXIMUM,MINWEIGHT,MAXWEIGHT,CURRENT,SUMMARY
product.Yield.managed.YC,0,0,10.0,0.0,10000.0,1.0,1.0,0.0,0.0
product.Yield.managed.YC,1,10,10.0,0.0,10000.0,1.0,1.0,343.59600830078125,0.0
product.Yield.managed.YC,2,20,10.0,0.0,10000.0,1.0,1.0,211.7239990234375,0.0
product.Yield.managed.YC,3,30,10.0,0.0,10000.0,1.0,1.0,54.48099899291992,0.0
product.Yield.managed.YC,4,40,10.0,0.0,10000.0,1.0,1.0,10.517999649047852,0.0
product.Yield.managed.YC,5,50,10.0,0.0,10000.0,1.0,1.0,0.5090000033378601,0.0
product.Yield.managed.YC,6,60,10.0,0.0,10000.0,1.0,1.0,46.82899856567383,0.0
product.Yield.managed.YC,7,70,10.0,0.0,10000.0,1.0,1.0,169.3040008544922,0.0
product.Yield.managed.YC,8,80,10.0,0.0,10000.0,1.0,1.0,0.0,0.0
product.Yield.managed.YC,9,90,10.0,0.0,10000.0,1.0,1.0,62.13999938964844,0.0
product.Yield.managed.YC,10,100,10.0,0.0,10000.0,1.0,1.0,32.417999267578125,0.0
product.Yield.managed.YC,11,110,10.0,0.0,10000.0,1.0,1.0,94.85700225830078,0.0
product.Yield.managed.YC,12,120,10.0,0.0,10000.0,1.0,1.0,88.2040023803711,0.0
product.Yield.managed.YC,13,130,10.0,0.0,10000.0,1.0,1.0,167.27000427246094,0.0
product.Yield.managed.YC,14,140,10.0,0.0,10000.0,1.0,1.0,89.8219985961914,0.0
product.Yield.managed.YC,15,150,10.0,0.0,10000.0,1.0,1.0,32.638999938964844,0.0
product.Yield.managed.YC,16,160,10.0,0.0,10000.0,1.0,1.0,73.31600189208984,0.0
product.Yield.managed.YC,17,170,10.0,0.0,10000.0,1.0,1.0,118.1449966430664,0.0
product.Yield.managed.YC,18,180,10.0,0.0,10000.0,1.0,1.0,38.07600021362305,0.0
product.Yield.managed.YC,19,190,10.0,0.0,10000.0,1.0,1.0,205.75100708007812,0.0
product.Yield.managed.YC,20,200,10.0,0.0,10000.0,1.0,1.0,5.754000186920166,0.0
product.Yield.managed.YC,21,210,10.0,0.0,10000.0,1.0,1.0,1.312999963760376,0.0
product.Yield.managed.YC,22,220,10.0,0.0,10000.0,1.0,1.0,46.21099853515625,0.0
product.Yield.managed.YC,23,230,10.0,0.0,10000.0,1.0,1.0,0.0,0.0
product.Yield.managed.YC,24,240,10.0,0.0,10000.0,1.0,1.0,86.0479965209961,0.0
product.Yield.managed.YC,25,250,10.0,0.0,10000.0,1.0,1.0,65.58899688720703,0.0
product.Yield.managed.YC,26,260,10.0,0.0,10000.0,1.0,1.0,131.67999267578125,0.0
product.Yield.managed.YC,27,270,10.0,0.0,10000.0,1.0,1.0,10.145000457763672,0.0
product.Yield.managed.YC,28,280,10.0,0.0,10000.0,1.0,1.0,83.58599853515625,0.0
product.Yield.managed.YC,29,290,10.0,0.0,10000.0,1.0,1.0,82.15699768066406,0.0
product.Yield.managed.YC,30,300,10.0,0.0,10000.0,1.0,1.0,180.8939971923828,0.0
