TARGET,PERIOD,YEAR,PERIODWIDTH,MINIMUM,MAXIMUM,MINWEIGHT,MAXWEIGHT,CURRENT,SUMMARY
product.Yield.managed.YC,0,0,10.0,0.0,10000.0,1.0,1.0,0.0,0.0
product.Yield.managed.YC,1,10,10.0,0.0,10000.0,1.0,1.0,308.9320068359375,0.0
product.Yield.managed.YC,2,20,10.0,0.0,10000.0,1.0,1.0,32.50699996948242,0.0
product.Yield.managed.YC,3,30,10.0,0.0,10000.0,1.0,1.0,71.15399932861328,0.0
product.Yield.managed.YC,4,40,10.0,0.0,10000.0,1.0,1.0,0.0,0.0
product.Yield.managed.YC,5,50,10.0,0.0,10000.0,1.0,1.0,37.79399871826172,0.0
product.Yield.managed.YC,6,60,10.0,0.0,10000.0,1.0,1.0,137.17599487304688,0.0
product.Yield.managed.YC,7,70,10.0,0.0,10000.0,1.0,1.0,0.16200000047683716,0.0
product.Yield.managed.YC,8,80,10.0,0.0,10000.0,1.0,1.0,171.41200256347656,0.0
product.Yield.managed.YC,9,90,10.0,0.0,10000.0,1.0,1.0,18.972999572753906,0.0
product.Yield.managed.YC,10,100,10.0,0.0,10000.0,1.0,1.0,101.8740005493164,0.0
product.Yield.managed.YC,11,110,10.0,0.0,10000.0,1.0,1.0,188.1300048828125,0.0
product.Yield.managed.YC,12,120,10.0,0.0,10000.0,1.0,1.0,30.61400032043457,0.0
product.Yield.managed.YC,13,130,10.0,0.0,10000.0,1.0,1.0,20.011999130249023,0.0
product.Yield.managed.YC,14,140,10.0,0.0,10000.0,1.0,1.0,69.49500274658203,0.0
product.Yield.managed.YC,15,150,10.0,0.0,10000.0,1.0,1.0,16.400999069213867,0.0
product.Yield.managed.YC,16,160,10.0,0.0,10000.0,1.0,1.0,177.33799743652344,0.0
product.Yield.managed.YC,17,170,10.0,0.0,10000.0,1.0,1.0,24.288000106811523,0.0
product.Yield.managed.YC,18,180,10.0,0.0,10000.0,1.0,1.0,27.142000198364258,0.0
product.Yield.managed.YC,19,190,10.0,0.0,10000.0,1.0,1.0,114.54199981689453,0.0
product.Yield.managed.YC,20,200,10.0,0.0,10000.0,1.0,1.0,42.53300094604492,0.0
product.Yield.managed.YC,21,210,10.0,0.0,10000.0,1.0,1.0,152.5540008544922,0.0
product.Yield.managed.YC,22,220,10.0,0.0,10000.0,1.0,1.0,123.73899841308594,0.0
product.Yield.managed.YC,23,230,10.0,0.0,10000.0,1.0,1.0,53.27899932861328,0.0
product.Yield.managed.YC,24,240,10.0,0.0,10000.0,1.0,1.0,42.071998596191406,0.0
product.Yield.managed.YC,25,250,10.0,0.0,10000.0,1.0,1.0,75.3550033569336,0.0
product.Yield.managed.YC,26,260,10.0,0.0,10000.0,1.0,1.0,69.427001953125,0.0
product.Yield.managed.YC,27,270,10.0,0.0,10000.0,1.0,1.0,0.0,0.0
product.Yield.managed.YC,28,280,10.0,0.0,10000.0,1.0,1.0,46.62099838256836,0.0
product.Yield.managed.YC,29,290,10.0,0.0,10000.0,1.0,1.0,44.2859992980957,0.0
product.Yield.managed.YC,30,300,10.0,0.0,10000.0,1.0,1.0,145.75799560546875,0.0
