TARGET,PERIOD,YEAR,PERIODWIDTH,MINIMUM,MAXIMUM,MINWEIGHT,MAXWEIGHT,CURRENT,SUMMARY
feature.Area.og1.total,0,0,10.0,0.0,10000.0,1.0,1.0,375.1780090332031,0.0
feature.Area.og1.total,1,10,10.0,0.0,10000.0,1.0,1.0,386.64300537109375,0.0
feature.Area.og1.total,2,20,10.0,0.0,10000.0,1.0,1.0,393.1789855957031,0.0
feature.Area.og1.total,3,30,10.0,0.0,10000.0,1.0,1.0,412.8689880371094,0.0
feature.Area.og1.total,4,40,10.0,0.0,10000.0,1.0,1.0,442.3349914550781,0.0
feature.Area.og1.total,5,50,10.0,0.0,10000.0,1.0,1.0,489.0820007324219,0.0
feature.Area.og1.total,6,60,10.0,0.0,10000.0,1.0,1.0,557.0289916992188,0.0
feature.Area.og1.total,7,70,10.0,0.0,10000.0,1.0,1.0,616.2659912109375,0.0
feature.Area.og1.total,8,80,10.0,0.0,10000.0,1.0,1.0,632.7169799804688,0.0
feature.Area.og1.total,9,90,10.0,0.0,10000.0,1.0,1.0,682.2849731445312,0.0
feature.Area.og1.total,10,100,10.0,0.0,10000.0,1.0,1.0,714.8380126953125,0.0
feature.Area.og1.total,11,110,10.0,0.0,10000.0,1.0,1.0,765.3820190429688,0.0
feature.Area.og1.total,12,120,10.0,0.0,10000.0,1.0,1.0,791.7890014648438,0.0
feature.Area.og1.total,13,130,10.0,0.0,10000.0,1.0,1.0,791.9550170898438,0.0
feature.Area.og1.total,14,140,10.0,0.0,10000.0,1.0,1.0,768.4149780273438,0.0
feature.Area.og1.total,15,150,10.0,0.0,10000.0,1.0,1.0,764.447998046875,0.0
feature.Area.og1.total,16,160,10.0,0.0,10000.0,1.0,1.0,747.8309936523438,0.0
feature.Area.og1.total,17,170,10.0,0.0,10000.0,1.0,1.0,734.0889892578125,0.0
feature.Area.og1.total,18,180,10.0,0.0,10000.0,1.0,1.0,724.2849731445312,0.0
feature.Area.og1.total,19,190,10.0,0.0,10000.0,1.0,1.0,719.947998046875,0.0
feature.Area.og1.total,20,200,10.0,0.0,10000.0,1.0,1.0,722.5910034179688,0.0
feature.Area.og1.total,21,210,10.0,0.0,10000.0,1.0,1.0,721.31201171875,0.0
feature.Area.og1.total,22,220,10.0,0.0,10000.0,1.0,1.0,697.760009765625,0.0
feature.Area.og1.total,23,230,10.0,0.0,10000.0,1.0,1.0,704.6719970703125,0.0
feature.Area.og1.total,24,240,10.0,0.0,10000.0,1.0,1.0,707.7059936523438,0.0
feature.Area.og1.total,25,250,10.0,0.0,10000.0,1.0,1.0,715.6019897460938,0.0
feature.Area.og1.total,26,260,10.0,0.0,10000.0,1.0,1.0,737.385009765625,0.0
feature.Area.og1.total,27,270,10.0,0.0,10000.0,1.0,1.0,746.6439819335938,0.0
feature.Area.og1.total,28,280,10.0,0.0,10000.0,1.0,1.0,751.051025390625,0.0
feature.Area.og1.total,29,290,10.0,0.0,10000.0,1.0,1.0,751.5960083007812,0.0
feature.Area.og1.total,30,300,10.0,0.0,10000.0,1.0,1.0,759.8740234375,0.0
