TARGET,PERIOD,YEAR,PERIODWIDTH,MINIMUM,MAXIMUM,MINWEIGHT,MAXWEIGHT,CURRENT,SUMMARY
feature.Yield.managed.HW,0,0,10.0,0.0,10000.0,1.0,1.0,339266.59375,0.0
feature.Yield.managed.HW,1,10,10.0,0.0,10000.0,1.0,1.0,336472.5,0.0
feature.Yield.managed.HW,2,20,10.0,0.0,10000.0,1.0,1.0,317721.96875,0.0
feature.Yield.managed.HW,3,30,10.0,0.0,10000.0,1.0,1.0,300972.59375,0.0
feature.Yield.managed.HW,4,40,10.0,0.0,10000.0,1.0,1.0,289930.28125,0.0
feature.Yield.managed.HW,5,50,10.0,0.0,10000.0,1.0,1.0,281365.5,0.0
feature.Yield.managed.HW,6,60,10.0,0.0,10000.0,1.0,1.0,285048.21875,0.0
feature.Yield.managed.HW,7,70,10.0,0.0,10000.0,1.0,1.0,286403.65625,0.0
feature.Yield.managed.HW,8,80,10.0,0.0,10000.0,1.0,1.0,290491.8125,0.0
feature.Yield.managed.HW,9,90,10.0,0.0,10000.0,1.0,1.0,269118.125,0.0
feature.Yield.managed.HW,10,100,10.0,0.0,10000.0,1.0,1.0,257476.265625,0.0
feature.Yield.managed.HW,11,110,10.0,0.0,10000.0,1.0,1.0,240236.53125,0.0
feature.Yield.managed.HW,12,120,10.0,0.0,10000.0,1.0,1.0,229124.8125,0.0
feature.Yield.managed.HW,13,130,10.0,0.0,10000.0,1.0,1.0,227743.703125,0.0
feature.Yield.managed.HW,14,140,10.0,0.0,10000.0,1.0,1.0,228467.984375,0.0
feature.Yield.managed.HW,15,150,10.0,0.0,10000.0,1.0,1.0,242591.765625,0.0
feature.Yield.managed.HW,16,160,10.0,0.0,10000.0,1.0,1.0,251346.828125,0.0
feature.Yield.managed.HW,17,170,10.0,0.0,10000.0,1.0,1.0,241518.578125,0.0
feature.Yield.managed.HW,18,180,10.0,0.0,10000.0,1.0,1.0,241519.640625,0.0
feature.Yield.managed.HW,19,190,10.0,0.0,10000.0,1.0,1.0,229992.171875,0.0
feature.Yield.managed.HW,20,200,10.0,0.0,10000.0,1.0,1.0,240929.890625,0.0
feature.Yield.managed.HW,21,210,10.0,0.0,10000.0,1.0,1.0,235714.359375,0.0
feature.Yield.managed.HW,22,220,10.0,0.0,10000.0,1.0,1.0,230756.78125,0.0
feature.Yield.managed.HW,23,230,10.0,0.0,10000.0,1.0,1.0,230913.171875,0.0
feature.Yield.managed.HW,24,240,10.0,0.0,10000.0,1.0,1.0,218580.375,0.0
feature.Yield.managed.HW,25,250,10.0,0.0,10000.0,1.0,1.0,206006.984375,0.0
feature.Yield.managed.HW,26,260,10.0,0.0,10000.0,1.0,1.0,190428.078125,0.0
feature.Yield.managed.HW,27,270,10.0,0.0,10000.0,1.0,1.0,199811.125,0.0
feature.Yield.managed.HW,28,280,10.0,0.0,10000.0,1.0,1.0,202643.234375,0.0
feature.Yield.managed.HW,29,290,10.0,0.0,10000.0,1.0,1.0,206811.015625,0.0
feature.Yield.managed.HW,30,300,10.0,0.0,10000.0,1.0,1.0,211403.8125,0.0
