TARGET,PERIOD,YEAR,PERIODWIDTH,MINIMUM,MAXIMUM,MINWEIGHT,MAXWEIGHT,CURRENT,SUMMARY
feature.Seral.mature,0,0,10.0,0.0,10000.0,1.0,1.0,194.47799682617188,0.0
feature.Seral.mature,1,10,10.0,0.0,10000.0,1.0,1.0,126.01899719238281,0.0
feature.Seral.mature,2,20,10.0,0.0,10000.0,1.0,1.0,66.96600341796875,0.0
feature.Seral.mature,3,30,10.0,0.0,10000.0,1.0,1.0,38.9370002746582,0.0
feature.Seral.mature,4,40,10.0,0.0,10000.0,1.0,1.0,28.233999252319336,0.0
feature.Seral.mature,5,50,10.0,0.0,10000.0,1.0,1.0,97.70099639892578,0.0
feature.Seral.mature,6,60,10.0,0.0,10000.0,1.0,1.0,212.25399780273438,0.0
feature.Seral.mature,7,70,10.0,0.0,10000.0,1.0,1.0,181.58099365234375,0.0
feature.Seral.mature,8,80,10.0,0.0,10000.0,1.0,1.0,204.42599487304688,0.0
feature.Seral.mature,9,90,10.0,0.0,10000.0,1.0,1.0,171.1529998779297,0.0
feature.Seral.mature,10,100,10.0,0.0,10000.0,1.0,1.0,134.4219970703125,0.0
feature.Seral.mature,11,110,10.0,0.0,10000.0,1.0,1.0,125.31800079345703,0.0
feature.Seral.mature,12,120,10.0,0.0,10000.0,1.0,1.0,111.4990005493164,0.0
feature.Seral.mature,13,130,10.0,0.0,10000.0,1.0,1.0,125.97200012207031,0.0
feature.Seral.mature,14,140,10.0,0.0,10000.0,1.0,1.0,103.74800109863281,0.0
feature.Seral.mature,15,150,10.0,0.0,10000.0,1.0,1.0,97.09700012207031,0.0
feature.Seral.mature,16,160,10.0,0.0,10000.0,1.0,1.0,49.500999450683594,0.0
feature.Seral.mature,17,170,10.0,0.0,10000.0,1.0,1.0,19.976999282836914,0.0
feature.Seral.mature,18,180,10.0,0.0,10000.0,1.0,1.0,97.98400115966797,0.0
feature.Seral.mature,19,190,10.0,0.0,10000.0,1.0,1.0,108.56700134277344,0.0
feature.Seral.mature,20,200,10.0,0.0,10000.0,1.0,1.0,47.6150016784668,0.0
feature.Seral.mature,21,210,10.0,0.0,10000.0,1.0,1.0,72.28399658203125,0.0
feature.Seral.mature,22,220,10.0,0.0,10000.0,1.0,1.0,45.02799987792969,0.0
feature.Seral.mature,23,230,10.0,0.0,10000.0,1.0,1.0,63.41699981689453,0.0
feature.Seral.mature,24,240,10.0,0.0,10000.0,1.0,1.0,36.3390007019043,0.0
feature.Seral.mature,25,250,10.0,0.0,10000.0,1.0,1.0,12.82800006866455,0.0
feature.Seral.mature,26,260,10.0,0.0,10000.0,1.0,1.0,0.0,0.0
feature.Seral.mature,27,270,10.0,0.0,10000.0,1.0,1.0,4.2829999923706055,0.0
feature.Seral.mature,28,280,10.0,0.0,10000.0,1.0,1.0,8.758999824523926,0.0
feature.Seral.mature,29,290,10.0,0.0,10000.0,1.0,1.0,1.496999979019165,0.0
feature.Seral.mature,30,300,10.0,0.0,10000.0,1.0,1.0,1.496999979019165,0.0
