TARGET,PERIOD,YEAR,PERIODWIDTH,MINIMUM,MAXIMUM,MINWEIGHT,MAXWEIGHT,CURRENT,SUMMARY
feature.Seral.immature,0,0,10.0,0.0,10000.0,1.0,1.0,1158.8919677734375,0.0
feature.Seral.immature,1,10,10.0,0.0,10000.0,1.0,1.0,1122.3509521484375,0.0
feature.Seral.immature,2,20,10.0,0.0,10000.0,1.0,1.0,1063.4630126953125,0.0
feature.Seral.immature,3,30,10.0,0.0,10000.0,1.0,1.0,1030.70703125,0.0
feature.Seral.immature,4,40,10.0,0.0,10000.0,1.0,1.0,816.6179809570312,0.0
feature.Seral.immature,5,50,10.0,0.0,10000.0,1.0,1.0,563.5560302734375,0.0
feature.Seral.immature,6,60,10.0,0.0,10000.0,1.0,1.0,545.302001953125,0.0
feature.Seral.immature,7,70,10.0,0.0,10000.0,1.0,1.0,607.7639770507812,0.0
feature.Seral.immature,8,80,10.0,0.0,10000.0,1.0,1.0,586.1090087890625,0.0
feature.Seral.immature,9,90,10.0,0.0,10000.0,1.0,1.0,577.677001953125,0.0
feature.Seral.immature,10,100,10.0,0.0,10000.0,1.0,1.0,590.8939819335938,0.0
feature.Seral.immature,11,110,10.0,0.0,10000.0,1.0,1.0,589.6430053710938,0.0
feature.Seral.immature,12,120,10.0,0.0,10000.0,1.0,1.0,633.9990234375,0.0
feature.Seral.immature,13,130,10.0,0.0,10000.0,1.0,1.0,681.135009765625,0.0
feature.Seral.immature,14,140,10.0,0.0,10000.0,1.0,1.0,715.6480102539062,0.0
feature.Seral.immature,15,150,10.0,0.0,10000.0,1.0,1.0,696.5180053710938,0.0
feature.Seral.immature,16,160,10.0,0.0,10000.0,1.0,1.0,725.5469970703125,0.0
feature.Seral.immature,17,170,10.0,0.0,10000.0,1.0,1.0,678.5449829101562,0.0
feature.Seral.immature,18,180,10.0,0.0,10000.0,1.0,1.0,572.1589965820312,0.0
feature.Seral.immature,19,190,10.0,0.0,10000.0,1.0,1.0,575.1430053710938,0.0
feature.Seral.immature,20,200,10.0,0.0,10000.0,1.0,1.0,605.5670166015625,0.0
feature.Seral.immature,21,210,10.0,0.0,10000.0,1.0,1.0,614.9660034179688,0.0
feature.Seral.immature,22,220,10.0,0.0,10000.0,1.0,1.0,670.3889770507812,0.0
feature.Seral.immature,23,230,10.0,0.0,10000.0,1.0,1.0,621.791015625,0.0
feature.Seral.immature,24,240,10.0,0.0,10000.0,1.0,1.0,622.7979736328125,0.0
feature.Seral.immature,25,250,10.0,0.0,10000.0,1.0,1.0,612.656982421875,0.0
feature.Seral.immature,26,260,10.0,0.0,10000.0,1.0,1.0,608.1840209960938,0.0
feature.Seral.immature,27,270,10.0,0.0,10000.0,1.0,1.0,663.5549926757812,0.0
feature.Seral.immature,28,280,10.0,0.0,10000.0,1.0,1.0,640.6209716796875,0.0
feature.Seral.immature,29,290,10.0,0.0,10000.0,1.0,1.0,674.093994140625,0.0
feature.Seral.immature,30,300,10.0,0.0,10000.0,1.0,1.0,624.9810180664062,0.0
