TARGET,PERIOD,YEAR,PERIODWIDTH,MINIMUM,MAXIMUM,MINWEIGHT,MAXWEIGHT,CURRENT,SUMMARY
feature.Yield.managed.CW,0,0,10.0,0.0,10000.0,1.0,1.0,98525.78125,0.0
feature.Yield.managed.CW,1,10,10.0,0.0,10000.0,1.0,1.0,106108.078125,0.0
feature.Yield.managed.CW,2,20,10.0,0.0,10000.0,1.0,1.0,110080.265625,0.0
feature.Yield.managed.CW,3,30,10.0,0.0,10000.0,1.0,1.0,107200.40625,0.0
feature.Yield.managed.CW,4,40,10.0,0.0,10000.0,1.0,1.0,104957.59375,0.0
feature.Yield.managed.CW,5,50,10.0,0.0,10000.0,1.0,1.0,97628.890625,0.0
feature.Yield.managed.CW,6,60,10.0,0.0,10000.0,1.0,1.0,94346.65625,0.0
feature.Yield.managed.CW,7,70,10.0,0.0,10000.0,1.0,1.0,94893.296875,0.0
feature.Yield.managed.CW,8,80,10.0,0.0,10000.0,1.0,1.0,94108.734375,0.0
feature.Yield.managed.CW,9,90,10.0,0.0,10000.0,1.0,1.0,89297.140625,0.0
feature.Yield.managed.CW,10,100,10.0,0.0,10000.0,1.0,1.0,86872.2265625,0.0
feature.Yield.managed.CW,11,110,10.0,0.0,10000.0,1.0,1.0,85142.0859375,0.0
feature.Yield.managed.CW,12,120,10.0,0.0,10000.0,1.0,1.0,82609.3828125,0.0
feature.Yield.managed.CW,13,130,10.0,0.0,10000.0,1.0,1.0,79360.46875,0.0
feature.Yield.managed.CW,14,140,10.0,0.0,10000.0,1.0,1.0,79081.9921875,0.0
feature.Yield.managed.CW,15,150,10.0,0.0,10000.0,1.0,1.0,79274.1796875,0.0
feature.Yield.managed.CW,16,160,10.0,0.0,10000.0,1.0,1.0,80379.3984375,0.0
feature.Yield.managed.CW,17,170,10.0,0.0,10000.0,1.0,1.0,79645.1171875,0.0
feature.Yield.managed.CW,18,180,10.0,0.0,10000.0,1.0,1.0,80074.21875,0.0
feature.Yield.managed.CW,19,190,10.0,0.0,10000.0,1.0,1.0,78819.2265625,0.0
feature.Yield.managed.CW,20,200,10.0,0.0,10000.0,1.0,1.0,80552.21875,0.0
feature.Yield.managed.CW,21,210,10.0,0.0,10000.0,1.0,1.0,81362.90625,0.0
feature.Yield.managed.CW,22,220,10.0,0.0,10000.0,1.0,1.0,83362.4296875,0.0
feature.Yield.managed.CW,23,230,10.0,0.0,10000.0,1.0,1.0,82686.9765625,0.0
feature.Yield.managed.CW,24,240,10.0,0.0,10000.0,1.0,1.0,80455.734375,0.0
feature.Yield.managed.CW,25,250,10.0,0.0,10000.0,1.0,1.0,77078.109375,0.0
feature.Yield.managed.CW,26,260,10.0,0.0,10000.0,1.0,1.0,73478.2265625,0.0
feature.Yield.managed.CW,27,270,10.0,0.0,10000.0,1.0,1.0,72742.0234375,0.0
feature.Yield.managed.CW,28,280,10.0,0.0,10000.0,1.0,1.0,72216.2109375,0.0
feature.Yield.managed.CW,29,290,10.0,0.0,10000.0,1.0,1.0,73565.3125,0.0
feature.Yield.managed.CW,30,300,10.0,0.0,10000.0,1.0,1.0,73943.2421875,0.0
