TARGET,PERIOD,YEAR,PERIODWIDTH,MINIMUM,MAXIMUM,MINWEIGHT,MAXWEIGHT,CURRENT,SUMMARY
feature.Yield.managed.SS,0,0,10.0,0.0,10000.0,1.0,1.0,4413.90478515625,0.0
feature.Yield.managed.SS,1,10,10.0,0.0,10000.0,1.0,1.0,5095.62890625,0.0
feature.Yield.managed.SS,2,20,10.0,0.0,10000.0,1.0,1.0,5742.337890625,0.0
feature.Yield.managed.SS,3,30,10.0,0.0,10000.0,1.0,1.0,6318.68994140625,0.0
feature.Yield.managed.SS,4,40,10.0,0.0,10000.0,1.0,1.0,6553.333984375,0.0
feature.Yield.managed.SS,5,50,10.0,0.0,10000.0,1.0,1.0,6551.08984375,0.0
feature.Yield.managed.SS,6,60,10.0,0.0,10000.0,1.0,1.0,6490.39501953125,0.0
feature.Yield.managed.SS,7,70,10.0,0.0,10000.0,1.0,1.0,6487.2109375,0.0
feature.Yield.managed.SS,8,80,10.0,0.0,10000.0,1.0,1.0,5350.69580078125,0.0
feature.Yield.managed.SS,9,90,10.0,0.0,10000.0,1.0,1.0,5362.865234375,0.0
feature.Yield.managed.SS,10,100,10.0,0.0,10000.0,1.0,1.0,5360.794921875,0.0
feature.Yield.managed.SS,11,110,10.0,0.0,10000.0,1.0,1.0,5494.66015625,0.0
feature.Yield.managed.SS,12,120,10.0,0.0,10000.0,1.0,1.0,5637.20703125,0.0
feature.Yield.managed.SS,13,130,10.0,0.0,10000.0,1.0,1.0,5775.52685546875,0.0
feature.Yield.managed.SS,14,140,10.0,0.0,10000.0,1.0,1.0,5924.56201171875,0.0
feature.Yield.managed.SS,15,150,10.0,0.0,10000.0,1.0,1.0,6062.791015625,0.0
feature.Yield.managed.SS,16,160,10.0,0.0,10000.0,1.0,1.0,6199.369140625,0.0
feature.Yield.managed.SS,17,170,10.0,0.0,10000.0,1.0,1.0,6273.84423828125,0.0
feature.Yield.managed.SS,18,180,10.0,0.0,10000.0,1.0,1.0,5372.240234375,0.0
feature.Yield.managed.SS,19,190,10.0,0.0,10000.0,1.0,1.0,5413.94921875,0.0
feature.Yield.managed.SS,20,200,10.0,0.0,10000.0,1.0,1.0,5554.4140625,0.0
feature.Yield.managed.SS,21,210,10.0,0.0,10000.0,1.0,1.0,5702.47509765625,0.0
feature.Yield.managed.SS,22,220,10.0,0.0,10000.0,1.0,1.0,1236.8470458984375,0.0
feature.Yield.managed.SS,23,230,10.0,0.0,10000.0,1.0,1.0,1419.7249755859375,0.0
feature.Yield.managed.SS,24,240,10.0,0.0,10000.0,1.0,1.0,1815.8800048828125,0.0
feature.Yield.managed.SS,25,250,10.0,0.0,10000.0,1.0,1.0,2351.553955078125,0.0
feature.Yield.managed.SS,26,260,10.0,0.0,10000.0,1.0,1.0,2914.39404296875,0.0
feature.Yield.managed.SS,27,270,10.0,0.0,10000.0,1.0,1.0,3458.47705078125,0.0
feature.Yield.managed.SS,28,280,10.0,0.0,10000.0,1.0,1.0,3857.135009765625,0.0
feature.Yield.managed.SS,29,290,10.0,0.0,10000.0,1.0,1.0,4140.81787109375,0.0
feature.Yield.managed.SS,30,300,10.0,0.0,10000.0,1.0,1.0,3664.922119140625,0.0
