TARGET,PERIOD,YEAR,PERIODWIDTH,MINIMUM,MAXIMUM,MINWEIGHT,MAXWEIGHT,CURRENT,SUMMARY
feature.Yield.managed.YC,0,0,10.0,0.0,10000.0,1.0,1.0,955.906005859375,0.0
feature.Yield.managed.YC,1,10,10.0,0.0,10000.0,1.0,1.0,742.0590209960938,0.0
feature.Yield.managed.YC,2,20,10.0,0.0,10000.0,1.0,1.0,719.7030029296875,0.0
feature.Yield.managed.YC,3,30,10.0,0.0,10000.0,1.0,1.0,611.1519775390625,0.0
feature.Yield.managed.YC,4,40,10.0,0.0,10000.0,1.0,1.0,626.1259765625,0.0
feature.Yield.managed.YC,5,50,10.0,0.0,10000.0,1.0,1.0,582.2969970703125,0.0
feature.Yield.managed.YC,6,60,10.0,0.0,10000.0,1.0,1.0,629.301025390625,0.0
feature.Yield.managed.YC,7,70,10.0,0.0,10000.0,1.0,1.0,661.3309936523438,0.0
feature.Yield.managed.YC,8,80,10.0,0.0,10000.0,1.0,1.0,612.0659790039062,0.0
feature.Yield.managed.YC,9,90,10.0,0.0,10000.0,1.0,1.0,614.3179931640625,0.0
feature.Yield.managed.YC,10,100,10.0,0.0,10000.0,1.0,1.0,539.0599975585938,0.0
feature.Yield.managed.YC,11,110,10.0,0.0,10000.0,1.0,1.0,528.6619873046875,0.0
feature.Yield.managed.YC,12,120,10.0,0.0,10000.0,1.0,1.0,476.7869873046875,0.0
feature.Yield.managed.YC,13,130,10.0,0.0,10000.0,1.0,1.0,426.87298583984375,0.0
feature.Yield.managed.YC,14,140,10.0,0.0,10000.0,1.0,1.0,495.6319885253906,0.0
feature.Yield.managed.YC,15,150,10.0,0.0,10000.0,1.0,1.0,443.4830017089844,0.0
feature.Yield.managed.YC,16,160,10.0,0.0,10000.0,1.0,1.0,435.9179992675781,0.0
feature.Yield.managed.YC,17,170,10.0,0.0,10000.0,1.0,1.0,433.3210144042969,0.0
feature.Yield.managed.YC,18,180,10.0,0.0,10000.0,1.0,1.0,463.87799072265625,0.0
feature.Yield.managed.YC,19,190,10.0,0.0,10000.0,1.0,1.0,492.7929992675781,0.0
feature.Yield.managed.YC,20,200,10.0,0.0,10000.0,1.0,1.0,507.30999755859375,0.0
feature.Yield.managed.YC,21,210,10.0,0.0,10000.0,1.0,1.0,429.875,0.0
feature.Yield.managed.YC,22,220,10.0,0.0,10000.0,1.0,1.0,259.3290100097656,0.0
feature.Yield.managed.YC,23,230,10.0,0.0,10000.0,1.0,1.0,312.0419921875,0.0
feature.Yield.managed.YC,24,240,10.0,0.0,10000.0,1.0,1.0,310.3919982910156,0.0
feature.Yield.managed.YC,25,250,10.0,0.0,10000.0,1.0,1.0,334.6000061035156,0.0
feature.Yield.managed.YC,26,260,10.0,0.0,10000.0,1.0,1.0,213.23500061035156,0.0
feature.Yield.managed.YC,27,270,10.0,0.0,10000.0,1.0,1.0,279.1759948730469,0.0
feature.Yield.managed.YC,28,280,10.0,0.0,10000.0,1.0,1.0,328.0719909667969,0.0
feature.Yield.managed.YC,29,290,10.0,0.0,10000.0,1.0,1.0,369.7120056152344,0.0
feature.Yield.managed.YC,30,300,10.0,0.0,10000.0,1.0,1.0,271.6109924316406,0.0
