TARGET,PERIOD,YEAR,PERIODWIDTH,MINIMUM,MAXIMUM,MINWEIGHT,MAXWEIGHT,CURRENT,SUMMARY
feature.Yield.managed.DR,0,0,10.0,0.0,10000.0,1.0,1.0,11459.6494140625,0.0
feature.Yield.managed.DR,1,10,10.0,0.0,10000.0,1.0,1.0,12996.34375,0.0
feature.Yield.managed.DR,2,20,10.0,0.0,10000.0,1.0,1.0,14278.30859375,0.0
feature.Yield.managed.DR,3,30,10.0,0.0,10000.0,1.0,1.0,15295.8212890625,0.0
feature.Yield.managed.DR,4,40,10.0,0.0,10000.0,1.0,1.0,15701.603515625,0.0
feature.Yield.managed.DR,5,50,10.0,0.0,10000.0,1.0,1.0,15875.904296875,0.0
feature.Yield.managed.DR,6,60,10.0,0.0,10000.0,1.0,1.0,15076.2568359375,0.0
feature.Yield.managed.DR,7,70,10.0,0.0,10000.0,1.0,1.0,15149.9091796875,0.0
feature.Yield.managed.DR,8,80,10.0,0.0,10000.0,1.0,1.0,10005.6240234375,0.0
feature.Yield.managed.DR,9,90,10.0,0.0,10000.0,1.0,1.0,10012.708984375,0.0
feature.Yield.managed.DR,10,100,10.0,0.0,10000.0,1.0,1.0,8745.01953125,0.0
feature.Yield.managed.DR,11,110,10.0,0.0,10000.0,1.0,1.0,8951.08203125,0.0
feature.Yield.managed.DR,12,120,10.0,0.0,10000.0,1.0,1.0,9625.91796875,0.0
feature.Yield.managed.DR,13,130,10.0,0.0,10000.0,1.0,1.0,10408.1171875,0.0
feature.Yield.managed.DR,14,140,10.0,0.0,10000.0,1.0,1.0,11164.0380859375,0.0
feature.Yield.managed.DR,15,150,10.0,0.0,10000.0,1.0,1.0,12078.4931640625,0.0
feature.Yield.managed.DR,16,160,10.0,0.0,10000.0,1.0,1.0,12958.3193359375,0.0
feature.Yield.managed.DR,17,170,10.0,0.0,10000.0,1.0,1.0,12831.4716796875,0.0
feature.Yield.managed.DR,18,180,10.0,0.0,10000.0,1.0,1.0,11242.37890625,0.0
feature.Yield.managed.DR,19,190,10.0,0.0,10000.0,1.0,1.0,11538.7841796875,0.0
feature.Yield.managed.DR,20,200,10.0,0.0,10000.0,1.0,1.0,12243.9248046875,0.0
feature.Yield.managed.DR,21,210,10.0,0.0,10000.0,1.0,1.0,13020.666015625,0.0
feature.Yield.managed.DR,22,220,10.0,0.0,10000.0,1.0,1.0,9865.31640625,0.0
feature.Yield.managed.DR,23,230,10.0,0.0,10000.0,1.0,1.0,10145.6943359375,0.0
feature.Yield.managed.DR,24,240,10.0,0.0,10000.0,1.0,1.0,9408.3916015625,0.0
feature.Yield.managed.DR,25,250,10.0,0.0,10000.0,1.0,1.0,9369.373046875,0.0
feature.Yield.managed.DR,26,260,10.0,0.0,10000.0,1.0,1.0,10120.291015625,0.0
feature.Yield.managed.DR,27,270,10.0,0.0,10000.0,1.0,1.0,10680.9365234375,0.0
feature.Yield.managed.DR,28,280,10.0,0.0,10000.0,1.0,1.0,10562.5,0.0
feature.Yield.managed.DR,29,290,10.0,0.0,10000.0,1.0,1.0,9039.087890625,0.0
feature.Yield.managed.DR,30,300,10.0,0.0,10000.0,1.0,1.0,9533.31640625,0.0
