TARGET,PERIOD,YEAR,PERIODWIDTH,MINIMUM,MAXIMUM,MINWEIGHT,MAXWEIGHT,CURRENT,SUMMARY
feature.Area.og2.total,0,0,10.0,0.0,10000.0,1.0,1.0,250.7050018310547,0.0
feature.Area.og2.total,1,10,10.0,0.0,10000.0,1.0,1.0,250.85800170898438,0.0
feature.Area.og2.total,2,20,10.0,0.0,10000.0,1.0,1.0,308.6419982910156,0.0
feature.Area.og2.total,3,30,10.0,0.0,10000.0,1.0,1.0,307.54998779296875,0.0
feature.Area.og2.total,4,40,10.0,0.0,10000.0,1.0,1.0,305.4939880371094,0.0
feature.Area.og2.total,5,50,10.0,0.0,10000.0,1.0,1.0,308.1440124511719,0.0
feature.Area.og2.total,6,60,10.0,0.0,10000.0,1.0,1.0,307.3139953613281,0.0
feature.Area.og2.total,7,70,10.0,0.0,10000.0,1.0,1.0,307.3139953613281,0.0
feature.Area.og2.total,8,80,10.0,0.0,10000.0,1.0,1.0,304.8340148925781,0.0
feature.Area.og2.total,9,90,10.0,0.0,10000.0,1.0,1.0,299.25799560546875,0.0
feature.Area.og2.total,10,100,10.0,0.0,10000.0,1.0,1.0,300.34100341796875,0.0
feature.Area.og2.total,11,110,10.0,0.0,10000.0,1.0,1.0,300.34100341796875,0.0
feature.Area.og2.total,12,120,10.0,0.0,10000.0,1.0,1.0,300.34100341796875,0.0
feature.Area.og2.total,13,130,10.0,0.0,10000.0,1.0,1.0,341.17401123046875,0.0
feature.Area.og2.total,14,140,10.0,0.0,10000.0,1.0,1.0,341.17401123046875,0.0
feature.Area.og2.total,15,150,10.0,0.0,10000.0,1.0,1.0,364.1820068359375,0.0
feature.Area.og2.total,16,160,10.0,0.0,10000.0,1.0,1.0,364.6130065917969,0.0
feature.Area.og2.total,17,170,10.0,0.0,10000.0,1.0,1.0,365.8399963378906,0.0
feature.Area.og2.total,18,180,10.0,0.0,10000.0,1.0,1.0,367.57000732421875,0.0
feature.Area.og2.total,19,190,10.0,0.0,10000.0,1.0,1.0,416.697998046875,0.0
feature.Area.og2.total,20,200,10.0,0.0,10000.0,1.0,1.0,531.7979736328125,0.0
feature.Area.og2.total,21,210,10.0,0.0,10000.0,1.0,1.0,661.4650268554688,0.0
feature.Area.og2.total,22,220,10.0,0.0,10000.0,1.0,1.0,673.1649780273438,0.0
feature.Area.og2.total,23,230,10.0,0.0,10000.0,1.0,1.0,673.1649780273438,0.0
feature.Area.og2.total,24,240,10.0,0.0,10000.0,1.0,1.0,673.1649780273438,0.0
feature.Area.og2.total,25,250,10.0,0.0,10000.0,1.0,1.0,673.1649780273438,0.0
feature.Area.og2.total,26,260,10.0,0.0,10000.0,1.0,1.0,673.1649780273438,0.0
feature.Area.og2.total,27,270,10.0,0.0,10000.0,1.0,1.0,673.1649780273438,0.0
feature.Area.og2.total,28,280,10.0,0.0,10000.0,1.0,1.0,673.1649780273438,0.0
feature.Area.og2.total,29,290,10.0,0.0,10000.0,1.0,1.0,666.3690185546875,0.0
feature.Area.og2.total,30,300,10.0,0.0,10000.0,1.0,1.0,666.3690185546875,0.0
