TARGET,PERIOD,YEAR,PERIODWIDTH,MINIMUM,MAXIMUM,MINWEIGHT,MAXWEIGHT,CURRENT,SUMMARY
feature.Yield.managed.FDC,0,0,10.0,0.0,10000.0,1.0,1.0,184192.78125,0.0
feature.Yield.managed.FDC,1,10,10.0,0.0,10000.0,1.0,1.0,194261.296875,0.0
feature.Yield.managed.FDC,2,20,10.0,0.0,10000.0,1.0,1.0,213102.828125,0.0
feature.Yield.managed.FDC,3,30,10.0,0.0,10000.0,1.0,1.0,223200.140625,0.0
feature.Yield.managed.FDC,4,40,10.0,0.0,10000.0,1.0,1.0,209919.859375,0.0
feature.Yield.managed.FDC,5,50,10.0,0.0,10000.0,1.0,1.0,185688.015625,0.0
feature.Yield.managed.FDC,6,60,10.0,0.0,10000.0,1.0,1.0,153213.296875,0.0
feature.Yield.managed.FDC,7,70,10.0,0.0,10000.0,1.0,1.0,129503.921875,0.0
feature.Yield.managed.FDC,8,80,10.0,0.0,10000.0,1.0,1.0,119451.1328125,0.0
feature.Yield.managed.FDC,9,90,10.0,0.0,10000.0,1.0,1.0,134523.484375,0.0
feature.Yield.managed.FDC,10,100,10.0,0.0,10000.0,1.0,1.0,141114.328125,0.0
feature.Yield.managed.FDC,11,110,10.0,0.0,10000.0,1.0,1.0,151665.171875,0.0
feature.Yield.managed.FDC,12,120,10.0,0.0,10000.0,1.0,1.0,155146.015625,0.0
feature.Yield.managed.FDC,13,130,10.0,0.0,10000.0,1.0,1.0,150586.21875,0.0
feature.Yield.managed.FDC,14,140,10.0,0.0,10000.0,1.0,1.0,147852.296875,0.0
feature.Yield.managed.FDC,15,150,10.0,0.0,10000.0,1.0,1.0,131436.453125,0.0
feature.Yield.managed.FDC,16,160,10.0,0.0,10000.0,1.0,1.0,123361.515625,0.0
feature.Yield.managed.FDC,17,170,10.0,0.0,10000.0,1.0,1.0,138902.046875,0.0
feature.Yield.managed.FDC,18,180,10.0,0.0,10000.0,1.0,1.0,145305.21875,0.0
feature.Yield.managed.FDC,19,190,10.0,0.0,10000.0,1.0,1.0,158501.875,0.0
feature.Yield.managed.FDC,20,200,10.0,0.0,10000.0,1.0,1.0,150490.5,0.0
feature.Yield.managed.FDC,21,210,10.0,0.0,10000.0,1.0,1.0,158838.34375,0.0
feature.Yield.managed.FDC,22,220,10.0,0.0,10000.0,1.0,1.0,166777.1875,0.0
feature.Yield.managed.FDC,23,230,10.0,0.0,10000.0,1.0,1.0,162001.203125,0.0
feature.Yield.managed.FDC,24,240,10.0,0.0,10000.0,1.0,1.0,168891.5,0.0
feature.Yield.managed.FDC,25,250,10.0,0.0,10000.0,1.0,1.0,168813.3125,0.0
feature.Yield.managed.FDC,26,260,10.0,0.0,10000.0,1.0,1.0,173381.015625,0.0
feature.Yield.managed.FDC,27,270,10.0,0.0,10000.0,1.0,1.0,150912.265625,0.0
feature.Yield.managed.FDC,28,280,10.0,0.0,10000.0,1.0,1.0,141643.84375,0.0
feature.Yield.managed.FDC,29,290,10.0,0.0,10000.0,1.0,1.0,135357.90625,0.0
feature.Yield.managed.FDC,30,300,10.0,0.0,10000.0,1.0,1.0,129676.171875,0.0
