TARGET,PERIOD,YEAR,PERIODWIDTH,MINIMUM,MAXIMUM,MINWEIGHT,MAXWEIGHT,CURRENT,SUMMARY
feature.Seral.young,0,0,10.0,0.0,10000.0,1.0,1.0,0.0,0.0
feature.Seral.young,1,10,10.0,0.0,10000.0,1.0,1.0,69.84700012207031,0.0
feature.Seral.young,2,20,10.0,0.0,10000.0,1.0,1.0,175.30099487304688,0.0
feature.Seral.young,3,30,10.0,0.0,10000.0,1.0,1.0,219.5030059814453,0.0
feature.Seral.young,4,40,10.0,0.0,10000.0,1.0,1.0,224.7010040283203,0.0
feature.Seral.young,5,50,10.0,0.0,10000.0,1.0,1.0,231.11399841308594,0.0
feature.Seral.young,6,60,10.0,0.0,10000.0,1.0,1.0,227.61700439453125,0.0
feature.Seral.young,7,70,10.0,0.0,10000.0,1.0,1.0,235.2729949951172,0.0
feature.Seral.young,8,80,10.0,0.0,10000.0,1.0,1.0,216.5229949951172,0.0
feature.Seral.young,9,90,10.0,0.0,10000.0,1.0,1.0,182.95199584960938,0.0
feature.Seral.young,10,100,10.0,0.0,10000.0,1.0,1.0,204.75900268554688,0.0
feature.Seral.young,11,110,10.0,0.0,10000.0,1.0,1.0,218.5780029296875,0.0
feature.Seral.young,12,120,10.0,0.0,10000.0,1.0,1.0,227.82400512695312,0.0
feature.Seral.young,13,130,10.0,0.0,10000.0,1.0,1.0,249.76499938964844,0.0
feature.Seral.young,14,140,10.0,0.0,10000.0,1.0,1.0,216.50599670410156,0.0
feature.Seral.young,15,150,10.0,0.0,10000.0,1.0,1.0,171.81300354003906,0.0
feature.Seral.young,16,160,10.0,0.0,10000.0,1.0,1.0,186.2790069580078,0.0
feature.Seral.young,17,170,10.0,0.0,10000.0,1.0,1.0,176.5330047607422,0.0
feature.Seral.young,18,180,10.0,0.0,10000.0,1.0,1.0,177.51699829101562,0.0
feature.Seral.young,19,190,10.0,0.0,10000.0,1.0,1.0,240.33900451660156,0.0
feature.Seral.young,20,200,10.0,0.0,10000.0,1.0,1.0,252.66000366210938,0.0
feature.Seral.young,21,210,10.0,0.0,10000.0,1.0,1.0,189.38400268554688,0.0
feature.Seral.young,22,220,10.0,0.0,10000.0,1.0,1.0,180.84800720214844,0.0
feature.Seral.young,23,230,10.0,0.0,10000.0,1.0,1.0,235.00399780273438,0.0
feature.Seral.young,24,240,10.0,0.0,10000.0,1.0,1.0,224.5260009765625,0.0
feature.Seral.young,25,250,10.0,0.0,10000.0,1.0,1.0,218.86199951171875,0.0
feature.Seral.young,26,260,10.0,0.0,10000.0,1.0,1.0,206.3090057373047,0.0
feature.Seral.young,27,270,10.0,0.0,10000.0,1.0,1.0,220.86599731445312,0.0
feature.Seral.young,28,280,10.0,0.0,10000.0,1.0,1.0,229.2050018310547,0.0
feature.Seral.young,29,290,10.0,0.0,10000.0,1.0,1.0,173.41200256347656,0.0
feature.Seral.young,30,300,10.0,0.0,10000.0,1.0,1.0,182.66099548339844,0.0
