TARGET,PERIOD,YEAR,PERIODWIDTH,MINIMUM,MAXIMUM,MINWEIGHT,MAXWEIGHT,CURRENT,SUMMARY
product.Yield.managed.FDC,0,0,10.0,0.0,10000.0,1.0,1.0,0.0,0.0
product.Yield.managed.FDC,1,10,10.0,0.0,10000.0,1.0,1.0,28863.388671875,0.0
product.Yield.managed.FDC,2,20,10.0,0.0,10000.0,1.0,1.0,17319.677734375,0.0
product.Yield.managed.FDC,3,30,10.0,0.0,10000.0,1.0,1.0,22765.953125,0.0
product.Yield.managed.FDC,4,40,10.0,0.0,10000.0,1.0,1.0,37320.234375,0.0
product.Yield.managed.FDC,5,50,10.0,0.0,10000.0,1.0,1.0,39437.90625,0.0
product.Yield.managed.FDC,6,60,10.0,0.0,10000.0,1.0,1.0,48944.65625,0.0
product.Yield.managed.FDC,7,70,10.0,0.0,10000.0,1.0,1.0,44244.66015625,0.0
product.Yield.managed.FDC,8,80,10.0,0.0,10000.0,1.0,1.0,34517.69140625,0.0
product.Yield.managed.FDC,9,90,10.0,0.0,10000.0,1.0,1.0,12741.9296875,0.0
product.Yield.managed.FDC,10,100,10.0,0.0,10000.0,1.0,1.0,24214.197265625,0.0
product.Yield.managed.FDC,11,110,10.0,0.0,10000.0,1.0,1.0,20177.3515625,0.0
product.Yield.managed.FDC,12,120,10.0,0.0,10000.0,1.0,1.0,25089.740234375,0.0
product.Yield.managed.FDC,13,130,10.0,0.0,10000.0,1.0,1.0,30632.40625,0.0
product.Yield.managed.FDC,14,140,10.0,0.0,10000.0,1.0,1.0,29777.306640625,0.0
product.Yield.managed.FDC,15,150,10.0,0.0,10000.0,1.0,1.0,42369.01953125,0.0
product.Yield.managed.FDC,16,160,10.0,0.0,10000.0,1.0,1.0,35912.69140625,0.0
product.Yield.managed.FDC,17,170,10.0,0.0,10000.0,1.0,1.0,15174.330078125,0.0
product.Yield.managed.FDC,18,180,10.0,0.0,10000.0,1.0,1.0,26780.365234375,0.0
product.Yield.managed.FDC,19,190,10.0,0.0,10000.0,1.0,1.0,19717.662109375,0.0
product.Yield.managed.FDC,20,200,10.0,0.0,10000.0,1.0,1.0,39821.58984375,0.0
product.Yield.managed.FDC,21,210,10.0,0.0,10000.0,1.0,1.0,21085.6015625,0.0
product.Yield.managed.FDC,22,220,10.0,0.0,10000.0,1.0,1.0,18536.697265625,0.0
product.Yield.managed.FDC,23,230,10.0,0.0,10000.0,1.0,1.0,30435.017578125,0.0
product.Yield.managed.FDC,24,240,10.0,0.0,10000.0,1.0,1.0,17010.6484375,0.0
product.Yield.managed.FDC,25,250,10.0,0.0,10000.0,1.0,1.0,20751.392578125,0.0
product.Yield.managed.FDC,26,260,10.0,0.0,10000.0,1.0,1.0,17060.3984375,0.0
product.Yield.managed.FDC,27,270,10.0,0.0,10000.0,1.0,1.0,43522.90234375,0.0
product.Yield.managed.FDC,28,280,10.0,0.0,10000.0,1.0,1.0,31876.64453125,0.0
product.Yield.managed.FDC,29,290,10.0,0.0,10000.0,1.0,1.0,31158.017578125,0.0
product.Yield.managed.FDC,30,300,10.0,0.0,10000.0,1.0,1.0,31631.142578125,0.0
