TARGET,PERIOD,YEAR,PERIODWIDTH,MINIMUM,MAXIMUM,MINWEIGHT,MAXWEIGHT,CURRENT,SUMMARY
product.Yield.managed.HW,0,0,10.0,0.0,10000.0,1.0,1.0,0.0,0.0
product.Yield.managed.HW,1,10,10.0,0.0,10000.0,1.0,1.0,57646.48046875,0.0
product.Yield.managed.HW,2,20,10.0,0.0,10000.0,1.0,1.0,66231.203125,0.0
product.Yield.managed.HW,3,30,10.0,0.0,10000.0,1.0,1.0,56983.62890625,0.0
product.Yield.managed.HW,4,40,10.0,0.0,10000.0,1.0,1.0,45870.52734375,0.0
product.Yield.managed.HW,5,50,10.0,0.0,10000.0,1.0,1.0,40578.4375,0.0
product.Yield.managed.HW,6,60,10.0,0.0,10000.0,1.0,1.0,32938.38671875,0.0
product.Yield.managed.HW,7,70,10.0,0.0,10000.0,1.0,1.0,40265.9765625,0.0
product.Yield.managed.HW,8,80,10.0,0.0,10000.0,1.0,1.0,40687.359375,0.0
product.Yield.managed.HW,9,90,10.0,0.0,10000.0,1.0,1.0,64923.10546875,0.0
product.Yield.managed.HW,10,100,10.0,0.0,10000.0,1.0,1.0,54076.875,0.0
product.Yield.managed.HW,11,110,10.0,0.0,10000.0,1.0,1.0,59153.4453125,0.0
product.Yield.managed.HW,12,120,10.0,0.0,10000.0,1.0,1.0,54726.59375,0.0
product.Yield.managed.HW,13,130,10.0,0.0,10000.0,1.0,1.0,48071.09765625,0.0
product.Yield.managed.HW,14,140,10.0,0.0,10000.0,1.0,1.0,50595.6015625,0.0
product.Yield.managed.HW,15,150,10.0,0.0,10000.0,1.0,1.0,38283.4296875,0.0
product.Yield.managed.HW,16,160,10.0,0.0,10000.0,1.0,1.0,45041.890625,0.0
product.Yield.managed.HW,17,170,10.0,0.0,10000.0,1.0,1.0,62721.5,0.0
product.Yield.managed.HW,18,180,10.0,0.0,10000.0,1.0,1.0,50443.41796875,0.0
product.Yield.managed.HW,19,190,10.0,0.0,10000.0,1.0,1.0,59560.203125,0.0
product.Yield.managed.HW,20,200,10.0,0.0,10000.0,1.0,1.0,40758.96875,0.0
product.Yield.managed.HW,21,210,10.0,0.0,10000.0,1.0,1.0,59060.2578125,0.0
product.Yield.managed.HW,22,220,10.0,0.0,10000.0,1.0,1.0,55463.5703125,0.0
product.Yield.managed.HW,23,230,10.0,0.0,10000.0,1.0,1.0,50017.86328125,0.0
product.Yield.managed.HW,24,240,10.0,0.0,10000.0,1.0,1.0,61025.1484375,0.0
product.Yield.managed.HW,25,250,10.0,0.0,10000.0,1.0,1.0,58400.671875,0.0
product.Yield.managed.HW,26,260,10.0,0.0,10000.0,1.0,1.0,61965.4453125,0.0
product.Yield.managed.HW,27,270,10.0,0.0,10000.0,1.0,1.0,38254.65234375,0.0
product.Yield.managed.HW,28,280,10.0,0.0,10000.0,1.0,1.0,47407.66796875,0.0
product.Yield.managed.HW,29,290,10.0,0.0,10000.0,1.0,1.0,48408.91015625,0.0
product.Yield.managed.HW,30,300,10.0,0.0,10000.0,1.0,1.0,47995.68359375,0.0
