TARGET,PERIOD,YEAR,PERIODWIDTH,MINIMUM,MAXIMUM,MINWEIGHT,MAXWEIGHT,CURRENT,SUMMARY
product.Yield.managed.CW,0,0,10.0,0.0,10000.0,1.0,1.0,0.0,0.0
product.Yield.managed.CW,1,10,10.0,0.0,10000.0,1.0,1.0,11269.923828125,0.0
product.Yield.managed.CW,2,20,10.0,0.0,10000.0,1.0,1.0,13027.77734375,0.0
product.Yield.managed.CW,3,30,10.0,0.0,10000.0,1.0,1.0,17739.19921875,0.0
product.Yield.managed.CW,4,40,10.0,0.0,10000.0,1.0,1.0,14738.3974609375,0.0
product.Yield.managed.CW,5,50,10.0,0.0,10000.0,1.0,1.0,17896.896484375,0.0
product.Yield.managed.CW,6,60,10.0,0.0,10000.0,1.0,1.0,15264.5322265625,0.0
product.Yield.managed.CW,7,70,10.0,0.0,10000.0,1.0,1.0,13330.72265625,0.0
product.Yield.managed.CW,8,80,10.0,0.0,10000.0,1.0,1.0,16098.625,0.0
product.Yield.managed.CW,9,90,10.0,0.0,10000.0,1.0,1.0,20267.59375,0.0
product.Yield.managed.CW,10,100,10.0,0.0,10000.0,1.0,1.0,17981.314453125,0.0
product.Yield.managed.CW,11,110,10.0,0.0,10000.0,1.0,1.0,17111.97265625,0.0
product.Yield.managed.CW,12,120,10.0,0.0,10000.0,1.0,1.0,18039.4609375,0.0
product.Yield.managed.CW,13,130,10.0,0.0,10000.0,1.0,1.0,19202.46484375,0.0
product.Yield.managed.CW,14,140,10.0,0.0,10000.0,1.0,1.0,17593.724609375,0.0
product.Yield.managed.CW,15,150,10.0,0.0,10000.0,1.0,1.0,17259.205078125,0.0
product.Yield.managed.CW,16,160,10.0,0.0,10000.0,1.0,1.0,16974.62109375,0.0
product.Yield.managed.CW,17,170,10.0,0.0,10000.0,1.0,1.0,18979.076171875,0.0
product.Yield.managed.CW,18,180,10.0,0.0,10000.0,1.0,1.0,17524.900390625,0.0
product.Yield.managed.CW,19,190,10.0,0.0,10000.0,1.0,1.0,18565.51953125,0.0
product.Yield.managed.CW,20,200,10.0,0.0,10000.0,1.0,1.0,16381.9033203125,0.0
product.Yield.managed.CW,21,210,10.0,0.0,10000.0,1.0,1.0,17528.396484375,0.0
product.Yield.managed.CW,22,220,10.0,0.0,10000.0,1.0,1.0,15041.7509765625,0.0
product.Yield.managed.CW,23,230,10.0,0.0,10000.0,1.0,1.0,17532.81640625,0.0
product.Yield.managed.CW,24,240,10.0,0.0,10000.0,1.0,1.0,18449.763671875,0.0
product.Yield.managed.CW,25,250,10.0,0.0,10000.0,1.0,1.0,18363.900390625,0.0
product.Yield.managed.CW,26,260,10.0,0.0,10000.0,1.0,1.0,18846.103515625,0.0
product.Yield.managed.CW,27,270,10.0,0.0,10000.0,1.0,1.0,16228.345703125,0.0
product.Yield.managed.CW,28,280,10.0,0.0,10000.0,1.0,1.0,16930.025390625,0.0
product.Yield.managed.CW,29,290,10.0,0.0,10000.0,1.0,1.0,16008.9541015625,0.0
product.Yield.managed.CW,30,300,10.0,0.0,10000.0,1.0,1.0,17157.0078125,0.0
