TARGET,PERIOD,YEAR,PERIODWIDTH,MINIMUM,MAXIMUM,MINWEIGHT,MAXWEIGHT,CURRENT,SUMMARY
product.Yield.managed.YC,0,0,10.0,0.0,10000.0,1.0,1.0,0.0,0.0
product.Yield.managed.YC,1,10,10.0,0.0,10000.0,1.0,1.0,255.7689971923828,0.0
product.Yield.managed.YC,2,20,10.0,0.0,10000.0,1.0,1.0,50.62799835205078,0.0
product.Yield.managed.YC,3,30,10.0,0.0,10000.0,1.0,1.0,135.2449951171875,0.0
product.Yield.managed.YC,4,40,10.0,0.0,10000.0,1.0,1.0,25.19099998474121,0.0
product.Yield.managed.YC,5,50,10.0,0.0,10000.0,1.0,1.0,98.78700256347656,0.0
product.Yield.managed.YC,6,60,10.0,0.0,10000.0,1.0,1.0,14.510000228881836,0.0
product.Yield.managed.YC,7,70,10.0,0.0,10000.0,1.0,1.0,32.948001861572266,0.0
product.Yield.managed.YC,8,80,10.0,0.0,10000.0,1.0,1.0,117.0979995727539,0.0
product.Yield.managed.YC,9,90,10.0,0.0,10000.0,1.0,1.0,59.42300033569336,0.0
product.Yield.managed.YC,10,100,10.0,0.0,10000.0,1.0,1.0,131.1269989013672,0.0
product.Yield.managed.YC,11,110,10.0,0.0,10000.0,1.0,1.0,63.053001403808594,0.0
product.Yield.managed.YC,12,120,10.0,0.0,10000.0,1.0,1.0,101.37000274658203,0.0
product.Yield.managed.YC,13,130,10.0,0.0,10000.0,1.0,1.0,106.40399932861328,0.0
product.Yield.managed.YC,14,140,10.0,0.0,10000.0,1.0,1.0,0.0,0.0
product.Yield.managed.YC,15,150,10.0,0.0,10000.0,1.0,1.0,134.27200317382812,0.0
product.Yield.managed.YC,16,160,10.0,0.0,10000.0,1.0,1.0,86.46600341796875,0.0
product.Yield.managed.YC,17,170,10.0,0.0,10000.0,1.0,1.0,76.55999755859375,0.0
product.Yield.managed.YC,18,180,10.0,0.0,10000.0,1.0,1.0,45.37200164794922,0.0
product.Yield.managed.YC,19,190,10.0,0.0,10000.0,1.0,1.0,49.638999938964844,0.0
product.Yield.managed.YC,20,200,10.0,0.0,10000.0,1.0,1.0,63.0620002746582,0.0
product.Yield.managed.YC,21,210,10.0,0.0,10000.0,1.0,1.0,151.072998046875,0.0
product.Yield.managed.YC,22,220,10.0,0.0,10000.0,1.0,1.0,233.00599670410156,0.0
product.Yield.managed.YC,23,230,10.0,0.0,10000.0,1.0,1.0,0.21199999749660492,0.0
product.Yield.managed.YC,24,240,10.0,0.0,10000.0,1.0,1.0,63.68899917602539,0.0
product.Yield.managed.YC,25,250,10.0,0.0,10000.0,1.0,1.0,56.797000885009766,0.0
product.Yield.managed.YC,26,260,10.0,0.0,10000.0,1.0,1.0,202.35299682617188,0.0
product.Yield.managed.YC,27,270,10.0,0.0,10000.0,1.0,1.0,2.687000036239624,0.0
product.Yield.managed.YC,28,280,10.0,0.0,10000.0,1.0,1.0,30.81800079345703,0.0
product.Yield.managed.YC,29,290,10.0,0.0,10000.0,1.0,1.0,47.972999572753906,0.0
product.Yield.managed.YC,30,300,10.0,0.0,10000.0,1.0,1.0,186.04800415039062,0.0
