TARGET,PERIOD,YEAR,PERIODWIDTH,MINIMUM,MAXIMUM,MINWEIGHT,MAXWEIGHT,CURRENT,SUMMARY
product.Treated.managed.F1,0,0,10.0,0.0,10000.0,1.0,1.0,0.0,0.0
product.Treated.managed.F1,1,10,10.0,0.0,10000.0,1.0,1.0,0.0,0.0
product.Treated.managed.F1,2,20,10.0,0.0,10000.0,1.0,1.0,0.0,0.0
product.Treated.managed.F1,3,30,10.0,0.0,10000.0,1.0,1.0,0.3880000114440918,0.0
product.Treated.managed.F1,4,40,10.0,0.0,10000.0,1.0,1.0,0.0,0.0
product.Treated.managed.F1,5,50,10.0,0.0,10000.0,1.0,1.0,0.0,0.0
product.Treated.managed.F1,6,60,10.0,0.0,10000.0,1.0,1.0,5.769999980926514,0.0
product.Treated.managed.F1,7,70,10.0,0.0,10000.0,1.0,1.0,0.0,0.0
product.Treated.managed.F1,8,80,10.0,0.0,10000.0,1.0,1.0,0.0,0.0
product.Treated.managed.F1,9,90,10.0,0.0,10000.0,1.0,1.0,19.054000854492188,0.0
product.Treated.managed.F1,10,100,10.0,0.0,10000.0,1.0,1.0,57.85200119018555,0.0
product.Treated.managed.F1,11,110,10.0,0.0,10000.0,1.0,1.0,0.0,0.0
product.Treated.managed.F1,12,120,10.0,0.0,10000.0,1.0,1.0,5.307000160217285,0.0
product.Treated.managed.F1,13,130,10.0,0.0,10000.0,1.0,1.0,2.181999921798706,0.0
product.Treated.managed.F1,14,140,10.0,0.0,10000.0,1.0,1.0,0.0,0.0
product.Treated.managed.F1,15,150,10.0,0.0,10000.0,1.0,1.0,0.0,0.0
product.Treated.managed.F1,16,160,10.0,0.0,10000.0,1.0,1.0,20.933000564575195,0.0
product.Treated.managed.F1,17,170,10.0,0.0,10000.0,1.0,1.0,38.63800048828125,0.0
product.Treated.managed.F1,18,180,10.0,0.0,10000.0,1.0,1.0,38.268001556396484,0.0
product.Treated.managed.F1,19,190,10.0,0.0,10000.0,1.0,1.0,0.0,0.0
product.Treated.managed.F1,20,200,10.0,0.0,10000.0,1.0,1.0,0.0,0.0
product.Treated.managed.F1,21,210,10.0,0.0,10000.0,1.0,1.0,9.593000411987305,0.0
product.Treated.managed.F1,22,220,10.0,0.0,10000.0,1.0,1.0,0.0,0.0
product.Treated.managed.F1,23,230,10.0,0.0,10000.0,1.0,1.0,0.0,0.0
product.Treated.managed.F1,24,240,10.0,0.0,10000.0,1.0,1.0,7.432000160217285,0.0
product.Treated.managed.F1,25,250,10.0,0.0,10000.0,1.0,1.0,4.2179999351501465,0.0
product.Treated.managed.F1,26,260,10.0,0.0,10000.0,1.0,1.0,0.009999999776482582,0.0
product.Treated.managed.F1,27,270,10.0,0.0,10000.0,1.0,1.0,0.0,0.0
product.Treated.managed.F1,28,280,10.0,0.0,10000.0,1.0,1.0,0.0,0.0
product.Treated.managed.F1,29,290,10.0,0.0,10000.0,1.0,1.0,10.295000076293945,0.0
product.Treated.managed.F1,30,300,10.0,0.0,10000.0,1.0,1.0,0.0,0.0
