TARGET,PERIOD,YEAR,PERIODWIDTH,MINIMUM,MAXIMUM,MINWEIGHT,MAXWEIGHT,CURRENT,SUMMARY
feature.Yield.managed.HW,0,0,10.0,0.0,10000.0,1.0,1.0,339266.59375,0.0
feature.Yield.managed.HW,1,10,10.0,0.0,10000.0,1.0,1.0,343599.65625,0.0
feature.Yield.managed.HW,2,20,10.0,0.0,10000.0,1.0,1.0,338394.1875,0.0
feature.Yield.managed.HW,3,30,10.0,0.0,10000.0,1.0,1.0,330661.75,0.0
feature.Yield.managed.HW,4,40,10.0,0.0,10000.0,1.0,1.0,322941.875,0.0
feature.Yield.managed.HW,5,50,10.0,0.0,10000.0,1.0,1.0,316792.125,0.0
feature.Yield.managed.HW,6,60,10.0,0.0,10000.0,1.0,1.0,316220.0,0.0
feature.Yield.managed.HW,7,70,10.0,0.0,10000.0,1.0,1.0,317629.0,0.0
feature.Yield.managed.HW,8,80,10.0,0.0,10000.0,1.0,1.0,313522.71875,0.0
feature.Yield.managed.HW,9,90,10.0,0.0,10000.0,1.0,1.0,296686.3125,0.0
feature.Yield.managed.HW,10,100,10.0,0.0,10000.0,1.0,1.0,284192.875,0.0
feature.Yield.managed.HW,11,110,10.0,0.0,10000.0,1.0,1.0,269871.09375,0.0
feature.Yield.managed.HW,12,120,10.0,0.0,10000.0,1.0,1.0,256733.625,0.0
feature.Yield.managed.HW,13,130,10.0,0.0,10000.0,1.0,1.0,265686.4375,0.0
feature.Yield.managed.HW,14,140,10.0,0.0,10000.0,1.0,1.0,267061.25,0.0
feature.Yield.managed.HW,15,150,10.0,0.0,10000.0,1.0,1.0,286449.375,0.0
feature.Yield.managed.HW,16,160,10.0,0.0,10000.0,1.0,1.0,300320.65625,0.0
feature.Yield.managed.HW,17,170,10.0,0.0,10000.0,1.0,1.0,307107.90625,0.0
feature.Yield.managed.HW,18,180,10.0,0.0,10000.0,1.0,1.0,302401.5625,0.0
feature.Yield.managed.HW,19,190,10.0,0.0,10000.0,1.0,1.0,284201.53125,0.0
feature.Yield.managed.HW,20,200,10.0,0.0,10000.0,1.0,1.0,274311.28125,0.0
feature.Yield.managed.HW,21,210,10.0,0.0,10000.0,1.0,1.0,263958.15625,0.0
feature.Yield.managed.HW,22,220,10.0,0.0,10000.0,1.0,1.0,266793.40625,0.0
feature.Yield.managed.HW,23,230,10.0,0.0,10000.0,1.0,1.0,261726.65625,0.0
feature.Yield.managed.HW,24,240,10.0,0.0,10000.0,1.0,1.0,272172.0625,0.0
feature.Yield.managed.HW,25,250,10.0,0.0,10000.0,1.0,1.0,262688.9375,0.0
feature.Yield.managed.HW,26,260,10.0,0.0,10000.0,1.0,1.0,273891.40625,0.0
feature.Yield.managed.HW,27,270,10.0,0.0,10000.0,1.0,1.0,256550.8125,0.0
feature.Yield.managed.HW,28,280,10.0,0.0,10000.0,1.0,1.0,260935.8125,0.0
feature.Yield.managed.HW,29,290,10.0,0.0,10000.0,1.0,1.0,263554.21875,0.0
feature.Yield.managed.HW,30,300,10.0,0.0,10000.0,1.0,1.0,257245.515625,0.0
