TARGET,PERIOD,YEAR,PERIODWIDTH,MINIMUM,MAXIMUM,MINWEIGHT,MAXWEIGHT,CURRENT,SUMMARY
feature.Seral.mature,0,0,10.0,0.0,10000.0,1.0,1.0,194.47799682617188,0.0
feature.Seral.mature,1,10,10.0,0.0,10000.0,1.0,1.0,114.8219985961914,0.0
feature.Seral.mature,2,20,10.0,0.0,10000.0,1.0,1.0,73.43399810791016,0.0
feature.Seral.mature,3,30,10.0,0.0,10000.0,1.0,1.0,51.75400161743164,0.0
feature.Seral.mature,4,40,10.0,0.0,10000.0,1.0,1.0,24.240999221801758,0.0
feature.Seral.mature,5,50,10.0,0.0,10000.0,1.0,1.0,100.61000061035156,0.0
feature.Seral.mature,6,60,10.0,0.0,10000.0,1.0,1.0,213.87600708007812,0.0
feature.Seral.mature,7,70,10.0,0.0,10000.0,1.0,1.0,147.57400512695312,0.0
feature.Seral.mature,8,80,10.0,0.0,10000.0,1.0,1.0,191.50399780273438,0.0
feature.Seral.mature,9,90,10.0,0.0,10000.0,1.0,1.0,171.41799926757812,0.0
feature.Seral.mature,10,100,10.0,0.0,10000.0,1.0,1.0,117.65299987792969,0.0
feature.Seral.mature,11,110,10.0,0.0,10000.0,1.0,1.0,117.88300323486328,0.0
feature.Seral.mature,12,120,10.0,0.0,10000.0,1.0,1.0,110.02899932861328,0.0
feature.Seral.mature,13,130,10.0,0.0,10000.0,1.0,1.0,102.81999969482422,0.0
feature.Seral.mature,14,140,10.0,0.0,10000.0,1.0,1.0,116.72699737548828,0.0
feature.Seral.mature,15,150,10.0,0.0,10000.0,1.0,1.0,89.63800048828125,0.0
feature.Seral.mature,16,160,10.0,0.0,10000.0,1.0,1.0,53.547000885009766,0.0
feature.Seral.mature,17,170,10.0,0.0,10000.0,1.0,1.0,37.75699996948242,0.0
feature.Seral.mature,18,180,10.0,0.0,10000.0,1.0,1.0,54.57699966430664,0.0
feature.Seral.mature,19,190,10.0,0.0,10000.0,1.0,1.0,66.2300033569336,0.0
feature.Seral.mature,20,200,10.0,0.0,10000.0,1.0,1.0,47.75,0.0
feature.Seral.mature,21,210,10.0,0.0,10000.0,1.0,1.0,64.4020004272461,0.0
feature.Seral.mature,22,220,10.0,0.0,10000.0,1.0,1.0,32.27899932861328,0.0
feature.Seral.mature,23,230,10.0,0.0,10000.0,1.0,1.0,34.834999084472656,0.0
feature.Seral.mature,24,240,10.0,0.0,10000.0,1.0,1.0,68.51000213623047,0.0
feature.Seral.mature,25,250,10.0,0.0,10000.0,1.0,1.0,13.76099967956543,0.0
feature.Seral.mature,26,260,10.0,0.0,10000.0,1.0,1.0,28.988000869750977,0.0
feature.Seral.mature,27,270,10.0,0.0,10000.0,1.0,1.0,28.71299934387207,0.0
feature.Seral.mature,28,280,10.0,0.0,10000.0,1.0,1.0,38.15999984741211,0.0
feature.Seral.mature,29,290,10.0,0.0,10000.0,1.0,1.0,112.97699737548828,0.0
feature.Seral.mature,30,300,10.0,0.0,10000.0,1.0,1.0,52.946998596191406,0.0
