TARGET,PERIOD,YEAR,PERIODWIDTH,MINIMUM,MAXIMUM,MINWEIGHT,MAXWEIGHT,CURRENT,SUMMARY
feature.Yield.managed.DR,0,0,10.0,0.0,10000.0,1.0,1.0,11459.6494140625,0.0
feature.Yield.managed.DR,1,10,10.0,0.0,10000.0,1.0,1.0,13238.95703125,0.0
feature.Yield.managed.DR,2,20,10.0,0.0,10000.0,1.0,1.0,14987.677734375,0.0
feature.Yield.managed.DR,3,30,10.0,0.0,10000.0,1.0,1.0,15450.1884765625,0.0
feature.Yield.managed.DR,4,40,10.0,0.0,10000.0,1.0,1.0,15904.884765625,0.0
feature.Yield.managed.DR,5,50,10.0,0.0,10000.0,1.0,1.0,15966.560546875,0.0
feature.Yield.managed.DR,6,60,10.0,0.0,10000.0,1.0,1.0,16299.2470703125,0.0
feature.Yield.managed.DR,7,70,10.0,0.0,10000.0,1.0,1.0,16496.705078125,0.0
feature.Yield.managed.DR,8,80,10.0,0.0,10000.0,1.0,1.0,14281.986328125,0.0
feature.Yield.managed.DR,9,90,10.0,0.0,10000.0,1.0,1.0,11958.484375,0.0
feature.Yield.managed.DR,10,100,10.0,0.0,10000.0,1.0,1.0,10908.294921875,0.0
feature.Yield.managed.DR,11,110,10.0,0.0,10000.0,1.0,1.0,11211.6640625,0.0
feature.Yield.managed.DR,12,120,10.0,0.0,10000.0,1.0,1.0,11157.4541015625,0.0
feature.Yield.managed.DR,13,130,10.0,0.0,10000.0,1.0,1.0,11374.59765625,0.0
feature.Yield.managed.DR,14,140,10.0,0.0,10000.0,1.0,1.0,12182.439453125,0.0
feature.Yield.managed.DR,15,150,10.0,0.0,10000.0,1.0,1.0,11681.8486328125,0.0
feature.Yield.managed.DR,16,160,10.0,0.0,10000.0,1.0,1.0,12328.208984375,0.0
feature.Yield.managed.DR,17,170,10.0,0.0,10000.0,1.0,1.0,13024.904296875,0.0
feature.Yield.managed.DR,18,180,10.0,0.0,10000.0,1.0,1.0,11571.2333984375,0.0
feature.Yield.managed.DR,19,190,10.0,0.0,10000.0,1.0,1.0,11876.6240234375,0.0
feature.Yield.managed.DR,20,200,10.0,0.0,10000.0,1.0,1.0,10694.0546875,0.0
feature.Yield.managed.DR,21,210,10.0,0.0,10000.0,1.0,1.0,11258.0966796875,0.0
feature.Yield.managed.DR,22,220,10.0,0.0,10000.0,1.0,1.0,11468.9091796875,0.0
feature.Yield.managed.DR,23,230,10.0,0.0,10000.0,1.0,1.0,11868.07421875,0.0
feature.Yield.managed.DR,24,240,10.0,0.0,10000.0,1.0,1.0,10510.64453125,0.0
feature.Yield.managed.DR,25,250,10.0,0.0,10000.0,1.0,1.0,10368.7763671875,0.0
feature.Yield.managed.DR,26,260,10.0,0.0,10000.0,1.0,1.0,11027.7587890625,0.0
feature.Yield.managed.DR,27,270,10.0,0.0,10000.0,1.0,1.0,11680.6552734375,0.0
feature.Yield.managed.DR,28,280,10.0,0.0,10000.0,1.0,1.0,12007.2509765625,0.0
feature.Yield.managed.DR,29,290,10.0,0.0,10000.0,1.0,1.0,10411.7060546875,0.0
feature.Yield.managed.DR,30,300,10.0,0.0,10000.0,1.0,1.0,11047.3115234375,0.0
