TARGET,PERIOD,YEAR,PERIODWIDTH,MINIMUM,MAXIMUM,MINWEIGHT,MAXWEIGHT,CURRENT,SUMMARY
feature.Yield.managed.CW,0,0,10.0,0.0,10000.0,1.0,1.0,98525.78125,0.0
feature.Yield.managed.CW,1,10,10.0,0.0,10000.0,1.0,1.0,108585.3828125,0.0
feature.Yield.managed.CW,2,20,10.0,0.0,10000.0,1.0,1.0,112356.390625,0.0
feature.Yield.managed.CW,3,30,10.0,0.0,10000.0,1.0,1.0,106786.9765625,0.0
feature.Yield.managed.CW,4,40,10.0,0.0,10000.0,1.0,1.0,102179.0703125,0.0
feature.Yield.managed.CW,5,50,10.0,0.0,10000.0,1.0,1.0,95692.53125,0.0
feature.Yield.managed.CW,6,60,10.0,0.0,10000.0,1.0,1.0,93527.15625,0.0
feature.Yield.managed.CW,7,70,10.0,0.0,10000.0,1.0,1.0,92586.8828125,0.0
feature.Yield.managed.CW,8,80,10.0,0.0,10000.0,1.0,1.0,89979.1953125,0.0
feature.Yield.managed.CW,9,90,10.0,0.0,10000.0,1.0,1.0,87879.15625,0.0
feature.Yield.managed.CW,10,100,10.0,0.0,10000.0,1.0,1.0,85253.2109375,0.0
feature.Yield.managed.CW,11,110,10.0,0.0,10000.0,1.0,1.0,85953.8671875,0.0
feature.Yield.managed.CW,12,120,10.0,0.0,10000.0,1.0,1.0,83786.546875,0.0
feature.Yield.managed.CW,13,130,10.0,0.0,10000.0,1.0,1.0,83688.5390625,0.0
feature.Yield.managed.CW,14,140,10.0,0.0,10000.0,1.0,1.0,85356.7890625,0.0
feature.Yield.managed.CW,15,150,10.0,0.0,10000.0,1.0,1.0,82863.1796875,0.0
feature.Yield.managed.CW,16,160,10.0,0.0,10000.0,1.0,1.0,84699.5390625,0.0
feature.Yield.managed.CW,17,170,10.0,0.0,10000.0,1.0,1.0,83190.65625,0.0
feature.Yield.managed.CW,18,180,10.0,0.0,10000.0,1.0,1.0,82225.515625,0.0
feature.Yield.managed.CW,19,190,10.0,0.0,10000.0,1.0,1.0,78930.2890625,0.0
feature.Yield.managed.CW,20,200,10.0,0.0,10000.0,1.0,1.0,79957.5703125,0.0
feature.Yield.managed.CW,21,210,10.0,0.0,10000.0,1.0,1.0,79320.3515625,0.0
feature.Yield.managed.CW,22,220,10.0,0.0,10000.0,1.0,1.0,79337.7421875,0.0
feature.Yield.managed.CW,23,230,10.0,0.0,10000.0,1.0,1.0,77851.1875,0.0
feature.Yield.managed.CW,24,240,10.0,0.0,10000.0,1.0,1.0,76259.6171875,0.0
feature.Yield.managed.CW,25,250,10.0,0.0,10000.0,1.0,1.0,76053.6328125,0.0
feature.Yield.managed.CW,26,260,10.0,0.0,10000.0,1.0,1.0,75244.015625,0.0
feature.Yield.managed.CW,27,270,10.0,0.0,10000.0,1.0,1.0,75170.78125,0.0
feature.Yield.managed.CW,28,280,10.0,0.0,10000.0,1.0,1.0,74666.1171875,0.0
feature.Yield.managed.CW,29,290,10.0,0.0,10000.0,1.0,1.0,77991.5625,0.0
feature.Yield.managed.CW,30,300,10.0,0.0,10000.0,1.0,1.0,76179.5546875,0.0
