TARGET,PERIOD,YEAR,PERIODWIDTH,MINIMUM,MAXIMUM,MINWEIGHT,MAXWEIGHT,CURRENT,SUMMARY
feature.Area.og2.total,0,0,10.0,0.0,10000.0,1.0,1.0,250.7050018310547,0.0
feature.Area.og2.total,1,10,10.0,0.0,10000.0,1.0,1.0,254.91600036621094,0.0
feature.Area.og2.total,2,20,10.0,0.0,10000.0,1.0,1.0,309.9809875488281,0.0
feature.Area.og2.total,3,30,10.0,0.0,10000.0,1.0,1.0,309.9809875488281,0.0
feature.Area.og2.total,4,40,10.0,0.0,10000.0,1.0,1.0,303.3609924316406,0.0
feature.Area.og2.total,5,50,10.0,0.0,10000.0,1.0,1.0,304.1659851074219,0.0
feature.Area.og2.total,6,60,10.0,0.0,10000.0,1.0,1.0,304.8330078125,0.0
feature.Area.og2.total,7,70,10.0,0.0,10000.0,1.0,1.0,298.14898681640625,0.0
feature.Area.og2.total,8,80,10.0,0.0,10000.0,1.0,1.0,296.3810119628906,0.0
feature.Area.og2.total,9,90,10.0,0.0,10000.0,1.0,1.0,295.28900146484375,0.0
feature.Area.og2.total,10,100,10.0,0.0,10000.0,1.0,1.0,295.73699951171875,0.0
feature.Area.og2.total,11,110,10.0,0.0,10000.0,1.0,1.0,295.73699951171875,0.0
feature.Area.og2.total,12,120,10.0,0.0,10000.0,1.0,1.0,295.73699951171875,0.0
feature.Area.og2.total,13,130,10.0,0.0,10000.0,1.0,1.0,329.77398681640625,0.0
feature.Area.og2.total,14,140,10.0,0.0,10000.0,1.0,1.0,327.89898681640625,0.0
feature.Area.og2.total,15,150,10.0,0.0,10000.0,1.0,1.0,350.3210144042969,0.0
feature.Area.og2.total,16,160,10.0,0.0,10000.0,1.0,1.0,350.75201416015625,0.0
feature.Area.og2.total,17,170,10.0,0.0,10000.0,1.0,1.0,350.3039855957031,0.0
feature.Area.og2.total,18,180,10.0,0.0,10000.0,1.0,1.0,356.37799072265625,0.0
feature.Area.og2.total,19,190,10.0,0.0,10000.0,1.0,1.0,390.4110107421875,0.0
feature.Area.og2.total,20,200,10.0,0.0,10000.0,1.0,1.0,504.8710021972656,0.0
feature.Area.og2.total,21,210,10.0,0.0,10000.0,1.0,1.0,640.4929809570312,0.0
feature.Area.og2.total,22,220,10.0,0.0,10000.0,1.0,1.0,667.2880249023438,0.0
feature.Area.og2.total,23,230,10.0,0.0,10000.0,1.0,1.0,666.3790283203125,0.0
feature.Area.og2.total,24,240,10.0,0.0,10000.0,1.0,1.0,666.3790283203125,0.0
feature.Area.og2.total,25,250,10.0,0.0,10000.0,1.0,1.0,666.3790283203125,0.0
feature.Area.og2.total,26,260,10.0,0.0,10000.0,1.0,1.0,666.3790283203125,0.0
feature.Area.og2.total,27,270,10.0,0.0,10000.0,1.0,1.0,666.5469970703125,0.0
feature.Area.og2.total,28,280,10.0,0.0,10000.0,1.0,1.0,666.5469970703125,0.0
feature.Area.og2.total,29,290,10.0,0.0,10000.0,1.0,1.0,666.5469970703125,0.0
feature.Area.og2.total,30,300,10.0,0.0,10000.0,1.0,1.0,666.5469970703125,0.0
