TARGET,PERIOD,YEAR,PERIODWIDTH,MINIMUM,MAXIMUM,MINWEIGHT,MAXWEIGHT,CURRENT,SUMMARY
feature.Yield.managed.HW,0,0,10.0,0.0,10000.0,1.0,1.0,339266.59375,0.0
feature.Yield.managed.HW,1,10,10.0,0.0,10000.0,1.0,1.0,334095.5,0.0
feature.Yield.managed.HW,2,20,10.0,0.0,10000.0,1.0,1.0,316942.40625,0.0
feature.Yield.managed.HW,3,30,10.0,0.0,10000.0,1.0,1.0,295945.21875,0.0
feature.Yield.managed.HW,4,40,10.0,0.0,10000.0,1.0,1.0,284263.65625,0.0
feature.Yield.managed.HW,5,50,10.0,0.0,10000.0,1.0,1.0,271670.0,0.0
feature.Yield.managed.HW,6,60,10.0,0.0,10000.0,1.0,1.0,268415.21875,0.0
feature.Yield.managed.HW,7,70,10.0,0.0,10000.0,1.0,1.0,280764.625,0.0
feature.Yield.managed.HW,8,80,10.0,0.0,10000.0,1.0,1.0,276520.875,0.0
feature.Yield.managed.HW,9,90,10.0,0.0,10000.0,1.0,1.0,263034.375,0.0
feature.Yield.managed.HW,10,100,10.0,0.0,10000.0,1.0,1.0,248279.203125,0.0
feature.Yield.managed.HW,11,110,10.0,0.0,10000.0,1.0,1.0,227735.96875,0.0
feature.Yield.managed.HW,12,120,10.0,0.0,10000.0,1.0,1.0,215283.625,0.0
feature.Yield.managed.HW,13,130,10.0,0.0,10000.0,1.0,1.0,214691.765625,0.0
feature.Yield.managed.HW,14,140,10.0,0.0,10000.0,1.0,1.0,210710.640625,0.0
feature.Yield.managed.HW,15,150,10.0,0.0,10000.0,1.0,1.0,230570.703125,0.0
feature.Yield.managed.HW,16,160,10.0,0.0,10000.0,1.0,1.0,247546.5625,0.0
feature.Yield.managed.HW,17,170,10.0,0.0,10000.0,1.0,1.0,243487.625,0.0
feature.Yield.managed.HW,18,180,10.0,0.0,10000.0,1.0,1.0,254612.515625,0.0
feature.Yield.managed.HW,19,190,10.0,0.0,10000.0,1.0,1.0,240340.125,0.0
feature.Yield.managed.HW,20,200,10.0,0.0,10000.0,1.0,1.0,239663.796875,0.0
feature.Yield.managed.HW,21,210,10.0,0.0,10000.0,1.0,1.0,222837.484375,0.0
feature.Yield.managed.HW,22,220,10.0,0.0,10000.0,1.0,1.0,227176.171875,0.0
feature.Yield.managed.HW,23,230,10.0,0.0,10000.0,1.0,1.0,222403.40625,0.0
feature.Yield.managed.HW,24,240,10.0,0.0,10000.0,1.0,1.0,219499.5,0.0
feature.Yield.managed.HW,25,250,10.0,0.0,10000.0,1.0,1.0,214533.703125,0.0
feature.Yield.managed.HW,26,260,10.0,0.0,10000.0,1.0,1.0,207054.75,0.0
feature.Yield.managed.HW,27,270,10.0,0.0,10000.0,1.0,1.0,211752.375,0.0
feature.Yield.managed.HW,28,280,10.0,0.0,10000.0,1.0,1.0,210112.96875,0.0
feature.Yield.managed.HW,29,290,10.0,0.0,10000.0,1.0,1.0,223611.34375,0.0
feature.Yield.managed.HW,30,300,10.0,0.0,10000.0,1.0,1.0,232748.09375,0.0
