TARGET,PERIOD,YEAR,PERIODWIDTH,MINIMUM,MAXIMUM,MINWEIGHT,MAXWEIGHT,CURRENT,SUMMARY
feature.Seral.overmature,0,0,10.0,0.0,10000.0,1.0,1.0,427.95098876953125,0.0
feature.Seral.overmature,1,10,10.0,0.0,10000.0,1.0,1.0,389.1860046386719,0.0
feature.Seral.overmature,2,20,10.0,0.0,10000.0,1.0,1.0,414.50799560546875,0.0
feature.Seral.overmature,3,30,10.0,0.0,10000.0,1.0,1.0,439.2239990234375,0.0
feature.Seral.overmature,4,40,10.0,0.0,10000.0,1.0,1.0,704.0750122070312,0.0
feature.Seral.overmature,5,50,10.0,0.0,10000.0,1.0,1.0,919.6669921875,0.0
feature.Seral.overmature,6,60,10.0,0.0,10000.0,1.0,1.0,846.25,0.0
feature.Seral.overmature,7,70,10.0,0.0,10000.0,1.0,1.0,761.7130126953125,0.0
feature.Seral.overmature,8,80,10.0,0.0,10000.0,1.0,1.0,740.2880249023438,0.0
feature.Seral.overmature,9,90,10.0,0.0,10000.0,1.0,1.0,746.9810180664062,0.0
feature.Seral.overmature,10,100,10.0,0.0,10000.0,1.0,1.0,788.27197265625,0.0
feature.Seral.overmature,11,110,10.0,0.0,10000.0,1.0,1.0,761.1300048828125,0.0
feature.Seral.overmature,12,120,10.0,0.0,10000.0,1.0,1.0,778.541015625,0.0
feature.Seral.overmature,13,130,10.0,0.0,10000.0,1.0,1.0,792.7139892578125,0.0
feature.Seral.overmature,14,140,10.0,0.0,10000.0,1.0,1.0,771.5390014648438,0.0
feature.Seral.overmature,15,150,10.0,0.0,10000.0,1.0,1.0,769.3880004882812,0.0
feature.Seral.overmature,16,160,10.0,0.0,10000.0,1.0,1.0,814.885009765625,0.0
feature.Seral.overmature,17,170,10.0,0.0,10000.0,1.0,1.0,884.239990234375,0.0
feature.Seral.overmature,18,180,10.0,0.0,10000.0,1.0,1.0,867.6409912109375,0.0
feature.Seral.overmature,19,190,10.0,0.0,10000.0,1.0,1.0,873.06201171875,0.0
feature.Seral.overmature,20,200,10.0,0.0,10000.0,1.0,1.0,877.9860229492188,0.0
feature.Seral.overmature,21,210,10.0,0.0,10000.0,1.0,1.0,844.85400390625,0.0
feature.Seral.overmature,22,220,10.0,0.0,10000.0,1.0,1.0,844.5040283203125,0.0
feature.Seral.overmature,23,230,10.0,0.0,10000.0,1.0,1.0,872.1170043945312,0.0
feature.Seral.overmature,24,240,10.0,0.0,10000.0,1.0,1.0,828.3790283203125,0.0
feature.Seral.overmature,25,250,10.0,0.0,10000.0,1.0,1.0,871.718017578125,0.0
feature.Seral.overmature,26,260,10.0,0.0,10000.0,1.0,1.0,830.3709716796875,0.0
feature.Seral.overmature,27,270,10.0,0.0,10000.0,1.0,1.0,835.7069702148438,0.0
feature.Seral.overmature,28,280,10.0,0.0,10000.0,1.0,1.0,843.0390014648438,0.0
feature.Seral.overmature,29,290,10.0,0.0,10000.0,1.0,1.0,849.3359985351562,0.0
feature.Seral.overmature,30,300,10.0,0.0,10000.0,1.0,1.0,835.39697265625,0.0
