TARGET,PERIOD,YEAR,PERIODWIDTH,MINIMUM,MAXIMUM,MINWEIGHT,MAXWEIGHT,CURRENT,SUMMARY
feature.Seral.mature,0,0,10.0,0.0,10000.0,1.0,1.0,194.47799682617188,0.0
feature.Seral.mature,1,10,10.0,0.0,10000.0,1.0,1.0,159.2429962158203,0.0
feature.Seral.mature,2,20,10.0,0.0,10000.0,1.0,1.0,81.44499969482422,0.0
feature.Seral.mature,3,30,10.0,0.0,10000.0,1.0,1.0,61.29600143432617,0.0
feature.Seral.mature,4,40,10.0,0.0,10000.0,1.0,1.0,40.555999755859375,0.0
feature.Seral.mature,5,50,10.0,0.0,10000.0,1.0,1.0,127.48600006103516,0.0
feature.Seral.mature,6,60,10.0,0.0,10000.0,1.0,1.0,160.80599975585938,0.0
feature.Seral.mature,7,70,10.0,0.0,10000.0,1.0,1.0,212.6909942626953,0.0
feature.Seral.mature,8,80,10.0,0.0,10000.0,1.0,1.0,249.50100708007812,0.0
feature.Seral.mature,9,90,10.0,0.0,10000.0,1.0,1.0,191.38900756835938,0.0
feature.Seral.mature,10,100,10.0,0.0,10000.0,1.0,1.0,131.11199951171875,0.0
feature.Seral.mature,11,110,10.0,0.0,10000.0,1.0,1.0,139.14599609375,0.0
feature.Seral.mature,12,120,10.0,0.0,10000.0,1.0,1.0,112.21199798583984,0.0
feature.Seral.mature,13,130,10.0,0.0,10000.0,1.0,1.0,134.57000732421875,0.0
feature.Seral.mature,14,140,10.0,0.0,10000.0,1.0,1.0,111.27999877929688,0.0
feature.Seral.mature,15,150,10.0,0.0,10000.0,1.0,1.0,189.25399780273438,0.0
feature.Seral.mature,16,160,10.0,0.0,10000.0,1.0,1.0,139.11199951171875,0.0
feature.Seral.mature,17,170,10.0,0.0,10000.0,1.0,1.0,51.0,0.0
feature.Seral.mature,18,180,10.0,0.0,10000.0,1.0,1.0,39.542999267578125,0.0
feature.Seral.mature,19,190,10.0,0.0,10000.0,1.0,1.0,38.2869987487793,0.0
feature.Seral.mature,20,200,10.0,0.0,10000.0,1.0,1.0,43.577999114990234,0.0
feature.Seral.mature,21,210,10.0,0.0,10000.0,1.0,1.0,51.492000579833984,0.0
feature.Seral.mature,22,220,10.0,0.0,10000.0,1.0,1.0,48.400001525878906,0.0
feature.Seral.mature,23,230,10.0,0.0,10000.0,1.0,1.0,29.155000686645508,0.0
feature.Seral.mature,24,240,10.0,0.0,10000.0,1.0,1.0,29.274999618530273,0.0
feature.Seral.mature,25,250,10.0,0.0,10000.0,1.0,1.0,55.57600021362305,0.0
feature.Seral.mature,26,260,10.0,0.0,10000.0,1.0,1.0,41.74700164794922,0.0
feature.Seral.mature,27,270,10.0,0.0,10000.0,1.0,1.0,33.3489990234375,0.0
feature.Seral.mature,28,280,10.0,0.0,10000.0,1.0,1.0,36.04100036621094,0.0
feature.Seral.mature,29,290,10.0,0.0,10000.0,1.0,1.0,28.858999252319336,0.0
feature.Seral.mature,30,300,10.0,0.0,10000.0,1.0,1.0,27.190000534057617,0.0
