TARGET,PERIOD,YEAR,PERIODWIDTH,MINIMUM,MAXIMUM,MINWEIGHT,MAXWEIGHT,CURRENT,SUMMARY
feature.Seral.young,0,0,10.0,0.0,10000.0,1.0,1.0,0.0,0.0
feature.Seral.young,1,10,10.0,0.0,10000.0,1.0,1.0,78.6760025024414,0.0
feature.Seral.young,2,20,10.0,0.0,10000.0,1.0,1.0,115.46499633789062,0.0
feature.Seral.young,3,30,10.0,0.0,10000.0,1.0,1.0,165.0290069580078,0.0
feature.Seral.young,4,40,10.0,0.0,10000.0,1.0,1.0,294.87298583984375,0.0
feature.Seral.young,5,50,10.0,0.0,10000.0,1.0,1.0,203.59300231933594,0.0
feature.Seral.young,6,60,10.0,0.0,10000.0,1.0,1.0,136.30099487304688,0.0
feature.Seral.young,7,70,10.0,0.0,10000.0,1.0,1.0,224.13699340820312,0.0
feature.Seral.young,8,80,10.0,0.0,10000.0,1.0,1.0,213.2449951171875,0.0
feature.Seral.young,9,90,10.0,0.0,10000.0,1.0,1.0,176.48599243164062,0.0
feature.Seral.young,10,100,10.0,0.0,10000.0,1.0,1.0,169.18600463867188,0.0
feature.Seral.young,11,110,10.0,0.0,10000.0,1.0,1.0,173.5330047607422,0.0
feature.Seral.young,12,120,10.0,0.0,10000.0,1.0,1.0,182.41799926757812,0.0
feature.Seral.young,13,130,10.0,0.0,10000.0,1.0,1.0,131.85699462890625,0.0
feature.Seral.young,14,140,10.0,0.0,10000.0,1.0,1.0,172.125,0.0
feature.Seral.young,15,150,10.0,0.0,10000.0,1.0,1.0,221.2469940185547,0.0
feature.Seral.young,16,160,10.0,0.0,10000.0,1.0,1.0,210.6020050048828,0.0
feature.Seral.young,17,170,10.0,0.0,10000.0,1.0,1.0,224.78599548339844,0.0
feature.Seral.young,18,180,10.0,0.0,10000.0,1.0,1.0,172.08900451660156,0.0
feature.Seral.young,19,190,10.0,0.0,10000.0,1.0,1.0,156.5989990234375,0.0
feature.Seral.young,20,200,10.0,0.0,10000.0,1.0,1.0,189.77099609375,0.0
feature.Seral.young,21,210,10.0,0.0,10000.0,1.0,1.0,202.36900329589844,0.0
feature.Seral.young,22,220,10.0,0.0,10000.0,1.0,1.0,193.38800048828125,0.0
feature.Seral.young,23,230,10.0,0.0,10000.0,1.0,1.0,230.3769989013672,0.0
feature.Seral.young,24,240,10.0,0.0,10000.0,1.0,1.0,235.9810028076172,0.0
feature.Seral.young,25,250,10.0,0.0,10000.0,1.0,1.0,128.6909942626953,0.0
feature.Seral.young,26,260,10.0,0.0,10000.0,1.0,1.0,152.0449981689453,0.0
feature.Seral.young,27,270,10.0,0.0,10000.0,1.0,1.0,207.40499877929688,0.0
feature.Seral.young,28,280,10.0,0.0,10000.0,1.0,1.0,253.40499877929688,0.0
feature.Seral.young,29,290,10.0,0.0,10000.0,1.0,1.0,265.3760070800781,0.0
feature.Seral.young,30,300,10.0,0.0,10000.0,1.0,1.0,145.72799682617188,0.0
