TARGET,PERIOD,YEAR,PERIODWIDTH,MINIMUM,MAXIMUM,MINWEIGHT,MAXWEIGHT,CURRENT,SUMMARY
feature.Yield.managed.CW,0,0,10.0,0.0,10000.0,1.0,1.0,98525.78125,0.0
feature.Yield.managed.CW,1,10,10.0,0.0,10000.0,1.0,1.0,106007.484375,0.0
feature.Yield.managed.CW,2,20,10.0,0.0,10000.0,1.0,1.0,110634.40625,0.0
feature.Yield.managed.CW,3,30,10.0,0.0,10000.0,1.0,1.0,113990.2578125,0.0
feature.Yield.managed.CW,4,40,10.0,0.0,10000.0,1.0,1.0,111209.125,0.0
feature.Yield.managed.CW,5,50,10.0,0.0,10000.0,1.0,1.0,106350.9453125,0.0
feature.Yield.managed.CW,6,60,10.0,0.0,10000.0,1.0,1.0,102114.0078125,0.0
feature.Yield.managed.CW,7,70,10.0,0.0,10000.0,1.0,1.0,104058.1796875,0.0
feature.Yield.managed.CW,8,80,10.0,0.0,10000.0,1.0,1.0,105245.046875,0.0
feature.Yield.managed.CW,9,90,10.0,0.0,10000.0,1.0,1.0,103202.359375,0.0
feature.Yield.managed.CW,10,100,10.0,0.0,10000.0,1.0,1.0,100133.9375,0.0
feature.Yield.managed.CW,11,110,10.0,0.0,10000.0,1.0,1.0,98230.4375,0.0
feature.Yield.managed.CW,12,120,10.0,0.0,10000.0,1.0,1.0,96451.78125,0.0
feature.Yield.managed.CW,13,130,10.0,0.0,10000.0,1.0,1.0,98022.2265625,0.0
feature.Yield.managed.CW,14,140,10.0,0.0,10000.0,1.0,1.0,97205.453125,0.0
feature.Yield.managed.CW,15,150,10.0,0.0,10000.0,1.0,1.0,99163.5,0.0
feature.Yield.managed.CW,16,160,10.0,0.0,10000.0,1.0,1.0,100151.5234375,0.0
feature.Yield.managed.CW,17,170,10.0,0.0,10000.0,1.0,1.0,100262.65625,0.0
feature.Yield.managed.CW,18,180,10.0,0.0,10000.0,1.0,1.0,99614.234375,0.0
feature.Yield.managed.CW,19,190,10.0,0.0,10000.0,1.0,1.0,96974.59375,0.0
feature.Yield.managed.CW,20,200,10.0,0.0,10000.0,1.0,1.0,95438.8046875,0.0
feature.Yield.managed.CW,21,210,10.0,0.0,10000.0,1.0,1.0,93511.0234375,0.0
feature.Yield.managed.CW,22,220,10.0,0.0,10000.0,1.0,1.0,94333.4921875,0.0
feature.Yield.managed.CW,23,230,10.0,0.0,10000.0,1.0,1.0,92778.7578125,0.0
feature.Yield.managed.CW,24,240,10.0,0.0,10000.0,1.0,1.0,93759.5390625,0.0
feature.Yield.managed.CW,25,250,10.0,0.0,10000.0,1.0,1.0,90767.203125,0.0
feature.Yield.managed.CW,26,260,10.0,0.0,10000.0,1.0,1.0,91674.1328125,0.0
feature.Yield.managed.CW,27,270,10.0,0.0,10000.0,1.0,1.0,89417.0390625,0.0
feature.Yield.managed.CW,28,280,10.0,0.0,10000.0,1.0,1.0,89710.203125,0.0
feature.Yield.managed.CW,29,290,10.0,0.0,10000.0,1.0,1.0,89854.7421875,0.0
feature.Yield.managed.CW,30,300,10.0,0.0,10000.0,1.0,1.0,88719.40625,0.0
