TARGET,PERIOD,YEAR,PERIODWIDTH,MINIMUM,MAXIMUM,MINWEIGHT,MAXWEIGHT,CURRENT,SUMMARY
feature.Yield.managed.BA,0,0,10.0,0.0,10000.0,1.0,1.0,3673.093017578125,0.0
feature.Yield.managed.BA,1,10,10.0,0.0,10000.0,1.0,1.0,3522.635986328125,0.0
feature.Yield.managed.BA,2,20,10.0,0.0,10000.0,1.0,1.0,3522.757080078125,0.0
feature.Yield.managed.BA,3,30,10.0,0.0,10000.0,1.0,1.0,3517.9150390625,0.0
feature.Yield.managed.BA,4,40,10.0,0.0,10000.0,1.0,1.0,3154.31201171875,0.0
feature.Yield.managed.BA,5,50,10.0,0.0,10000.0,1.0,1.0,3144.419921875,0.0
feature.Yield.managed.BA,6,60,10.0,0.0,10000.0,1.0,1.0,3172.10693359375,0.0
feature.Yield.managed.BA,7,70,10.0,0.0,10000.0,1.0,1.0,3137.541015625,0.0
feature.Yield.managed.BA,8,80,10.0,0.0,10000.0,1.0,1.0,3023.883056640625,0.0
feature.Yield.managed.BA,9,90,10.0,0.0,10000.0,1.0,1.0,2996.06298828125,0.0
feature.Yield.managed.BA,10,100,10.0,0.0,10000.0,1.0,1.0,2892.01708984375,0.0
feature.Yield.managed.BA,11,110,10.0,0.0,10000.0,1.0,1.0,1143.3489990234375,0.0
feature.Yield.managed.BA,12,120,10.0,0.0,10000.0,1.0,1.0,1253.4300537109375,0.0
feature.Yield.managed.BA,13,130,10.0,0.0,10000.0,1.0,1.0,1402.240966796875,0.0
feature.Yield.managed.BA,14,140,10.0,0.0,10000.0,1.0,1.0,1648.364013671875,0.0
feature.Yield.managed.BA,15,150,10.0,0.0,10000.0,1.0,1.0,1770.5489501953125,0.0
feature.Yield.managed.BA,16,160,10.0,0.0,10000.0,1.0,1.0,1989.498046875,0.0
feature.Yield.managed.BA,17,170,10.0,0.0,10000.0,1.0,1.0,2227.9140625,0.0
feature.Yield.managed.BA,18,180,10.0,0.0,10000.0,1.0,1.0,2310.16796875,0.0
feature.Yield.managed.BA,19,190,10.0,0.0,10000.0,1.0,1.0,2481.126953125,0.0
feature.Yield.managed.BA,20,200,10.0,0.0,10000.0,1.0,1.0,2127.528076171875,0.0
feature.Yield.managed.BA,21,210,10.0,0.0,10000.0,1.0,1.0,2304.617919921875,0.0
feature.Yield.managed.BA,22,220,10.0,0.0,10000.0,1.0,1.0,1119.907958984375,0.0
feature.Yield.managed.BA,23,230,10.0,0.0,10000.0,1.0,1.0,781.0170288085938,0.0
feature.Yield.managed.BA,24,240,10.0,0.0,10000.0,1.0,1.0,947.1010131835938,0.0
feature.Yield.managed.BA,25,250,10.0,0.0,10000.0,1.0,1.0,1204.8260498046875,0.0
feature.Yield.managed.BA,26,260,10.0,0.0,10000.0,1.0,1.0,1488.0439453125,0.0
feature.Yield.managed.BA,27,270,10.0,0.0,10000.0,1.0,1.0,1706.6820068359375,0.0
feature.Yield.managed.BA,28,280,10.0,0.0,10000.0,1.0,1.0,1519.1600341796875,0.0
feature.Yield.managed.BA,29,290,10.0,0.0,10000.0,1.0,1.0,1766.0699462890625,0.0
feature.Yield.managed.BA,30,300,10.0,0.0,10000.0,1.0,1.0,900.7449951171875,0.0
