TARGET,PERIOD,YEAR,PERIODWIDTH,MINIMUM,MAXIMUM,MINWEIGHT,MAXWEIGHT,CURRENT,SUMMARY
feature.Yield.managed.CW,0,0,10.0,0.0,10000.0,1.0,1.0,98525.78125,0.0
feature.Yield.managed.CW,1,10,10.0,0.0,10000.0,1.0,1.0,101830.1640625,0.0
feature.Yield.managed.CW,2,20,10.0,0.0,10000.0,1.0,1.0,99348.1171875,0.0
feature.Yield.managed.CW,3,30,10.0,0.0,10000.0,1.0,1.0,103319.359375,0.0
feature.Yield.managed.CW,4,40,10.0,0.0,10000.0,1.0,1.0,99627.703125,0.0
feature.Yield.managed.CW,5,50,10.0,0.0,10000.0,1.0,1.0,94918.234375,0.0
feature.Yield.managed.CW,6,60,10.0,0.0,10000.0,1.0,1.0,93946.96875,0.0
feature.Yield.managed.CW,7,70,10.0,0.0,10000.0,1.0,1.0,91772.5390625,0.0
feature.Yield.managed.CW,8,80,10.0,0.0,10000.0,1.0,1.0,85729.3828125,0.0
feature.Yield.managed.CW,9,90,10.0,0.0,10000.0,1.0,1.0,84005.96875,0.0
feature.Yield.managed.CW,10,100,10.0,0.0,10000.0,1.0,1.0,80761.546875,0.0
feature.Yield.managed.CW,11,110,10.0,0.0,10000.0,1.0,1.0,76575.640625,0.0
feature.Yield.managed.CW,12,120,10.0,0.0,10000.0,1.0,1.0,75293.65625,0.0
feature.Yield.managed.CW,13,130,10.0,0.0,10000.0,1.0,1.0,75487.1015625,0.0
feature.Yield.managed.CW,14,140,10.0,0.0,10000.0,1.0,1.0,74568.1796875,0.0
feature.Yield.managed.CW,15,150,10.0,0.0,10000.0,1.0,1.0,77505.0078125,0.0
feature.Yield.managed.CW,16,160,10.0,0.0,10000.0,1.0,1.0,80667.390625,0.0
feature.Yield.managed.CW,17,170,10.0,0.0,10000.0,1.0,1.0,80674.453125,0.0
feature.Yield.managed.CW,18,180,10.0,0.0,10000.0,1.0,1.0,81706.4140625,0.0
feature.Yield.managed.CW,19,190,10.0,0.0,10000.0,1.0,1.0,79136.1953125,0.0
feature.Yield.managed.CW,20,200,10.0,0.0,10000.0,1.0,1.0,78517.3046875,0.0
feature.Yield.managed.CW,21,210,10.0,0.0,10000.0,1.0,1.0,76524.515625,0.0
feature.Yield.managed.CW,22,220,10.0,0.0,10000.0,1.0,1.0,76916.7265625,0.0
feature.Yield.managed.CW,23,230,10.0,0.0,10000.0,1.0,1.0,77002.0546875,0.0
feature.Yield.managed.CW,24,240,10.0,0.0,10000.0,1.0,1.0,79676.65625,0.0
feature.Yield.managed.CW,25,250,10.0,0.0,10000.0,1.0,1.0,78573.1328125,0.0
feature.Yield.managed.CW,26,260,10.0,0.0,10000.0,1.0,1.0,76275.2890625,0.0
feature.Yield.managed.CW,27,270,10.0,0.0,10000.0,1.0,1.0,76882.25,0.0
feature.Yield.managed.CW,28,280,10.0,0.0,10000.0,1.0,1.0,76879.578125,0.0
feature.Yield.managed.CW,29,290,10.0,0.0,10000.0,1.0,1.0,78632.703125,0.0
feature.Yield.managed.CW,30,300,10.0,0.0,10000.0,1.0,1.0,80222.46875,0.0
