TARGET,PERIOD,YEAR,PERIODWIDTH,MINIMUM,MAXIMUM,MINWEIGHT,MAXWEIGHT,CURRENT,SUMMARY
feature.Seral.young,0,0,10.0,0.0,10000.0,1.0,1.0,0.0,0.0
feature.Seral.young,1,10,10.0,0.0,10000.0,1.0,1.0,71.69100189208984,0.0
feature.Seral.young,2,20,10.0,0.0,10000.0,1.0,1.0,145.57899475097656,0.0
feature.Seral.young,3,30,10.0,0.0,10000.0,1.0,1.0,218.27999877929688,0.0
feature.Seral.young,4,40,10.0,0.0,10000.0,1.0,1.0,228.21400451660156,0.0
feature.Seral.young,5,50,10.0,0.0,10000.0,1.0,1.0,249.89500427246094,0.0
feature.Seral.young,6,60,10.0,0.0,10000.0,1.0,1.0,220.29600524902344,0.0
feature.Seral.young,7,70,10.0,0.0,10000.0,1.0,1.0,193.11300659179688,0.0
feature.Seral.young,8,80,10.0,0.0,10000.0,1.0,1.0,228.81300354003906,0.0
feature.Seral.young,9,90,10.0,0.0,10000.0,1.0,1.0,185.05999755859375,0.0
feature.Seral.young,10,100,10.0,0.0,10000.0,1.0,1.0,207.0749969482422,0.0
feature.Seral.young,11,110,10.0,0.0,10000.0,1.0,1.0,203.1320037841797,0.0
feature.Seral.young,12,120,10.0,0.0,10000.0,1.0,1.0,186.87100219726562,0.0
feature.Seral.young,13,130,10.0,0.0,10000.0,1.0,1.0,219.5749969482422,0.0
feature.Seral.young,14,140,10.0,0.0,10000.0,1.0,1.0,228.4720001220703,0.0
feature.Seral.young,15,150,10.0,0.0,10000.0,1.0,1.0,216.1060028076172,0.0
feature.Seral.young,16,160,10.0,0.0,10000.0,1.0,1.0,180.0919952392578,0.0
feature.Seral.young,17,170,10.0,0.0,10000.0,1.0,1.0,227.89300537109375,0.0
feature.Seral.young,18,180,10.0,0.0,10000.0,1.0,1.0,266.1709899902344,0.0
feature.Seral.young,19,190,10.0,0.0,10000.0,1.0,1.0,255.41099548339844,0.0
feature.Seral.young,20,200,10.0,0.0,10000.0,1.0,1.0,219.67599487304688,0.0
feature.Seral.young,21,210,10.0,0.0,10000.0,1.0,1.0,173.06900024414062,0.0
feature.Seral.young,22,220,10.0,0.0,10000.0,1.0,1.0,216.19900512695312,0.0
feature.Seral.young,23,230,10.0,0.0,10000.0,1.0,1.0,235.38800048828125,0.0
feature.Seral.young,24,240,10.0,0.0,10000.0,1.0,1.0,223.29400634765625,0.0
feature.Seral.young,25,250,10.0,0.0,10000.0,1.0,1.0,250.625,0.0
feature.Seral.young,26,260,10.0,0.0,10000.0,1.0,1.0,181.98500061035156,0.0
feature.Seral.young,27,270,10.0,0.0,10000.0,1.0,1.0,214.9980010986328,0.0
feature.Seral.young,28,280,10.0,0.0,10000.0,1.0,1.0,236.02200317382812,0.0
feature.Seral.young,29,290,10.0,0.0,10000.0,1.0,1.0,169.38099670410156,0.0
feature.Seral.young,30,300,10.0,0.0,10000.0,1.0,1.0,272.9939880371094,0.0
