TARGET,PERIOD,YEAR,PERIODWIDTH,MINIMUM,MAXIMUM,MINWEIGHT,MAXWEIGHT,CURRENT,SUMMARY
feature.Yield.managed.DR,0,0,10.0,0.0,10000.0,1.0,1.0,11459.6494140625,0.0
feature.Yield.managed.DR,1,10,10.0,0.0,10000.0,1.0,1.0,13388.6083984375,0.0
feature.Yield.managed.DR,2,20,10.0,0.0,10000.0,1.0,1.0,14535.0869140625,0.0
feature.Yield.managed.DR,3,30,10.0,0.0,10000.0,1.0,1.0,14641.328125,0.0
feature.Yield.managed.DR,4,40,10.0,0.0,10000.0,1.0,1.0,15047.755859375,0.0
feature.Yield.managed.DR,5,50,10.0,0.0,10000.0,1.0,1.0,14866.353515625,0.0
feature.Yield.managed.DR,6,60,10.0,0.0,10000.0,1.0,1.0,12928.5166015625,0.0
feature.Yield.managed.DR,7,70,10.0,0.0,10000.0,1.0,1.0,12965.625,0.0
feature.Yield.managed.DR,8,80,10.0,0.0,10000.0,1.0,1.0,13492.4453125,0.0
feature.Yield.managed.DR,9,90,10.0,0.0,10000.0,1.0,1.0,13818.9267578125,0.0
feature.Yield.managed.DR,10,100,10.0,0.0,10000.0,1.0,1.0,14095.5703125,0.0
feature.Yield.managed.DR,11,110,10.0,0.0,10000.0,1.0,1.0,14711.2451171875,0.0
feature.Yield.managed.DR,12,120,10.0,0.0,10000.0,1.0,1.0,14522.3720703125,0.0
feature.Yield.managed.DR,13,130,10.0,0.0,10000.0,1.0,1.0,13171.87109375,0.0
feature.Yield.managed.DR,14,140,10.0,0.0,10000.0,1.0,1.0,13416.8447265625,0.0
feature.Yield.managed.DR,15,150,10.0,0.0,10000.0,1.0,1.0,13747.0234375,0.0
feature.Yield.managed.DR,16,160,10.0,0.0,10000.0,1.0,1.0,11431.798828125,0.0
feature.Yield.managed.DR,17,170,10.0,0.0,10000.0,1.0,1.0,9328.0712890625,0.0
feature.Yield.managed.DR,18,180,10.0,0.0,10000.0,1.0,1.0,7855.15185546875,0.0
feature.Yield.managed.DR,19,190,10.0,0.0,10000.0,1.0,1.0,8137.30078125,0.0
feature.Yield.managed.DR,20,200,10.0,0.0,10000.0,1.0,1.0,9014.013671875,0.0
feature.Yield.managed.DR,21,210,10.0,0.0,10000.0,1.0,1.0,9663.962890625,0.0
feature.Yield.managed.DR,22,220,10.0,0.0,10000.0,1.0,1.0,10692.572265625,0.0
feature.Yield.managed.DR,23,230,10.0,0.0,10000.0,1.0,1.0,10414.7919921875,0.0
feature.Yield.managed.DR,24,240,10.0,0.0,10000.0,1.0,1.0,10818.2587890625,0.0
feature.Yield.managed.DR,25,250,10.0,0.0,10000.0,1.0,1.0,11468.8515625,0.0
feature.Yield.managed.DR,26,260,10.0,0.0,10000.0,1.0,1.0,11986.958984375,0.0
feature.Yield.managed.DR,27,270,10.0,0.0,10000.0,1.0,1.0,9764.0859375,0.0
feature.Yield.managed.DR,28,280,10.0,0.0,10000.0,1.0,1.0,10369.1171875,0.0
feature.Yield.managed.DR,29,290,10.0,0.0,10000.0,1.0,1.0,9202.6787109375,0.0
feature.Yield.managed.DR,30,300,10.0,0.0,10000.0,1.0,1.0,8506.205078125,0.0
