TARGET,PERIOD,YEAR,PERIODWIDTH,MINIMUM,MAXIMUM,MINWEIGHT,MAXWEIGHT,CURRENT,SUMMARY
feature.Seral.immature,0,0,10.0,0.0,10000.0,1.0,1.0,1158.8919677734375,0.0
feature.Seral.immature,1,10,10.0,0.0,10000.0,1.0,1.0,1140.9840087890625,0.0
feature.Seral.immature,2,20,10.0,0.0,10000.0,1.0,1.0,1091.615966796875,0.0
feature.Seral.immature,3,30,10.0,0.0,10000.0,1.0,1.0,1069.6729736328125,0.0
feature.Seral.immature,4,40,10.0,0.0,10000.0,1.0,1.0,729.5289916992188,0.0
feature.Seral.immature,5,50,10.0,0.0,10000.0,1.0,1.0,468.2239990234375,0.0
feature.Seral.immature,6,60,10.0,0.0,10000.0,1.0,1.0,580.9119873046875,0.0
feature.Seral.immature,7,70,10.0,0.0,10000.0,1.0,1.0,563.5700073242188,0.0
feature.Seral.immature,8,80,10.0,0.0,10000.0,1.0,1.0,561.1279907226562,0.0
feature.Seral.immature,9,90,10.0,0.0,10000.0,1.0,1.0,654.094970703125,0.0
feature.Seral.immature,10,100,10.0,0.0,10000.0,1.0,1.0,651.3720092773438,0.0
feature.Seral.immature,11,110,10.0,0.0,10000.0,1.0,1.0,672.68701171875,0.0
feature.Seral.immature,12,120,10.0,0.0,10000.0,1.0,1.0,670.2449951171875,0.0
feature.Seral.immature,13,130,10.0,0.0,10000.0,1.0,1.0,629.9329833984375,0.0
feature.Seral.immature,14,140,10.0,0.0,10000.0,1.0,1.0,671.9619750976562,0.0
feature.Seral.immature,15,150,10.0,0.0,10000.0,1.0,1.0,544.906005859375,0.0
feature.Seral.immature,16,160,10.0,0.0,10000.0,1.0,1.0,591.9409790039062,0.0
feature.Seral.immature,17,170,10.0,0.0,10000.0,1.0,1.0,582.4119873046875,0.0
feature.Seral.immature,18,180,10.0,0.0,10000.0,1.0,1.0,633.7520141601562,0.0
feature.Seral.immature,19,190,10.0,0.0,10000.0,1.0,1.0,632.6190185546875,0.0
feature.Seral.immature,20,200,10.0,0.0,10000.0,1.0,1.0,598.8259887695312,0.0
feature.Seral.immature,21,210,10.0,0.0,10000.0,1.0,1.0,624.6640014648438,0.0
feature.Seral.immature,22,220,10.0,0.0,10000.0,1.0,1.0,629.4910278320312,0.0
feature.Seral.immature,23,230,10.0,0.0,10000.0,1.0,1.0,635.7570190429688,0.0
feature.Seral.immature,24,240,10.0,0.0,10000.0,1.0,1.0,679.697021484375,0.0
feature.Seral.immature,25,250,10.0,0.0,10000.0,1.0,1.0,651.6370239257812,0.0
feature.Seral.immature,26,260,10.0,0.0,10000.0,1.0,1.0,705.6589965820312,0.0
feature.Seral.immature,27,270,10.0,0.0,10000.0,1.0,1.0,647.156005859375,0.0
feature.Seral.immature,28,280,10.0,0.0,10000.0,1.0,1.0,615.3560180664062,0.0
feature.Seral.immature,29,290,10.0,0.0,10000.0,1.0,1.0,609.3809814453125,0.0
feature.Seral.immature,30,300,10.0,0.0,10000.0,1.0,1.0,695.885986328125,0.0
