TARGET,PERIOD,YEAR,PERIODWIDTH,MINIMUM,MAXIMUM,MINWEIGHT,MAXWEIGHT,CURRENT,SUMMARY
feature.Yield.managed.FDC,0,0,10.0,0.0,10000.0,1.0,1.0,184192.78125,0.0
feature.Yield.managed.FDC,1,10,10.0,0.0,10000.0,1.0,1.0,199791.703125,0.0
feature.Yield.managed.FDC,2,20,10.0,0.0,10000.0,1.0,1.0,219276.3125,0.0
feature.Yield.managed.FDC,3,30,10.0,0.0,10000.0,1.0,1.0,233603.875,0.0
feature.Yield.managed.FDC,4,40,10.0,0.0,10000.0,1.0,1.0,223577.53125,0.0
feature.Yield.managed.FDC,5,50,10.0,0.0,10000.0,1.0,1.0,195896.671875,0.0
feature.Yield.managed.FDC,6,60,10.0,0.0,10000.0,1.0,1.0,166208.546875,0.0
feature.Yield.managed.FDC,7,70,10.0,0.0,10000.0,1.0,1.0,138805.046875,0.0
feature.Yield.managed.FDC,8,80,10.0,0.0,10000.0,1.0,1.0,130258.3828125,0.0
feature.Yield.managed.FDC,9,90,10.0,0.0,10000.0,1.0,1.0,145371.578125,0.0
feature.Yield.managed.FDC,10,100,10.0,0.0,10000.0,1.0,1.0,159454.171875,0.0
feature.Yield.managed.FDC,11,110,10.0,0.0,10000.0,1.0,1.0,173334.640625,0.0
feature.Yield.managed.FDC,12,120,10.0,0.0,10000.0,1.0,1.0,186551.203125,0.0
feature.Yield.managed.FDC,13,130,10.0,0.0,10000.0,1.0,1.0,181205.640625,0.0
feature.Yield.managed.FDC,14,140,10.0,0.0,10000.0,1.0,1.0,180631.4375,0.0
feature.Yield.managed.FDC,15,150,10.0,0.0,10000.0,1.0,1.0,157342.078125,0.0
feature.Yield.managed.FDC,16,160,10.0,0.0,10000.0,1.0,1.0,138565.40625,0.0
feature.Yield.managed.FDC,17,170,10.0,0.0,10000.0,1.0,1.0,127068.28125,0.0
feature.Yield.managed.FDC,18,180,10.0,0.0,10000.0,1.0,1.0,130205.2890625,0.0
feature.Yield.managed.FDC,19,190,10.0,0.0,10000.0,1.0,1.0,146054.03125,0.0
feature.Yield.managed.FDC,20,200,10.0,0.0,10000.0,1.0,1.0,152886.84375,0.0
feature.Yield.managed.FDC,21,210,10.0,0.0,10000.0,1.0,1.0,161678.4375,0.0
feature.Yield.managed.FDC,22,220,10.0,0.0,10000.0,1.0,1.0,162554.125,0.0
feature.Yield.managed.FDC,23,230,10.0,0.0,10000.0,1.0,1.0,161574.9375,0.0
feature.Yield.managed.FDC,24,240,10.0,0.0,10000.0,1.0,1.0,147671.0,0.0
feature.Yield.managed.FDC,25,250,10.0,0.0,10000.0,1.0,1.0,158885.8125,0.0
feature.Yield.managed.FDC,26,260,10.0,0.0,10000.0,1.0,1.0,144520.09375,0.0
feature.Yield.managed.FDC,27,270,10.0,0.0,10000.0,1.0,1.0,161918.765625,0.0
feature.Yield.managed.FDC,28,280,10.0,0.0,10000.0,1.0,1.0,155818.28125,0.0
feature.Yield.managed.FDC,29,290,10.0,0.0,10000.0,1.0,1.0,150590.4375,0.0
feature.Yield.managed.FDC,30,300,10.0,0.0,10000.0,1.0,1.0,154976.421875,0.0
