TARGET,PERIOD,YEAR,PERIODWIDTH,MINIMUM,MAXIMUM,MINWEIGHT,MAXWEIGHT,CURRENT,SUMMARY
feature.Yield.managed.YC,0,0,10.0,0.0,10000.0,1.0,1.0,955.906005859375,0.0
feature.Yield.managed.YC,1,10,10.0,0.0,10000.0,1.0,1.0,729.6599731445312,0.0
feature.Yield.managed.YC,2,20,10.0,0.0,10000.0,1.0,1.0,592.9229736328125,0.0
feature.Yield.managed.YC,3,30,10.0,0.0,10000.0,1.0,1.0,535.6950073242188,0.0
feature.Yield.managed.YC,4,40,10.0,0.0,10000.0,1.0,1.0,576.0159912109375,0.0
feature.Yield.managed.YC,5,50,10.0,0.0,10000.0,1.0,1.0,621.333984375,0.0
feature.Yield.managed.YC,6,60,10.0,0.0,10000.0,1.0,1.0,524.7890014648438,0.0
feature.Yield.managed.YC,7,70,10.0,0.0,10000.0,1.0,1.0,584.6900024414062,0.0
feature.Yield.managed.YC,8,80,10.0,0.0,10000.0,1.0,1.0,647.9240112304688,0.0
feature.Yield.managed.YC,9,90,10.0,0.0,10000.0,1.0,1.0,695.5880126953125,0.0
feature.Yield.managed.YC,10,100,10.0,0.0,10000.0,1.0,1.0,569.7139892578125,0.0
feature.Yield.managed.YC,11,110,10.0,0.0,10000.0,1.0,1.0,612.5540161132812,0.0
feature.Yield.managed.YC,12,120,10.0,0.0,10000.0,1.0,1.0,591.3660278320312,0.0
feature.Yield.managed.YC,13,130,10.0,0.0,10000.0,1.0,1.0,630.0230102539062,0.0
feature.Yield.managed.YC,14,140,10.0,0.0,10000.0,1.0,1.0,602.1119995117188,0.0
feature.Yield.managed.YC,15,150,10.0,0.0,10000.0,1.0,1.0,634.4169921875,0.0
feature.Yield.managed.YC,16,160,10.0,0.0,10000.0,1.0,1.0,654.969970703125,0.0
feature.Yield.managed.YC,17,170,10.0,0.0,10000.0,1.0,1.0,681.4229736328125,0.0
feature.Yield.managed.YC,18,180,10.0,0.0,10000.0,1.0,1.0,714.81201171875,0.0
feature.Yield.managed.YC,19,190,10.0,0.0,10000.0,1.0,1.0,663.8170166015625,0.0
feature.Yield.managed.YC,20,200,10.0,0.0,10000.0,1.0,1.0,620.64501953125,0.0
feature.Yield.managed.YC,21,210,10.0,0.0,10000.0,1.0,1.0,470.99200439453125,0.0
feature.Yield.managed.YC,22,220,10.0,0.0,10000.0,1.0,1.0,403.1510009765625,0.0
feature.Yield.managed.YC,23,230,10.0,0.0,10000.0,1.0,1.0,460.4620056152344,0.0
feature.Yield.managed.YC,24,240,10.0,0.0,10000.0,1.0,1.0,503.77801513671875,0.0
feature.Yield.managed.YC,25,250,10.0,0.0,10000.0,1.0,1.0,442.7170104980469,0.0
feature.Yield.managed.YC,26,260,10.0,0.0,10000.0,1.0,1.0,478.0270080566406,0.0
feature.Yield.managed.YC,27,270,10.0,0.0,10000.0,1.0,1.0,494.6889953613281,0.0
feature.Yield.managed.YC,28,280,10.0,0.0,10000.0,1.0,1.0,492.4289855957031,0.0
feature.Yield.managed.YC,29,290,10.0,0.0,10000.0,1.0,1.0,526.2039794921875,0.0
feature.Yield.managed.YC,30,300,10.0,0.0,10000.0,1.0,1.0,462.1400146484375,0.0
