TARGET,PERIOD,YEAR,PERIODWIDTH,MINIMUM,MAXIMUM,MINWEIGHT,MAXWEIGHT,CURRENT,SUMMARY
feature.Yield.managed.HW,0,0,10.0,0.0,10000.0,1.0,1.0,339266.59375,0.0
feature.Yield.managed.HW,1,10,10.0,0.0,10000.0,1.0,1.0,335887.3125,0.0
feature.Yield.managed.HW,2,20,10.0,0.0,10000.0,1.0,1.0,326826.03125,0.0
feature.Yield.managed.HW,3,30,10.0,0.0,10000.0,1.0,1.0,308254.0625,0.0
feature.Yield.managed.HW,4,40,10.0,0.0,10000.0,1.0,1.0,283377.9375,0.0
feature.Yield.managed.HW,5,50,10.0,0.0,10000.0,1.0,1.0,273264.5,0.0
feature.Yield.managed.HW,6,60,10.0,0.0,10000.0,1.0,1.0,276495.40625,0.0
feature.Yield.managed.HW,7,70,10.0,0.0,10000.0,1.0,1.0,278579.3125,0.0
feature.Yield.managed.HW,8,80,10.0,0.0,10000.0,1.0,1.0,278400.5,0.0
feature.Yield.managed.HW,9,90,10.0,0.0,10000.0,1.0,1.0,258365.390625,0.0
feature.Yield.managed.HW,10,100,10.0,0.0,10000.0,1.0,1.0,236867.421875,0.0
feature.Yield.managed.HW,11,110,10.0,0.0,10000.0,1.0,1.0,231631.578125,0.0
feature.Yield.managed.HW,12,120,10.0,0.0,10000.0,1.0,1.0,218593.296875,0.0
feature.Yield.managed.HW,13,130,10.0,0.0,10000.0,1.0,1.0,225128.703125,0.0
feature.Yield.managed.HW,14,140,10.0,0.0,10000.0,1.0,1.0,249507.078125,0.0
feature.Yield.managed.HW,15,150,10.0,0.0,10000.0,1.0,1.0,241778.609375,0.0
feature.Yield.managed.HW,16,160,10.0,0.0,10000.0,1.0,1.0,257571.203125,0.0
feature.Yield.managed.HW,17,170,10.0,0.0,10000.0,1.0,1.0,247605.75,0.0
feature.Yield.managed.HW,18,180,10.0,0.0,10000.0,1.0,1.0,236954.796875,0.0
feature.Yield.managed.HW,19,190,10.0,0.0,10000.0,1.0,1.0,216019.5,0.0
feature.Yield.managed.HW,20,200,10.0,0.0,10000.0,1.0,1.0,223005.90625,0.0
feature.Yield.managed.HW,21,210,10.0,0.0,10000.0,1.0,1.0,212863.125,0.0
feature.Yield.managed.HW,22,220,10.0,0.0,10000.0,1.0,1.0,212583.25,0.0
feature.Yield.managed.HW,23,230,10.0,0.0,10000.0,1.0,1.0,207518.609375,0.0
feature.Yield.managed.HW,24,240,10.0,0.0,10000.0,1.0,1.0,206041.0625,0.0
feature.Yield.managed.HW,25,250,10.0,0.0,10000.0,1.0,1.0,213042.6875,0.0
feature.Yield.managed.HW,26,260,10.0,0.0,10000.0,1.0,1.0,203568.8125,0.0
feature.Yield.managed.HW,27,270,10.0,0.0,10000.0,1.0,1.0,205989.171875,0.0
feature.Yield.managed.HW,28,280,10.0,0.0,10000.0,1.0,1.0,197397.640625,0.0
feature.Yield.managed.HW,29,290,10.0,0.0,10000.0,1.0,1.0,222663.671875,0.0
feature.Yield.managed.HW,30,300,10.0,0.0,10000.0,1.0,1.0,209648.59375,0.0
