TARGET,PERIOD,YEAR,PERIODWIDTH,MINIMUM,MAXIMUM,MINWEIGHT,MAXWEIGHT,CURRENT,SUMMARY
feature.Yield.managed.SS,0,0,10.0,0.0,10000.0,1.0,1.0,4413.90478515625,0.0
feature.Yield.managed.SS,1,10,10.0,0.0,10000.0,1.0,1.0,5106.7041015625,0.0
feature.Yield.managed.SS,2,20,10.0,0.0,10000.0,1.0,1.0,5726.01708984375,0.0
feature.Yield.managed.SS,3,30,10.0,0.0,10000.0,1.0,1.0,2012.1800537109375,0.0
feature.Yield.managed.SS,4,40,10.0,0.0,10000.0,1.0,1.0,2145.74609375,0.0
feature.Yield.managed.SS,5,50,10.0,0.0,10000.0,1.0,1.0,2352.885009765625,0.0
feature.Yield.managed.SS,6,60,10.0,0.0,10000.0,1.0,1.0,1811.10205078125,0.0
feature.Yield.managed.SS,7,70,10.0,0.0,10000.0,1.0,1.0,2268.950927734375,0.0
feature.Yield.managed.SS,8,80,10.0,0.0,10000.0,1.0,1.0,2754.666015625,0.0
feature.Yield.managed.SS,9,90,10.0,0.0,10000.0,1.0,1.0,3282.198974609375,0.0
feature.Yield.managed.SS,10,100,10.0,0.0,10000.0,1.0,1.0,3791.79296875,0.0
feature.Yield.managed.SS,11,110,10.0,0.0,10000.0,1.0,1.0,4268.490234375,0.0
feature.Yield.managed.SS,12,120,10.0,0.0,10000.0,1.0,1.0,1671.488037109375,0.0
feature.Yield.managed.SS,13,130,10.0,0.0,10000.0,1.0,1.0,1717.93701171875,0.0
feature.Yield.managed.SS,14,140,10.0,0.0,10000.0,1.0,1.0,2132.174072265625,0.0
feature.Yield.managed.SS,15,150,10.0,0.0,10000.0,1.0,1.0,2685.5029296875,0.0
feature.Yield.managed.SS,16,160,10.0,0.0,10000.0,1.0,1.0,3076.41796875,0.0
feature.Yield.managed.SS,17,170,10.0,0.0,10000.0,1.0,1.0,3389.73291015625,0.0
feature.Yield.managed.SS,18,180,10.0,0.0,10000.0,1.0,1.0,3707.405029296875,0.0
feature.Yield.managed.SS,19,190,10.0,0.0,10000.0,1.0,1.0,4103.50390625,0.0
feature.Yield.managed.SS,20,200,10.0,0.0,10000.0,1.0,1.0,4460.31884765625,0.0
feature.Yield.managed.SS,21,210,10.0,0.0,10000.0,1.0,1.0,4007.906982421875,0.0
feature.Yield.managed.SS,22,220,10.0,0.0,10000.0,1.0,1.0,4154.43701171875,0.0
feature.Yield.managed.SS,23,230,10.0,0.0,10000.0,1.0,1.0,1019.8259887695312,0.0
feature.Yield.managed.SS,24,240,10.0,0.0,10000.0,1.0,1.0,1204.550048828125,0.0
feature.Yield.managed.SS,25,250,10.0,0.0,10000.0,1.0,1.0,1700.9630126953125,0.0
feature.Yield.managed.SS,26,260,10.0,0.0,10000.0,1.0,1.0,2297.76904296875,0.0
feature.Yield.managed.SS,27,270,10.0,0.0,10000.0,1.0,1.0,2738.882080078125,0.0
feature.Yield.managed.SS,28,280,10.0,0.0,10000.0,1.0,1.0,3281.634033203125,0.0
feature.Yield.managed.SS,29,290,10.0,0.0,10000.0,1.0,1.0,3695.919921875,0.0
feature.Yield.managed.SS,30,300,10.0,0.0,10000.0,1.0,1.0,4129.8291015625,0.0
