TARGET,PERIOD,YEAR,PERIODWIDTH,MINIMUM,MAXIMUM,MINWEIGHT,MAXWEIGHT,CURRENT,SUMMARY
feature.Area.og2.total,0,0,10.0,0.0,10000.0,1.0,1.0,250.7050018310547,0.0
feature.Area.og2.total,1,10,10.0,0.0,10000.0,1.0,1.0,244.5760040283203,0.0
feature.Area.og2.total,2,20,10.0,0.0,10000.0,1.0,1.0,292.0419921875,0.0
feature.Area.og2.total,3,30,10.0,0.0,10000.0,1.0,1.0,287.3080139160156,0.0
feature.Area.og2.total,4,40,10.0,0.0,10000.0,1.0,1.0,287.1239929199219,0.0
feature.Area.og2.total,5,50,10.0,0.0,10000.0,1.0,1.0,287.9289855957031,0.0
feature.Area.og2.total,6,60,10.0,0.0,10000.0,1.0,1.0,288.59600830078125,0.0
feature.Area.og2.total,7,70,10.0,0.0,10000.0,1.0,1.0,288.59600830078125,0.0
feature.Area.og2.total,8,80,10.0,0.0,10000.0,1.0,1.0,303.9020080566406,0.0
feature.Area.og2.total,9,90,10.0,0.0,10000.0,1.0,1.0,303.9020080566406,0.0
feature.Area.og2.total,10,100,10.0,0.0,10000.0,1.0,1.0,294.8680114746094,0.0
feature.Area.og2.total,11,110,10.0,0.0,10000.0,1.0,1.0,294.8680114746094,0.0
feature.Area.og2.total,12,120,10.0,0.0,10000.0,1.0,1.0,294.8680114746094,0.0
feature.Area.og2.total,13,130,10.0,0.0,10000.0,1.0,1.0,361.1990051269531,0.0
feature.Area.og2.total,14,140,10.0,0.0,10000.0,1.0,1.0,356.1029968261719,0.0
feature.Area.og2.total,15,150,10.0,0.0,10000.0,1.0,1.0,383.3940124511719,0.0
feature.Area.og2.total,16,160,10.0,0.0,10000.0,1.0,1.0,383.82501220703125,0.0
feature.Area.og2.total,17,170,10.0,0.0,10000.0,1.0,1.0,385.0090026855469,0.0
feature.Area.og2.total,18,180,10.0,0.0,10000.0,1.0,1.0,392.9939880371094,0.0
feature.Area.og2.total,19,190,10.0,0.0,10000.0,1.0,1.0,429.3550109863281,0.0
feature.Area.og2.total,20,200,10.0,0.0,10000.0,1.0,1.0,570.625,0.0
feature.Area.og2.total,21,210,10.0,0.0,10000.0,1.0,1.0,712.3930053710938,0.0
feature.Area.og2.total,22,220,10.0,0.0,10000.0,1.0,1.0,725.0330200195312,0.0
feature.Area.og2.total,23,230,10.0,0.0,10000.0,1.0,1.0,725.0330200195312,0.0
feature.Area.og2.total,24,240,10.0,0.0,10000.0,1.0,1.0,725.0330200195312,0.0
feature.Area.og2.total,25,250,10.0,0.0,10000.0,1.0,1.0,714.4110107421875,0.0
feature.Area.og2.total,26,260,10.0,0.0,10000.0,1.0,1.0,714.4110107421875,0.0
feature.Area.og2.total,27,270,10.0,0.0,10000.0,1.0,1.0,714.4110107421875,0.0
feature.Area.og2.total,28,280,10.0,0.0,10000.0,1.0,1.0,714.4110107421875,0.0
feature.Area.og2.total,29,290,10.0,0.0,10000.0,1.0,1.0,714.4110107421875,0.0
feature.Area.og2.total,30,300,10.0,0.0,10000.0,1.0,1.0,714.4110107421875,0.0
