TARGET,PERIOD,YEAR,PERIODWIDTH,MINIMUM,MAXIMUM,MINWEIGHT,MAXWEIGHT,CURRENT,SUMMARY
feature.Seral.immature,0,0,10.0,0.0,10000.0,1.0,1.0,1158.8919677734375,0.0
feature.Seral.immature,1,10,10.0,0.0,10000.0,1.0,1.0,1139.43603515625,0.0
feature.Seral.immature,2,20,10.0,0.0,10000.0,1.0,1.0,1041.4310302734375,0.0
feature.Seral.immature,3,30,10.0,0.0,10000.0,1.0,1.0,1008.9949951171875,0.0
feature.Seral.immature,4,40,10.0,0.0,10000.0,1.0,1.0,841.1619873046875,0.0
feature.Seral.immature,5,50,10.0,0.0,10000.0,1.0,1.0,577.4119873046875,0.0
feature.Seral.immature,6,60,10.0,0.0,10000.0,1.0,1.0,525.8270263671875,0.0
feature.Seral.immature,7,70,10.0,0.0,10000.0,1.0,1.0,577.3690185546875,0.0
feature.Seral.immature,8,80,10.0,0.0,10000.0,1.0,1.0,618.6959838867188,0.0
feature.Seral.immature,9,90,10.0,0.0,10000.0,1.0,1.0,657.4609985351562,0.0
feature.Seral.immature,10,100,10.0,0.0,10000.0,1.0,1.0,675.7990112304688,0.0
feature.Seral.immature,11,110,10.0,0.0,10000.0,1.0,1.0,703.656005859375,0.0
feature.Seral.immature,12,120,10.0,0.0,10000.0,1.0,1.0,673.5430297851562,0.0
feature.Seral.immature,13,130,10.0,0.0,10000.0,1.0,1.0,708.364013671875,0.0
feature.Seral.immature,14,140,10.0,0.0,10000.0,1.0,1.0,725.7329711914062,0.0
feature.Seral.immature,15,150,10.0,0.0,10000.0,1.0,1.0,749.93701171875,0.0
feature.Seral.immature,16,160,10.0,0.0,10000.0,1.0,1.0,815.7620239257812,0.0
feature.Seral.immature,17,170,10.0,0.0,10000.0,1.0,1.0,751.0180053710938,0.0
feature.Seral.immature,18,180,10.0,0.0,10000.0,1.0,1.0,615.9290161132812,0.0
feature.Seral.immature,19,190,10.0,0.0,10000.0,1.0,1.0,650.1519775390625,0.0
feature.Seral.immature,20,200,10.0,0.0,10000.0,1.0,1.0,663.968017578125,0.0
feature.Seral.immature,21,210,10.0,0.0,10000.0,1.0,1.0,734.4429931640625,0.0
feature.Seral.immature,22,220,10.0,0.0,10000.0,1.0,1.0,727.1309814453125,0.0
feature.Seral.immature,23,230,10.0,0.0,10000.0,1.0,1.0,766.77197265625,0.0
feature.Seral.immature,24,240,10.0,0.0,10000.0,1.0,1.0,713.468017578125,0.0
feature.Seral.immature,25,250,10.0,0.0,10000.0,1.0,1.0,706.7849731445312,0.0
feature.Seral.immature,26,260,10.0,0.0,10000.0,1.0,1.0,720.1190185546875,0.0
feature.Seral.immature,27,270,10.0,0.0,10000.0,1.0,1.0,744.9169921875,0.0
feature.Seral.immature,28,280,10.0,0.0,10000.0,1.0,1.0,771.52197265625,0.0
feature.Seral.immature,29,290,10.0,0.0,10000.0,1.0,1.0,708.2379760742188,0.0
feature.Seral.immature,30,300,10.0,0.0,10000.0,1.0,1.0,712.2470092773438,0.0
