TARGET,PERIOD,YEAR,PERIODWIDTH,MINIMUM,MAXIMUM,MINWEIGHT,MAXWEIGHT,CURRENT,SUMMARY
feature.Area.og1.total,0,0,10.0,0.0,10000.0,1.0,1.0,375.1780090332031,0.0
feature.Area.og1.total,1,10,10.0,0.0,10000.0,1.0,1.0,371.197998046875,0.0
feature.Area.og1.total,2,20,10.0,0.0,10000.0,1.0,1.0,383.322998046875,0.0
feature.Area.og1.total,3,30,10.0,0.0,10000.0,1.0,1.0,404.1789855957031,0.0
feature.Area.og1.total,4,40,10.0,0.0,10000.0,1.0,1.0,439.2900085449219,0.0
feature.Area.og1.total,5,50,10.0,0.0,10000.0,1.0,1.0,503.13299560546875,0.0
feature.Area.og1.total,6,60,10.0,0.0,10000.0,1.0,1.0,569.5809936523438,0.0
feature.Area.og1.total,7,70,10.0,0.0,10000.0,1.0,1.0,627.5089721679688,0.0
feature.Area.og1.total,8,80,10.0,0.0,10000.0,1.0,1.0,671.760986328125,0.0
feature.Area.og1.total,9,90,10.0,0.0,10000.0,1.0,1.0,698.8820190429688,0.0
feature.Area.og1.total,10,100,10.0,0.0,10000.0,1.0,1.0,731.6900024414062,0.0
feature.Area.og1.total,11,110,10.0,0.0,10000.0,1.0,1.0,784.5809936523438,0.0
feature.Area.og1.total,12,120,10.0,0.0,10000.0,1.0,1.0,818.5139770507812,0.0
feature.Area.og1.total,13,130,10.0,0.0,10000.0,1.0,1.0,850.2650146484375,0.0
feature.Area.og1.total,14,140,10.0,0.0,10000.0,1.0,1.0,820.3590087890625,0.0
feature.Area.og1.total,15,150,10.0,0.0,10000.0,1.0,1.0,814.1389770507812,0.0
feature.Area.og1.total,16,160,10.0,0.0,10000.0,1.0,1.0,782.3040161132812,0.0
feature.Area.og1.total,17,170,10.0,0.0,10000.0,1.0,1.0,799.333984375,0.0
feature.Area.og1.total,18,180,10.0,0.0,10000.0,1.0,1.0,796.9730224609375,0.0
feature.Area.og1.total,19,190,10.0,0.0,10000.0,1.0,1.0,803.5349731445312,0.0
feature.Area.og1.total,20,200,10.0,0.0,10000.0,1.0,1.0,809.0089721679688,0.0
feature.Area.og1.total,21,210,10.0,0.0,10000.0,1.0,1.0,795.7470092773438,0.0
feature.Area.og1.total,22,220,10.0,0.0,10000.0,1.0,1.0,779.5889892578125,0.0
feature.Area.og1.total,23,230,10.0,0.0,10000.0,1.0,1.0,771.385009765625,0.0
feature.Area.og1.total,24,240,10.0,0.0,10000.0,1.0,1.0,761.9400024414062,0.0
feature.Area.og1.total,25,250,10.0,0.0,10000.0,1.0,1.0,767.1010131835938,0.0
feature.Area.og1.total,26,260,10.0,0.0,10000.0,1.0,1.0,779.1389770507812,0.0
feature.Area.og1.total,27,270,10.0,0.0,10000.0,1.0,1.0,793.176025390625,0.0
feature.Area.og1.total,28,280,10.0,0.0,10000.0,1.0,1.0,811.7620239257812,0.0
feature.Area.og1.total,29,290,10.0,0.0,10000.0,1.0,1.0,805.22802734375,0.0
feature.Area.og1.total,30,300,10.0,0.0,10000.0,1.0,1.0,809.4199829101562,0.0
