TARGET,PERIOD,YEAR,PERIODWIDTH,MINIMUM,MAXIMUM,MINWEIGHT,MAXWEIGHT,CURRENT,SUMMARY
feature.Area.og1.total,0,0,10.0,0.0,10000.0,1.0,1.0,375.1780090332031,0.0
feature.Area.og1.total,1,10,10.0,0.0,10000.0,1.0,1.0,385.60198974609375,0.0
feature.Area.og1.total,2,20,10.0,0.0,10000.0,1.0,1.0,405.0690002441406,0.0
feature.Area.og1.total,3,30,10.0,0.0,10000.0,1.0,1.0,430.4100036621094,0.0
feature.Area.og1.total,4,40,10.0,0.0,10000.0,1.0,1.0,461.0270080566406,0.0
feature.Area.og1.total,5,50,10.0,0.0,10000.0,1.0,1.0,511.906005859375,0.0
feature.Area.og1.total,6,60,10.0,0.0,10000.0,1.0,1.0,554.1749877929688,0.0
feature.Area.og1.total,7,70,10.0,0.0,10000.0,1.0,1.0,621.843017578125,0.0
feature.Area.og1.total,8,80,10.0,0.0,10000.0,1.0,1.0,635.2249755859375,0.0
feature.Area.og1.total,9,90,10.0,0.0,10000.0,1.0,1.0,672.5070190429688,0.0
feature.Area.og1.total,10,100,10.0,0.0,10000.0,1.0,1.0,697.8670043945312,0.0
feature.Area.og1.total,11,110,10.0,0.0,10000.0,1.0,1.0,713.0250244140625,0.0
feature.Area.og1.total,12,120,10.0,0.0,10000.0,1.0,1.0,738.6170043945312,0.0
feature.Area.og1.total,13,130,10.0,0.0,10000.0,1.0,1.0,736.1849975585938,0.0
feature.Area.og1.total,14,140,10.0,0.0,10000.0,1.0,1.0,744.781982421875,0.0
feature.Area.og1.total,15,150,10.0,0.0,10000.0,1.0,1.0,723.614013671875,0.0
feature.Area.og1.total,16,160,10.0,0.0,10000.0,1.0,1.0,716.0159912109375,0.0
feature.Area.og1.total,17,170,10.0,0.0,10000.0,1.0,1.0,705.2479858398438,0.0
feature.Area.og1.total,18,180,10.0,0.0,10000.0,1.0,1.0,708.073974609375,0.0
feature.Area.og1.total,19,190,10.0,0.0,10000.0,1.0,1.0,715.3770141601562,0.0
feature.Area.og1.total,20,200,10.0,0.0,10000.0,1.0,1.0,722.0020141601562,0.0
feature.Area.og1.total,21,210,10.0,0.0,10000.0,1.0,1.0,723.583984375,0.0
feature.Area.og1.total,22,220,10.0,0.0,10000.0,1.0,1.0,724.4959716796875,0.0
feature.Area.og1.total,23,230,10.0,0.0,10000.0,1.0,1.0,727.6810302734375,0.0
feature.Area.og1.total,24,240,10.0,0.0,10000.0,1.0,1.0,714.85400390625,0.0
feature.Area.og1.total,25,250,10.0,0.0,10000.0,1.0,1.0,713.3740234375,0.0
feature.Area.og1.total,26,260,10.0,0.0,10000.0,1.0,1.0,723.7069702148438,0.0
feature.Area.og1.total,27,270,10.0,0.0,10000.0,1.0,1.0,714.5750122070312,0.0
feature.Area.og1.total,28,280,10.0,0.0,10000.0,1.0,1.0,715.3150024414062,0.0
feature.Area.og1.total,29,290,10.0,0.0,10000.0,1.0,1.0,697.14501953125,0.0
feature.Area.og1.total,30,300,10.0,0.0,10000.0,1.0,1.0,702.5230102539062,0.0
