TARGET,PERIOD,YEAR,PERIODWIDTH,MINIMUM,MAXIMUM,MINWEIGHT,MAXWEIGHT,CURRENT,SUMMARY
feature.Seral.immature,0,0,10.0,0.0,10000.0,1.0,1.0,1158.8919677734375,0.0
feature.Seral.immature,1,10,10.0,0.0,10000.0,1.0,1.0,1118.18994140625,0.0
feature.Seral.immature,2,20,10.0,0.0,10000.0,1.0,1.0,1020.2760009765625,0.0
feature.Seral.immature,3,30,10.0,0.0,10000.0,1.0,1.0,977.0,0.0
feature.Seral.immature,4,40,10.0,0.0,10000.0,1.0,1.0,776.2109985351562,0.0
feature.Seral.immature,5,50,10.0,0.0,10000.0,1.0,1.0,573.3579711914062,0.0
feature.Seral.immature,6,60,10.0,0.0,10000.0,1.0,1.0,529.0349731445312,0.0
feature.Seral.immature,7,70,10.0,0.0,10000.0,1.0,1.0,645.3179931640625,0.0
feature.Seral.immature,8,80,10.0,0.0,10000.0,1.0,1.0,619.333984375,0.0
feature.Seral.immature,9,90,10.0,0.0,10000.0,1.0,1.0,652.9990234375,0.0
feature.Seral.immature,10,100,10.0,0.0,10000.0,1.0,1.0,678.8610229492188,0.0
feature.Seral.immature,11,110,10.0,0.0,10000.0,1.0,1.0,686.72802734375,0.0
feature.Seral.immature,12,120,10.0,0.0,10000.0,1.0,1.0,692.489013671875,0.0
feature.Seral.immature,13,130,10.0,0.0,10000.0,1.0,1.0,655.6500244140625,0.0
feature.Seral.immature,14,140,10.0,0.0,10000.0,1.0,1.0,606.1599731445312,0.0
feature.Seral.immature,15,150,10.0,0.0,10000.0,1.0,1.0,668.6640014648438,0.0
feature.Seral.immature,16,160,10.0,0.0,10000.0,1.0,1.0,693.8729858398438,0.0
feature.Seral.immature,17,170,10.0,0.0,10000.0,1.0,1.0,677.2479858398438,0.0
feature.Seral.immature,18,180,10.0,0.0,10000.0,1.0,1.0,642.0469970703125,0.0
feature.Seral.immature,19,190,10.0,0.0,10000.0,1.0,1.0,739.6480102539062,0.0
feature.Seral.immature,20,200,10.0,0.0,10000.0,1.0,1.0,736.176025390625,0.0
feature.Seral.immature,21,210,10.0,0.0,10000.0,1.0,1.0,762.7979736328125,0.0
feature.Seral.immature,22,220,10.0,0.0,10000.0,1.0,1.0,709.7999877929688,0.0
feature.Seral.immature,23,230,10.0,0.0,10000.0,1.0,1.0,665.4359741210938,0.0
feature.Seral.immature,24,240,10.0,0.0,10000.0,1.0,1.0,701.9639892578125,0.0
feature.Seral.immature,25,250,10.0,0.0,10000.0,1.0,1.0,765.1489868164062,0.0
feature.Seral.immature,26,260,10.0,0.0,10000.0,1.0,1.0,745.7470092773438,0.0
feature.Seral.immature,27,270,10.0,0.0,10000.0,1.0,1.0,720.1680297851562,0.0
feature.Seral.immature,28,280,10.0,0.0,10000.0,1.0,1.0,636.1669921875,0.0
feature.Seral.immature,29,290,10.0,0.0,10000.0,1.0,1.0,749.1619873046875,0.0
feature.Seral.immature,30,300,10.0,0.0,10000.0,1.0,1.0,671.156982421875,0.0
