TARGET,PERIOD,YEAR,PERIODWIDTH,MINIMUM,MAXIMUM,MINWEIGHT,MAXWEIGHT,CURRENT,SUMMARY
feature.Area.og2.total,0,0,10.0,0.0,10000.0,1.0,1.0,250.7050018310547,0.0
feature.Area.og2.total,1,10,10.0,0.0,10000.0,1.0,1.0,253.55799865722656,0.0
feature.Area.og2.total,2,20,10.0,0.0,10000.0,1.0,1.0,301.8420104980469,0.0
feature.Area.og2.total,3,30,10.0,0.0,10000.0,1.0,1.0,301.8420104980469,0.0
feature.Area.og2.total,4,40,10.0,0.0,10000.0,1.0,1.0,300.7879943847656,0.0
feature.Area.og2.total,5,50,10.0,0.0,10000.0,1.0,1.0,303.43798828125,0.0
feature.Area.og2.total,6,60,10.0,0.0,10000.0,1.0,1.0,308.4419860839844,0.0
feature.Area.og2.total,7,70,10.0,0.0,10000.0,1.0,1.0,307.5150146484375,0.0
feature.Area.og2.total,8,80,10.0,0.0,10000.0,1.0,1.0,300.8380126953125,0.0
feature.Area.og2.total,9,90,10.0,0.0,10000.0,1.0,1.0,299.34100341796875,0.0
feature.Area.og2.total,10,100,10.0,0.0,10000.0,1.0,1.0,300.1969909667969,0.0
feature.Area.og2.total,11,110,10.0,0.0,10000.0,1.0,1.0,294.6210021972656,0.0
feature.Area.og2.total,12,120,10.0,0.0,10000.0,1.0,1.0,287.7569885253906,0.0
feature.Area.og2.total,13,130,10.0,0.0,10000.0,1.0,1.0,346.4779968261719,0.0
feature.Area.og2.total,14,140,10.0,0.0,10000.0,1.0,1.0,346.4779968261719,0.0
feature.Area.og2.total,15,150,10.0,0.0,10000.0,1.0,1.0,365.56298828125,0.0
feature.Area.og2.total,16,160,10.0,0.0,10000.0,1.0,1.0,365.9939880371094,0.0
feature.Area.og2.total,17,170,10.0,0.0,10000.0,1.0,1.0,366.0589904785156,0.0
feature.Area.og2.total,18,180,10.0,0.0,10000.0,1.0,1.0,372.3169860839844,0.0
feature.Area.og2.total,19,190,10.0,0.0,10000.0,1.0,1.0,408.6780090332031,0.0
feature.Area.og2.total,20,200,10.0,0.0,10000.0,1.0,1.0,527.1950073242188,0.0
feature.Area.og2.total,21,210,10.0,0.0,10000.0,1.0,1.0,660.468994140625,0.0
feature.Area.og2.total,22,220,10.0,0.0,10000.0,1.0,1.0,687.6519775390625,0.0
feature.Area.og2.total,23,230,10.0,0.0,10000.0,1.0,1.0,687.6519775390625,0.0
feature.Area.og2.total,24,240,10.0,0.0,10000.0,1.0,1.0,670.72998046875,0.0
feature.Area.og2.total,25,250,10.0,0.0,10000.0,1.0,1.0,670.72998046875,0.0
feature.Area.og2.total,26,260,10.0,0.0,10000.0,1.0,1.0,670.72998046875,0.0
feature.Area.og2.total,27,270,10.0,0.0,10000.0,1.0,1.0,670.72998046875,0.0
feature.Area.og2.total,28,280,10.0,0.0,10000.0,1.0,1.0,670.72998046875,0.0
feature.Area.og2.total,29,290,10.0,0.0,10000.0,1.0,1.0,677.5260009765625,0.0
feature.Area.og2.total,30,300,10.0,0.0,10000.0,1.0,1.0,678.3499755859375,0.0
