TARGET,PERIOD,YEAR,PERIODWIDTH,MINIMUM,MAXIMUM,MINWEIGHT,MAXWEIGHT,CURRENT,SUMMARY
product.Yield.managed.SS,0,0,10.0,0.0,10000.0,1.0,1.0,0.0,0.0
product.Yield.managed.SS,1,10,10.0,0.0,10000.0,1.0,1.0,161.4199981689453,0.0
product.Yield.managed.SS,2,20,10.0,0.0,10000.0,1.0,1.0,125.66699981689453,0.0
product.Yield.managed.SS,3,30,10.0,0.0,10000.0,1.0,1.0,4200.68994140625,0.0
product.Yield.managed.SS,4,40,10.0,0.0,10000.0,1.0,1.0,137.31700134277344,0.0
product.Yield.managed.SS,5,50,10.0,0.0,10000.0,1.0,1.0,138.05499267578125,0.0
product.Yield.managed.SS,6,60,10.0,0.0,10000.0,1.0,1.0,148.66000366210938,0.0
product.Yield.managed.SS,7,70,10.0,0.0,10000.0,1.0,1.0,138.88099670410156,0.0
product.Yield.managed.SS,8,80,10.0,0.0,10000.0,1.0,1.0,1098.487060546875,0.0
product.Yield.managed.SS,9,90,10.0,0.0,10000.0,1.0,1.0,272.239013671875,0.0
product.Yield.managed.SS,10,100,10.0,0.0,10000.0,1.0,1.0,224.5919952392578,0.0
product.Yield.managed.SS,11,110,10.0,0.0,10000.0,1.0,1.0,133.34800720214844,0.0
product.Yield.managed.SS,12,120,10.0,0.0,10000.0,1.0,1.0,176.66099548339844,0.0
product.Yield.managed.SS,13,130,10.0,0.0,10000.0,1.0,1.0,3345.2890625,0.0
product.Yield.managed.SS,14,140,10.0,0.0,10000.0,1.0,1.0,135.5260009765625,0.0
product.Yield.managed.SS,15,150,10.0,0.0,10000.0,1.0,1.0,200.1269989013672,0.0
product.Yield.managed.SS,16,160,10.0,0.0,10000.0,1.0,1.0,139.1280059814453,0.0
product.Yield.managed.SS,17,170,10.0,0.0,10000.0,1.0,1.0,137.5800018310547,0.0
product.Yield.managed.SS,18,180,10.0,0.0,10000.0,1.0,1.0,254.28700256347656,0.0
product.Yield.managed.SS,19,190,10.0,0.0,10000.0,1.0,1.0,148.05099487304688,0.0
product.Yield.managed.SS,20,200,10.0,0.0,10000.0,1.0,1.0,237.8470001220703,0.0
product.Yield.managed.SS,21,210,10.0,0.0,10000.0,1.0,1.0,987.25,0.0
product.Yield.managed.SS,22,220,10.0,0.0,10000.0,1.0,1.0,3193.284912109375,0.0
product.Yield.managed.SS,23,230,10.0,0.0,10000.0,1.0,1.0,132.43499755859375,0.0
product.Yield.managed.SS,24,240,10.0,0.0,10000.0,1.0,1.0,242.13900756835938,0.0
product.Yield.managed.SS,25,250,10.0,0.0,10000.0,1.0,1.0,196.2740020751953,0.0
product.Yield.managed.SS,26,260,10.0,0.0,10000.0,1.0,1.0,132.5279998779297,0.0
product.Yield.managed.SS,27,270,10.0,0.0,10000.0,1.0,1.0,140.09100341796875,0.0
product.Yield.managed.SS,28,280,10.0,0.0,10000.0,1.0,1.0,158.47900390625,0.0
product.Yield.managed.SS,29,290,10.0,0.0,10000.0,1.0,1.0,998.0880126953125,0.0
product.Yield.managed.SS,30,300,10.0,0.0,10000.0,1.0,1.0,145.91400146484375,0.0
