TARGET,PERIOD,YEAR,PERIODWIDTH,MINIMUM,MAXIMUM,MINWEIGHT,MAXWEIGHT,CURRENT,SUMMARY
product.Yield.managed.HW,0,0,10.0,0.0,10000.0,1.0,1.0,0.0,0.0
product.Yield.managed.HW,1,10,10.0,0.0,10000.0,1.0,1.0,52026.02734375,0.0
product.Yield.managed.HW,2,20,10.0,0.0,10000.0,1.0,1.0,55765.67578125,0.0
product.Yield.managed.HW,3,30,10.0,0.0,10000.0,1.0,1.0,52047.06640625,0.0
product.Yield.managed.HW,4,40,10.0,0.0,10000.0,1.0,1.0,40869.203125,0.0
product.Yield.managed.HW,5,50,10.0,0.0,10000.0,1.0,1.0,34317.08984375,0.0
product.Yield.managed.HW,6,60,10.0,0.0,10000.0,1.0,1.0,32336.568359375,0.0
product.Yield.managed.HW,7,70,10.0,0.0,10000.0,1.0,1.0,34259.15625,0.0
product.Yield.managed.HW,8,80,10.0,0.0,10000.0,1.0,1.0,42108.58203125,0.0
product.Yield.managed.HW,9,90,10.0,0.0,10000.0,1.0,1.0,56942.21875,0.0
product.Yield.managed.HW,10,100,10.0,0.0,10000.0,1.0,1.0,52471.55859375,0.0
product.Yield.managed.HW,11,110,10.0,0.0,10000.0,1.0,1.0,55429.51171875,0.0
product.Yield.managed.HW,12,120,10.0,0.0,10000.0,1.0,1.0,54813.10546875,0.0
product.Yield.managed.HW,13,130,10.0,0.0,10000.0,1.0,1.0,36648.68359375,0.0
product.Yield.managed.HW,14,140,10.0,0.0,10000.0,1.0,1.0,45760.640625,0.0
product.Yield.managed.HW,15,150,10.0,0.0,10000.0,1.0,1.0,28630.654296875,0.0
product.Yield.managed.HW,16,160,10.0,0.0,10000.0,1.0,1.0,34082.921875,0.0
product.Yield.managed.HW,17,170,10.0,0.0,10000.0,1.0,1.0,38397.94921875,0.0
product.Yield.managed.HW,18,180,10.0,0.0,10000.0,1.0,1.0,46833.4921875,0.0
product.Yield.managed.HW,19,190,10.0,0.0,10000.0,1.0,1.0,57133.99609375,0.0
product.Yield.managed.HW,20,200,10.0,0.0,10000.0,1.0,1.0,47405.52734375,0.0
product.Yield.managed.HW,21,210,10.0,0.0,10000.0,1.0,1.0,49448.953125,0.0
product.Yield.managed.HW,22,220,10.0,0.0,10000.0,1.0,1.0,40650.77734375,0.0
product.Yield.managed.HW,23,230,10.0,0.0,10000.0,1.0,1.0,46436.2890625,0.0
product.Yield.managed.HW,24,240,10.0,0.0,10000.0,1.0,1.0,33829.5703125,0.0
product.Yield.managed.HW,25,250,10.0,0.0,10000.0,1.0,1.0,55928.0,0.0
product.Yield.managed.HW,26,260,10.0,0.0,10000.0,1.0,1.0,32977.484375,0.0
product.Yield.managed.HW,27,270,10.0,0.0,10000.0,1.0,1.0,60926.69140625,0.0
product.Yield.managed.HW,28,280,10.0,0.0,10000.0,1.0,1.0,38485.14453125,0.0
product.Yield.managed.HW,29,290,10.0,0.0,10000.0,1.0,1.0,39383.73046875,0.0
product.Yield.managed.HW,30,300,10.0,0.0,10000.0,1.0,1.0,49892.65234375,0.0
