TARGET,PERIOD,YEAR,PERIODWIDTH,MINIMUM,MAXIMUM,MINWEIGHT,MAXWEIGHT,CURRENT,SUMMARY
product.Yield.managed.YC,0,0,10.0,0.0,10000.0,1.0,1.0,0.0,0.0
product.Yield.managed.YC,1,10,10.0,0.0,10000.0,1.0,1.0,186.9709930419922,0.0
product.Yield.managed.YC,2,20,10.0,0.0,10000.0,1.0,1.0,18.3439998626709,0.0
product.Yield.managed.YC,3,30,10.0,0.0,10000.0,1.0,1.0,105.77300262451172,0.0
product.Yield.managed.YC,4,40,10.0,0.0,10000.0,1.0,1.0,80.9739990234375,0.0
product.Yield.managed.YC,5,50,10.0,0.0,10000.0,1.0,1.0,50.59400177001953,0.0
product.Yield.managed.YC,6,60,10.0,0.0,10000.0,1.0,1.0,48.875,0.0
product.Yield.managed.YC,7,70,10.0,0.0,10000.0,1.0,1.0,149.48899841308594,0.0
product.Yield.managed.YC,8,80,10.0,0.0,10000.0,1.0,1.0,256.2090148925781,0.0
product.Yield.managed.YC,9,90,10.0,0.0,10000.0,1.0,1.0,21.488000869750977,0.0
product.Yield.managed.YC,10,100,10.0,0.0,10000.0,1.0,1.0,119.66699981689453,0.0
product.Yield.managed.YC,11,110,10.0,0.0,10000.0,1.0,1.0,62.11399841308594,0.0
product.Yield.managed.YC,12,120,10.0,0.0,10000.0,1.0,1.0,13.914999961853027,0.0
product.Yield.managed.YC,13,130,10.0,0.0,10000.0,1.0,1.0,16.020000457763672,0.0
product.Yield.managed.YC,14,140,10.0,0.0,10000.0,1.0,1.0,28.54800033569336,0.0
product.Yield.managed.YC,15,150,10.0,0.0,10000.0,1.0,1.0,189.80499267578125,0.0
product.Yield.managed.YC,16,160,10.0,0.0,10000.0,1.0,1.0,74.06900024414062,0.0
product.Yield.managed.YC,17,170,10.0,0.0,10000.0,1.0,1.0,36.867000579833984,0.0
product.Yield.managed.YC,18,180,10.0,0.0,10000.0,1.0,1.0,71.62000274658203,0.0
product.Yield.managed.YC,19,190,10.0,0.0,10000.0,1.0,1.0,38.4739990234375,0.0
product.Yield.managed.YC,20,200,10.0,0.0,10000.0,1.0,1.0,198.6219940185547,0.0
product.Yield.managed.YC,21,210,10.0,0.0,10000.0,1.0,1.0,23.341999053955078,0.0
product.Yield.managed.YC,22,220,10.0,0.0,10000.0,1.0,1.0,13.647000312805176,0.0
product.Yield.managed.YC,23,230,10.0,0.0,10000.0,1.0,1.0,273.92999267578125,0.0
product.Yield.managed.YC,24,240,10.0,0.0,10000.0,1.0,1.0,30.191999435424805,0.0
product.Yield.managed.YC,25,250,10.0,0.0,10000.0,1.0,1.0,29.16699981689453,0.0
product.Yield.managed.YC,26,260,10.0,0.0,10000.0,1.0,1.0,61.87099838256836,0.0
product.Yield.managed.YC,27,270,10.0,0.0,10000.0,1.0,1.0,0.0,0.0
product.Yield.managed.YC,28,280,10.0,0.0,10000.0,1.0,1.0,269.4580078125,0.0
product.Yield.managed.YC,29,290,10.0,0.0,10000.0,1.0,1.0,0.0,0.0
product.Yield.managed.YC,30,300,10.0,0.0,10000.0,1.0,1.0,47.73099899291992,0.0
