TARGET,PERIOD,YEAR,PERIODWIDTH,MINIMUM,MAXIMUM,MINWEIGHT,MAXWEIGHT,CURRENT,SUMMARY
product.Yield.managed.HW,0,0,10.0,0.0,10000.0,1.0,1.0,0.0,0.0
product.Yield.managed.HW,1,10,10.0,0.0,10000.0,1.0,1.0,58091.84375,0.0
product.Yield.managed.HW,2,20,10.0,0.0,10000.0,1.0,1.0,55129.6328125,0.0
product.Yield.managed.HW,3,30,10.0,0.0,10000.0,1.0,1.0,56609.96484375,0.0
product.Yield.managed.HW,4,40,10.0,0.0,10000.0,1.0,1.0,58936.90234375,0.0
product.Yield.managed.HW,5,50,10.0,0.0,10000.0,1.0,1.0,41747.59375,0.0
product.Yield.managed.HW,6,60,10.0,0.0,10000.0,1.0,1.0,32420.947265625,0.0
product.Yield.managed.HW,7,70,10.0,0.0,10000.0,1.0,1.0,39994.59765625,0.0
product.Yield.managed.HW,8,80,10.0,0.0,10000.0,1.0,1.0,45628.83203125,0.0
product.Yield.managed.HW,9,90,10.0,0.0,10000.0,1.0,1.0,65591.1171875,0.0
product.Yield.managed.HW,10,100,10.0,0.0,10000.0,1.0,1.0,63806.33984375,0.0
product.Yield.managed.HW,11,110,10.0,0.0,10000.0,1.0,1.0,51118.8671875,0.0
product.Yield.managed.HW,12,120,10.0,0.0,10000.0,1.0,1.0,60067.96875,0.0
product.Yield.managed.HW,13,130,10.0,0.0,10000.0,1.0,1.0,41319.1796875,0.0
product.Yield.managed.HW,14,140,10.0,0.0,10000.0,1.0,1.0,26321.697265625,0.0
product.Yield.managed.HW,15,150,10.0,0.0,10000.0,1.0,1.0,59562.92578125,0.0
product.Yield.managed.HW,16,160,10.0,0.0,10000.0,1.0,1.0,35622.05859375,0.0
product.Yield.managed.HW,17,170,10.0,0.0,10000.0,1.0,1.0,58882.44921875,0.0
product.Yield.managed.HW,18,180,10.0,0.0,10000.0,1.0,1.0,56618.7421875,0.0
product.Yield.managed.HW,19,190,10.0,0.0,10000.0,1.0,1.0,65330.24609375,0.0
product.Yield.managed.HW,20,200,10.0,0.0,10000.0,1.0,1.0,43584.05859375,0.0
product.Yield.managed.HW,21,210,10.0,0.0,10000.0,1.0,1.0,64159.171875,0.0
product.Yield.managed.HW,22,220,10.0,0.0,10000.0,1.0,1.0,52337.2265625,0.0
product.Yield.managed.HW,23,230,10.0,0.0,10000.0,1.0,1.0,54130.12109375,0.0
product.Yield.managed.HW,24,240,10.0,0.0,10000.0,1.0,1.0,50461.1875,0.0
product.Yield.managed.HW,25,250,10.0,0.0,10000.0,1.0,1.0,43537.82421875,0.0
product.Yield.managed.HW,26,260,10.0,0.0,10000.0,1.0,1.0,63320.734375,0.0
product.Yield.managed.HW,27,270,10.0,0.0,10000.0,1.0,1.0,46280.203125,0.0
product.Yield.managed.HW,28,280,10.0,0.0,10000.0,1.0,1.0,59804.36328125,0.0
product.Yield.managed.HW,29,290,10.0,0.0,10000.0,1.0,1.0,27736.408203125,0.0
product.Yield.managed.HW,30,300,10.0,0.0,10000.0,1.0,1.0,63929.39453125,0.0
