TARGET,PERIOD,YEAR,PERIODWIDTH,MINIMUM,MAXIMUM,MINWEIGHT,MAXWEIGHT,CURRENT,SUMMARY
product.Yield.managed.YC,0,0,10.0,0.0,10000.0,1.0,1.0,0.0,0.0
product.Yield.managed.YC,1,10,10.0,0.0,10000.0,1.0,1.0,272.9129943847656,0.0
product.Yield.managed.YC,2,20,10.0,0.0,10000.0,1.0,1.0,173.4810028076172,0.0
product.Yield.managed.YC,3,30,10.0,0.0,10000.0,1.0,1.0,87.71099853515625,0.0
product.Yield.managed.YC,4,40,10.0,0.0,10000.0,1.0,1.0,1.1790000200271606,0.0
product.Yield.managed.YC,5,50,10.0,0.0,10000.0,1.0,1.0,12.189000129699707,0.0
product.Yield.managed.YC,6,60,10.0,0.0,10000.0,1.0,1.0,163.7830047607422,0.0
product.Yield.managed.YC,7,70,10.0,0.0,10000.0,1.0,1.0,0.0,0.0
product.Yield.managed.YC,8,80,10.0,0.0,10000.0,1.0,1.0,0.0,0.0
product.Yield.managed.YC,9,90,10.0,0.0,10000.0,1.0,1.0,16.496000289916992,0.0
product.Yield.managed.YC,10,100,10.0,0.0,10000.0,1.0,1.0,183.66099548339844,0.0
product.Yield.managed.YC,11,110,10.0,0.0,10000.0,1.0,1.0,10.119000434875488,0.0
product.Yield.managed.YC,12,120,10.0,0.0,10000.0,1.0,1.0,78.59100341796875,0.0
product.Yield.managed.YC,13,130,10.0,0.0,10000.0,1.0,1.0,21.895000457763672,0.0
product.Yield.managed.YC,14,140,10.0,0.0,10000.0,1.0,1.0,84.96700286865234,0.0
product.Yield.managed.YC,15,150,10.0,0.0,10000.0,1.0,1.0,22.344999313354492,0.0
product.Yield.managed.YC,16,160,10.0,0.0,10000.0,1.0,1.0,27.687999725341797,0.0
product.Yield.managed.YC,17,170,10.0,0.0,10000.0,1.0,1.0,25.961999893188477,0.0
product.Yield.managed.YC,18,180,10.0,0.0,10000.0,1.0,1.0,19.4060001373291,0.0
product.Yield.managed.YC,19,190,10.0,0.0,10000.0,1.0,1.0,102.63999938964844,0.0
product.Yield.managed.YC,20,200,10.0,0.0,10000.0,1.0,1.0,84.8010025024414,0.0
product.Yield.managed.YC,21,210,10.0,0.0,10000.0,1.0,1.0,188.0570068359375,0.0
product.Yield.managed.YC,22,220,10.0,0.0,10000.0,1.0,1.0,115.11900329589844,0.0
product.Yield.managed.YC,23,230,10.0,0.0,10000.0,1.0,1.0,0.23199999332427979,0.0
product.Yield.managed.YC,24,240,10.0,0.0,10000.0,1.0,1.0,22.035999298095703,0.0
product.Yield.managed.YC,25,250,10.0,0.0,10000.0,1.0,1.0,129.36099243164062,0.0
product.Yield.managed.YC,26,260,10.0,0.0,10000.0,1.0,1.0,35.512001037597656,0.0
product.Yield.managed.YC,27,270,10.0,0.0,10000.0,1.0,1.0,55.766998291015625,0.0
product.Yield.managed.YC,28,280,10.0,0.0,10000.0,1.0,1.0,66.94400024414062,0.0
product.Yield.managed.YC,29,290,10.0,0.0,10000.0,1.0,1.0,27.687999725341797,0.0
product.Yield.managed.YC,30,300,10.0,0.0,10000.0,1.0,1.0,122.6709976196289,0.0
