TARGET,PERIOD,YEAR,PERIODWIDTH,MINIMUM,MAXIMUM,MINWEIGHT,MAXWEIGHT,CURRENT,SUMMARY
product.Yield.managed.PLC,0,0,10.0,0.0,10000.0,1.0,1.0,0.0,0.0
product.Yield.managed.PLC,1,10,10.0,0.0,10000.0,1.0,1.0,55.19599914550781,0.0
product.Yield.managed.PLC,2,20,10.0,0.0,10000.0,1.0,1.0,34.5989990234375,0.0
product.Yield.managed.PLC,3,30,10.0,0.0,10000.0,1.0,1.0,17.468000411987305,0.0
product.Yield.managed.PLC,4,40,10.0,0.0,10000.0,1.0,1.0,0.23899999260902405,0.0
product.Yield.managed.PLC,5,50,10.0,0.0,10000.0,1.0,1.0,2.4649999141693115,0.0
product.Yield.managed.PLC,6,60,10.0,0.0,10000.0,1.0,1.0,32.93899917602539,0.0
product.Yield.managed.PLC,7,70,10.0,0.0,10000.0,1.0,1.0,0.0,0.0
product.Yield.managed.PLC,8,80,10.0,0.0,10000.0,1.0,1.0,0.0,0.0
product.Yield.managed.PLC,9,90,10.0,0.0,10000.0,1.0,1.0,3.306999921798706,0.0
product.Yield.managed.PLC,10,100,10.0,0.0,10000.0,1.0,1.0,36.66899871826172,0.0
product.Yield.managed.PLC,11,110,10.0,0.0,10000.0,1.0,1.0,2.0,0.0
product.Yield.managed.PLC,12,120,10.0,0.0,10000.0,1.0,1.0,15.677000045776367,0.0
product.Yield.managed.PLC,13,130,10.0,0.0,10000.0,1.0,1.0,4.389999866485596,0.0
product.Yield.managed.PLC,14,140,10.0,0.0,10000.0,1.0,1.0,16.652999877929688,0.0
product.Yield.managed.PLC,15,150,10.0,0.0,10000.0,1.0,1.0,4.454999923706055,0.0
product.Yield.managed.PLC,16,160,10.0,0.0,10000.0,1.0,1.0,5.538000106811523,0.0
product.Yield.managed.PLC,17,170,10.0,0.0,10000.0,1.0,1.0,5.251999855041504,0.0
product.Yield.managed.PLC,18,180,10.0,0.0,10000.0,1.0,1.0,3.8320000171661377,0.0
product.Yield.managed.PLC,19,190,10.0,0.0,10000.0,1.0,1.0,20.128000259399414,0.0
product.Yield.managed.PLC,20,200,10.0,0.0,10000.0,1.0,1.0,16.93000030517578,0.0
product.Yield.managed.PLC,21,210,10.0,0.0,10000.0,1.0,1.0,37.72600173950195,0.0
product.Yield.managed.PLC,22,220,10.0,0.0,10000.0,1.0,1.0,23.409000396728516,0.0
product.Yield.managed.PLC,23,230,10.0,0.0,10000.0,1.0,1.0,0.04800000041723251,0.0
product.Yield.managed.PLC,24,240,10.0,0.0,10000.0,1.0,1.0,4.551000118255615,0.0
product.Yield.managed.PLC,25,250,10.0,0.0,10000.0,1.0,1.0,26.500999450683594,0.0
product.Yield.managed.PLC,26,260,10.0,0.0,10000.0,1.0,1.0,6.854000091552734,0.0
product.Yield.managed.PLC,27,270,10.0,0.0,10000.0,1.0,1.0,11.387999534606934,0.0
product.Yield.managed.PLC,28,280,10.0,0.0,10000.0,1.0,1.0,12.973999977111816,0.0
product.Yield.managed.PLC,29,290,10.0,0.0,10000.0,1.0,1.0,5.538000106811523,0.0
product.Yield.managed.PLC,30,300,10.0,0.0,10000.0,1.0,1.0,24.402999877929688,0.0
