TARGET,PERIOD,YEAR,PERIODWIDTH,MINIMUM,MAXIMUM,MINWEIGHT,MAXWEIGHT,CURRENT,SUMMARY
product.Yield.managed.DR,0,0,10.0,0.0,10000.0,1.0,1.0,0.0,0.0
product.Yield.managed.DR,1,10,10.0,0.0,10000.0,1.0,1.0,912.5689697265625,0.0
product.Yield.managed.DR,2,20,10.0,0.0,10000.0,1.0,1.0,1451.4599609375,0.0
product.Yield.managed.DR,3,30,10.0,0.0,10000.0,1.0,1.0,2194.512939453125,0.0
product.Yield.managed.DR,4,40,10.0,0.0,10000.0,1.0,1.0,1588.5279541015625,0.0
product.Yield.managed.DR,5,50,10.0,0.0,10000.0,1.0,1.0,1876.5419921875,0.0
product.Yield.managed.DR,6,60,10.0,0.0,10000.0,1.0,1.0,3521.904052734375,0.0
product.Yield.managed.DR,7,70,10.0,0.0,10000.0,1.0,1.0,1592.3050537109375,0.0
product.Yield.managed.DR,8,80,10.0,0.0,10000.0,1.0,1.0,1299.0169677734375,0.0
product.Yield.managed.DR,9,90,10.0,0.0,10000.0,1.0,1.0,1593.488037109375,0.0
product.Yield.managed.DR,10,100,10.0,0.0,10000.0,1.0,1.0,1514.6800537109375,0.0
product.Yield.managed.DR,11,110,10.0,0.0,10000.0,1.0,1.0,1132.3740234375,0.0
product.Yield.managed.DR,12,120,10.0,0.0,10000.0,1.0,1.0,1917.9169921875,0.0
product.Yield.managed.DR,13,130,10.0,0.0,10000.0,1.0,1.0,3111.31494140625,0.0
product.Yield.managed.DR,14,140,10.0,0.0,10000.0,1.0,1.0,1524.616943359375,0.0
product.Yield.managed.DR,15,150,10.0,0.0,10000.0,1.0,1.0,1544.5269775390625,0.0
product.Yield.managed.DR,16,160,10.0,0.0,10000.0,1.0,1.0,4302.94091796875,0.0
product.Yield.managed.DR,17,170,10.0,0.0,10000.0,1.0,1.0,3925.487060546875,0.0
product.Yield.managed.DR,18,180,10.0,0.0,10000.0,1.0,1.0,3172.47998046875,0.0
product.Yield.managed.DR,19,190,10.0,0.0,10000.0,1.0,1.0,1566.281982421875,0.0
product.Yield.managed.DR,20,200,10.0,0.0,10000.0,1.0,1.0,1242.5989990234375,0.0
product.Yield.managed.DR,21,210,10.0,0.0,10000.0,1.0,1.0,1694.6650390625,0.0
product.Yield.managed.DR,22,220,10.0,0.0,10000.0,1.0,1.0,1354.552001953125,0.0
product.Yield.managed.DR,23,230,10.0,0.0,10000.0,1.0,1.0,2628.719970703125,0.0
product.Yield.managed.DR,24,240,10.0,0.0,10000.0,1.0,1.0,1890.9300537109375,0.0
product.Yield.managed.DR,25,250,10.0,0.0,10000.0,1.0,1.0,1558.77294921875,0.0
product.Yield.managed.DR,26,260,10.0,0.0,10000.0,1.0,1.0,1610.010986328125,0.0
product.Yield.managed.DR,27,270,10.0,0.0,10000.0,1.0,1.0,4304.294921875,0.0
product.Yield.managed.DR,28,280,10.0,0.0,10000.0,1.0,1.0,1428.532958984375,0.0
product.Yield.managed.DR,29,290,10.0,0.0,10000.0,1.0,1.0,3257.625,0.0
product.Yield.managed.DR,30,300,10.0,0.0,10000.0,1.0,1.0,2752.301025390625,0.0
