TARGET,PERIOD,YEAR,PERIODWIDTH,MINIMUM,MAXIMUM,MINWEIGHT,MAXWEIGHT,CURRENT,SUMMARY
product.Yield.managed.FDC,0,0,10.0,0.0,10000.0,1.0,1.0,0.0,0.0
product.Yield.managed.FDC,1,10,10.0,0.0,10000.0,1.0,1.0,30609.677734375,0.0
product.Yield.managed.FDC,2,20,10.0,0.0,10000.0,1.0,1.0,25764.6953125,0.0
product.Yield.managed.FDC,3,30,10.0,0.0,10000.0,1.0,1.0,20726.66796875,0.0
product.Yield.managed.FDC,4,40,10.0,0.0,10000.0,1.0,1.0,21765.794921875,0.0
product.Yield.managed.FDC,5,50,10.0,0.0,10000.0,1.0,1.0,39129.47265625,0.0
product.Yield.managed.FDC,6,60,10.0,0.0,10000.0,1.0,1.0,50055.25,0.0
product.Yield.managed.FDC,7,70,10.0,0.0,10000.0,1.0,1.0,42300.99609375,0.0
product.Yield.managed.FDC,8,80,10.0,0.0,10000.0,1.0,1.0,31539.15625,0.0
product.Yield.managed.FDC,9,90,10.0,0.0,10000.0,1.0,1.0,13919.494140625,0.0
product.Yield.managed.FDC,10,100,10.0,0.0,10000.0,1.0,1.0,12865.380859375,0.0
product.Yield.managed.FDC,11,110,10.0,0.0,10000.0,1.0,1.0,29680.5703125,0.0
product.Yield.managed.FDC,12,120,10.0,0.0,10000.0,1.0,1.0,19265.6015625,0.0
product.Yield.managed.FDC,13,130,10.0,0.0,10000.0,1.0,1.0,38578.78125,0.0
product.Yield.managed.FDC,14,140,10.0,0.0,10000.0,1.0,1.0,56566.640625,0.0
product.Yield.managed.FDC,15,150,10.0,0.0,10000.0,1.0,1.0,18900.84765625,0.0
product.Yield.managed.FDC,16,160,10.0,0.0,10000.0,1.0,1.0,44894.03515625,0.0
product.Yield.managed.FDC,17,170,10.0,0.0,10000.0,1.0,1.0,18191.908203125,0.0
product.Yield.managed.FDC,18,180,10.0,0.0,10000.0,1.0,1.0,18203.568359375,0.0
product.Yield.managed.FDC,19,190,10.0,0.0,10000.0,1.0,1.0,12798.09765625,0.0
product.Yield.managed.FDC,20,200,10.0,0.0,10000.0,1.0,1.0,37308.59765625,0.0
product.Yield.managed.FDC,21,210,10.0,0.0,10000.0,1.0,1.0,14720.8857421875,0.0
product.Yield.managed.FDC,22,220,10.0,0.0,10000.0,1.0,1.0,26949.33984375,0.0
product.Yield.managed.FDC,23,230,10.0,0.0,10000.0,1.0,1.0,24325.96875,0.0
product.Yield.managed.FDC,24,240,10.0,0.0,10000.0,1.0,1.0,29931.962890625,0.0
product.Yield.managed.FDC,25,250,10.0,0.0,10000.0,1.0,1.0,37631.625,0.0
product.Yield.managed.FDC,26,260,10.0,0.0,10000.0,1.0,1.0,14454.595703125,0.0
product.Yield.managed.FDC,27,270,10.0,0.0,10000.0,1.0,1.0,31946.78515625,0.0
product.Yield.managed.FDC,28,280,10.0,0.0,10000.0,1.0,1.0,17431.01171875,0.0
product.Yield.managed.FDC,29,290,10.0,0.0,10000.0,1.0,1.0,53142.40625,0.0
product.Yield.managed.FDC,30,300,10.0,0.0,10000.0,1.0,1.0,13892.9716796875,0.0
