TARGET,PERIOD,YEAR,PERIODWIDTH,MINIMUM,MAXIMUM,MINWEIGHT,MAXWEIGHT,CURRENT,SUMMARY
product.Yield.managed.FDC,0,0,10.0,0.0,10000.0,1.0,1.0,0.0,0.0
product.Yield.managed.FDC,1,10,10.0,0.0,10000.0,1.0,1.0,24137.056640625,0.0
product.Yield.managed.FDC,2,20,10.0,0.0,10000.0,1.0,1.0,17288.21484375,0.0
product.Yield.managed.FDC,3,30,10.0,0.0,10000.0,1.0,1.0,18449.45703125,0.0
product.Yield.managed.FDC,4,40,10.0,0.0,10000.0,1.0,1.0,32459.462890625,0.0
product.Yield.managed.FDC,5,50,10.0,0.0,10000.0,1.0,1.0,39663.0234375,0.0
product.Yield.managed.FDC,6,60,10.0,0.0,10000.0,1.0,1.0,41331.69140625,0.0
product.Yield.managed.FDC,7,70,10.0,0.0,10000.0,1.0,1.0,43940.703125,0.0
product.Yield.managed.FDC,8,80,10.0,0.0,10000.0,1.0,1.0,30701.365234375,0.0
product.Yield.managed.FDC,9,90,10.0,0.0,10000.0,1.0,1.0,12022.1591796875,0.0
product.Yield.managed.FDC,10,100,10.0,0.0,10000.0,1.0,1.0,15349.7626953125,0.0
product.Yield.managed.FDC,11,110,10.0,0.0,10000.0,1.0,1.0,15766.2490234375,0.0
product.Yield.managed.FDC,12,120,10.0,0.0,10000.0,1.0,1.0,15699.748046875,0.0
product.Yield.managed.FDC,13,130,10.0,0.0,10000.0,1.0,1.0,33286.2265625,0.0
product.Yield.managed.FDC,14,140,10.0,0.0,10000.0,1.0,1.0,25262.865234375,0.0
product.Yield.managed.FDC,15,150,10.0,0.0,10000.0,1.0,1.0,44626.68359375,0.0
product.Yield.managed.FDC,16,160,10.0,0.0,10000.0,1.0,1.0,39448.7890625,0.0
product.Yield.managed.FDC,17,170,10.0,0.0,10000.0,1.0,1.0,34643.33984375,0.0
product.Yield.managed.FDC,18,180,10.0,0.0,10000.0,1.0,1.0,23636.76171875,0.0
product.Yield.managed.FDC,19,190,10.0,0.0,10000.0,1.0,1.0,12577.3642578125,0.0
product.Yield.managed.FDC,20,200,10.0,0.0,10000.0,1.0,1.0,23204.23046875,0.0
product.Yield.managed.FDC,21,210,10.0,0.0,10000.0,1.0,1.0,21129.556640625,0.0
product.Yield.managed.FDC,22,220,10.0,0.0,10000.0,1.0,1.0,28938.11328125,0.0
product.Yield.managed.FDC,23,230,10.0,0.0,10000.0,1.0,1.0,25733.681640625,0.0
product.Yield.managed.FDC,24,240,10.0,0.0,10000.0,1.0,1.0,38212.17578125,0.0
product.Yield.managed.FDC,25,250,10.0,0.0,10000.0,1.0,1.0,12633.69921875,0.0
product.Yield.managed.FDC,26,260,10.0,0.0,10000.0,1.0,1.0,40558.21484375,0.0
product.Yield.managed.FDC,27,270,10.0,0.0,10000.0,1.0,1.0,9644.7744140625,0.0
product.Yield.managed.FDC,28,280,10.0,0.0,10000.0,1.0,1.0,33378.33203125,0.0
product.Yield.managed.FDC,29,290,10.0,0.0,10000.0,1.0,1.0,31117.005859375,0.0
product.Yield.managed.FDC,30,300,10.0,0.0,10000.0,1.0,1.0,21904.166015625,0.0
