TARGET,PERIOD,YEAR,PERIODWIDTH,MINIMUM,MAXIMUM,MINWEIGHT,MAXWEIGHT,CURRENT,SUMMARY
product.Yield.managed.CW,0,0,10.0,0.0,10000.0,1.0,1.0,0.0,0.0
product.Yield.managed.CW,1,10,10.0,0.0,10000.0,1.0,1.0,11614.7890625,0.0
product.Yield.managed.CW,2,20,10.0,0.0,10000.0,1.0,1.0,13099.4453125,0.0
product.Yield.managed.CW,3,30,10.0,0.0,10000.0,1.0,1.0,12679.28125,0.0
product.Yield.managed.CW,4,40,10.0,0.0,10000.0,1.0,1.0,14737.8212890625,0.0
product.Yield.managed.CW,5,50,10.0,0.0,10000.0,1.0,1.0,14033.5107421875,0.0
product.Yield.managed.CW,6,60,10.0,0.0,10000.0,1.0,1.0,14339.4384765625,0.0
product.Yield.managed.CW,7,70,10.0,0.0,10000.0,1.0,1.0,9836.75,0.0
product.Yield.managed.CW,8,80,10.0,0.0,10000.0,1.0,1.0,12021.4912109375,0.0
product.Yield.managed.CW,9,90,10.0,0.0,10000.0,1.0,1.0,16515.5390625,0.0
product.Yield.managed.CW,10,100,10.0,0.0,10000.0,1.0,1.0,17792.796875,0.0
product.Yield.managed.CW,11,110,10.0,0.0,10000.0,1.0,1.0,16926.515625,0.0
product.Yield.managed.CW,12,120,10.0,0.0,10000.0,1.0,1.0,16839.521484375,0.0
product.Yield.managed.CW,13,130,10.0,0.0,10000.0,1.0,1.0,14376.75,0.0
product.Yield.managed.CW,14,140,10.0,0.0,10000.0,1.0,1.0,16704.658203125,0.0
product.Yield.managed.CW,15,150,10.0,0.0,10000.0,1.0,1.0,13686.8251953125,0.0
product.Yield.managed.CW,16,160,10.0,0.0,10000.0,1.0,1.0,14548.67578125,0.0
product.Yield.managed.CW,17,170,10.0,0.0,10000.0,1.0,1.0,15031.994140625,0.0
product.Yield.managed.CW,18,180,10.0,0.0,10000.0,1.0,1.0,15489.9423828125,0.0
product.Yield.managed.CW,19,190,10.0,0.0,10000.0,1.0,1.0,16887.34375,0.0
product.Yield.managed.CW,20,200,10.0,0.0,10000.0,1.0,1.0,15626.1982421875,0.0
product.Yield.managed.CW,21,210,10.0,0.0,10000.0,1.0,1.0,16431.962890625,0.0
product.Yield.managed.CW,22,220,10.0,0.0,10000.0,1.0,1.0,14825.419921875,0.0
product.Yield.managed.CW,23,230,10.0,0.0,10000.0,1.0,1.0,15926.5615234375,0.0
product.Yield.managed.CW,24,240,10.0,0.0,10000.0,1.0,1.0,14089.9833984375,0.0
product.Yield.managed.CW,25,250,10.0,0.0,10000.0,1.0,1.0,18573.25390625,0.0
product.Yield.managed.CW,26,260,10.0,0.0,10000.0,1.0,1.0,14412.5078125,0.0
product.Yield.managed.CW,27,270,10.0,0.0,10000.0,1.0,1.0,17530.798828125,0.0
product.Yield.managed.CW,28,280,10.0,0.0,10000.0,1.0,1.0,14812.1962890625,0.0
product.Yield.managed.CW,29,290,10.0,0.0,10000.0,1.0,1.0,14549.0341796875,0.0
product.Yield.managed.CW,30,300,10.0,0.0,10000.0,1.0,1.0,16313.03515625,0.0
