TARGET,PERIOD,YEAR,PERIODWIDTH,MINIMUM,MAXIMUM,MINWEIGHT,MAXWEIGHT,CURRENT,SUMMARY
product.Yield.managed.DR,0,0,10.0,0.0,10000.0,1.0,1.0,0.0,0.0
product.Yield.managed.DR,1,10,10.0,0.0,10000.0,1.0,1.0,1069.948974609375,0.0
product.Yield.managed.DR,2,20,10.0,0.0,10000.0,1.0,1.0,935.2630004882812,0.0
product.Yield.managed.DR,3,30,10.0,0.0,10000.0,1.0,1.0,1962.18603515625,0.0
product.Yield.managed.DR,4,40,10.0,0.0,10000.0,1.0,1.0,1450.2989501953125,0.0
product.Yield.managed.DR,5,50,10.0,0.0,10000.0,1.0,1.0,1467.7760009765625,0.0
product.Yield.managed.DR,6,60,10.0,0.0,10000.0,1.0,1.0,1222.2550048828125,0.0
product.Yield.managed.DR,7,70,10.0,0.0,10000.0,1.0,1.0,1492.4229736328125,0.0
product.Yield.managed.DR,8,80,10.0,0.0,10000.0,1.0,1.0,3843.2919921875,0.0
product.Yield.managed.DR,9,90,10.0,0.0,10000.0,1.0,1.0,3894.327880859375,0.0
product.Yield.managed.DR,10,100,10.0,0.0,10000.0,1.0,1.0,2593.883056640625,0.0
product.Yield.managed.DR,11,110,10.0,0.0,10000.0,1.0,1.0,1435.0450439453125,0.0
product.Yield.managed.DR,12,120,10.0,0.0,10000.0,1.0,1.0,1992.3360595703125,0.0
product.Yield.managed.DR,13,130,10.0,0.0,10000.0,1.0,1.0,1850.1429443359375,0.0
product.Yield.managed.DR,14,140,10.0,0.0,10000.0,1.0,1.0,1270.8570556640625,0.0
product.Yield.managed.DR,15,150,10.0,0.0,10000.0,1.0,1.0,2584.300048828125,0.0
product.Yield.managed.DR,16,160,10.0,0.0,10000.0,1.0,1.0,1445.501953125,0.0
product.Yield.managed.DR,17,170,10.0,0.0,10000.0,1.0,1.0,1410.73095703125,0.0
product.Yield.managed.DR,18,180,10.0,0.0,10000.0,1.0,1.0,3530.009033203125,0.0
product.Yield.managed.DR,19,190,10.0,0.0,10000.0,1.0,1.0,1533.72802734375,0.0
product.Yield.managed.DR,20,200,10.0,0.0,10000.0,1.0,1.0,3050.81494140625,0.0
product.Yield.managed.DR,21,210,10.0,0.0,10000.0,1.0,1.0,1291.1929931640625,0.0
product.Yield.managed.DR,22,220,10.0,0.0,10000.0,1.0,1.0,1790.14501953125,0.0
product.Yield.managed.DR,23,230,10.0,0.0,10000.0,1.0,1.0,1447.697998046875,0.0
product.Yield.managed.DR,24,240,10.0,0.0,10000.0,1.0,1.0,3301.89599609375,0.0
product.Yield.managed.DR,25,250,10.0,0.0,10000.0,1.0,1.0,2178.0400390625,0.0
product.Yield.managed.DR,26,260,10.0,0.0,10000.0,1.0,1.0,1359.991943359375,0.0
product.Yield.managed.DR,27,270,10.0,0.0,10000.0,1.0,1.0,1406.6739501953125,0.0
product.Yield.managed.DR,28,280,10.0,0.0,10000.0,1.0,1.0,1795.3060302734375,0.0
product.Yield.managed.DR,29,290,10.0,0.0,10000.0,1.0,1.0,3639.43310546875,0.0
product.Yield.managed.DR,30,300,10.0,0.0,10000.0,1.0,1.0,1273.4620361328125,0.0
