TARGET,PERIOD,YEAR,PERIODWIDTH,MINIMUM,MAXIMUM,MINWEIGHT,MAXWEIGHT,CURRENT,SUMMARY
product.Yield.managed.BA,0,0,10.0,0.0,10000.0,1.0,1.0,0.0,0.0
product.Yield.managed.BA,1,10,10.0,0.0,10000.0,1.0,1.0,447.0780029296875,0.0
product.Yield.managed.BA,2,20,10.0,0.0,10000.0,1.0,1.0,2393.14697265625,0.0
product.Yield.managed.BA,3,30,10.0,0.0,10000.0,1.0,1.0,324.4049987792969,0.0
product.Yield.managed.BA,4,40,10.0,0.0,10000.0,1.0,1.0,88.11699676513672,0.0
product.Yield.managed.BA,5,50,10.0,0.0,10000.0,1.0,1.0,102.3740005493164,0.0
product.Yield.managed.BA,6,60,10.0,0.0,10000.0,1.0,1.0,234.125,0.0
product.Yield.managed.BA,7,70,10.0,0.0,10000.0,1.0,1.0,91.69999694824219,0.0
product.Yield.managed.BA,8,80,10.0,0.0,10000.0,1.0,1.0,115.37899780273438,0.0
product.Yield.managed.BA,9,90,10.0,0.0,10000.0,1.0,1.0,97.77200317382812,0.0
product.Yield.managed.BA,10,100,10.0,0.0,10000.0,1.0,1.0,1184.47705078125,0.0
product.Yield.managed.BA,11,110,10.0,0.0,10000.0,1.0,1.0,101.81300354003906,0.0
product.Yield.managed.BA,12,120,10.0,0.0,10000.0,1.0,1.0,157.5919952392578,0.0
product.Yield.managed.BA,13,130,10.0,0.0,10000.0,1.0,1.0,231.34300231933594,0.0
product.Yield.managed.BA,14,140,10.0,0.0,10000.0,1.0,1.0,555.7529907226562,0.0
product.Yield.managed.BA,15,150,10.0,0.0,10000.0,1.0,1.0,106.31700134277344,0.0
product.Yield.managed.BA,16,160,10.0,0.0,10000.0,1.0,1.0,115.38099670410156,0.0
product.Yield.managed.BA,17,170,10.0,0.0,10000.0,1.0,1.0,116.69499969482422,0.0
product.Yield.managed.BA,18,180,10.0,0.0,10000.0,1.0,1.0,101.177001953125,0.0
product.Yield.managed.BA,19,190,10.0,0.0,10000.0,1.0,1.0,1448.89794921875,0.0
product.Yield.managed.BA,20,200,10.0,0.0,10000.0,1.0,1.0,160.67999267578125,0.0
product.Yield.managed.BA,21,210,10.0,0.0,10000.0,1.0,1.0,288.8609924316406,0.0
product.Yield.managed.BA,22,220,10.0,0.0,10000.0,1.0,1.0,305.2929992675781,0.0
product.Yield.managed.BA,23,230,10.0,0.0,10000.0,1.0,1.0,92.63099670410156,0.0
product.Yield.managed.BA,24,240,10.0,0.0,10000.0,1.0,1.0,104.78500366210938,0.0
product.Yield.managed.BA,25,250,10.0,0.0,10000.0,1.0,1.0,200.95599365234375,0.0
product.Yield.managed.BA,26,260,10.0,0.0,10000.0,1.0,1.0,391.29400634765625,0.0
product.Yield.managed.BA,27,270,10.0,0.0,10000.0,1.0,1.0,139.69500732421875,0.0
product.Yield.managed.BA,28,280,10.0,0.0,10000.0,1.0,1.0,1153.029052734375,0.0
product.Yield.managed.BA,29,290,10.0,0.0,10000.0,1.0,1.0,136.50599670410156,0.0
product.Yield.managed.BA,30,300,10.0,0.0,10000.0,1.0,1.0,198.13800048828125,0.0
