TARGET,PERIOD,YEAR,PERIODWIDTH,MINIMUM,MAXIMUM,MINWEIGHT,MAXWEIGHT,CURRENT,SUMMARY
feature.Yield.unmanaged.CW,0,0,10.0,0.0,10000.0,1.0,1.0,69356.6640625,0.0
feature.Yield.unmanaged.CW,1,10,10.0,0.0,10000.0,1.0,1.0,74770.21875,0.0
feature.Yield.unmanaged.CW,2,20,10.0,0.0,10000.0,1.0,1.0,80183.59375,0.0
feature.Yield.unmanaged.CW,3,30,10.0,0.0,10000.0,1.0,1.0,85492.3359375,0.0
feature.Yield.unmanaged.CW,4,40,10.0,0.0,10000.0,1.0,1.0,90357.6484375,0.0
feature.Yield.unmanaged.CW,5,50,10.0,0.0,10000.0,1.0,1.0,94623.890625,0.0
feature.Yield.unmanaged.CW,6,60,10.0,0.0,10000.0,1.0,1.0,98232.3359375,0.0
feature.Yield.unmanaged.CW,7,70,10.0,0.0,10000.0,1.0,1.0,101212.78125,0.0
feature.Yield.unmanaged.CW,8,80,10.0,0.0,10000.0,1.0,1.0,103557.046875,0.0
feature.Yield.unmanaged.CW,9,90,10.0,0.0,10000.0,1.0,1.0,105295.5859375,0.0
feature.Yield.unmanaged.CW,10,100,10.0,0.0,10000.0,1.0,1.0,106456.03125,0.0
feature.Yield.unmanaged.CW,11,110,10.0,0.0,10000.0,1.0,1.0,107102.6953125,0.0
feature.Yield.unmanaged.CW,12,120,10.0,0.0,10000.0,1.0,1.0,107281.953125,0.0
feature.Yield.unmanaged.CW,13,130,10.0,0.0,10000.0,1.0,1.0,107062.34375,0.0
feature.Yield.unmanaged.CW,14,140,10.0,0.0,10000.0,1.0,1.0,106543.7890625,0.0
feature.Yield.unmanaged.CW,15,150,10.0,0.0,10000.0,1.0,1.0,105933.8046875,0.0
feature.Yield.unmanaged.CW,16,160,10.0,0.0,10000.0,1.0,1.0,105467.375,0.0
feature.Yield.unmanaged.CW,17,170,10.0,0.0,10000.0,1.0,1.0,105131.5625,0.0
feature.Yield.unmanaged.CW,18,180,10.0,0.0,10000.0,1.0,1.0,104787.78125,0.0
feature.Yield.unmanaged.CW,19,190,10.0,0.0,10000.0,1.0,1.0,104388.9921875,0.0
feature.Yield.unmanaged.CW,20,200,10.0,0.0,10000.0,1.0,1.0,103993.6875,0.0
feature.Yield.unmanaged.CW,21,210,10.0,0.0,10000.0,1.0,1.0,103606.2890625,0.0
feature.Yield.unmanaged.CW,22,220,10.0,0.0,10000.0,1.0,1.0,103218.8515625,0.0
feature.Yield.unmanaged.CW,23,230,10.0,0.0,10000.0,1.0,1.0,102833.46875,0.0
feature.Yield.unmanaged.CW,24,240,10.0,0.0,10000.0,1.0,1.0,102489.6796875,0.0
feature.Yield.unmanaged.CW,25,250,10.0,0.0,10000.0,1.0,1.0,102266.4609375,0.0
feature.Yield.unmanaged.CW,26,260,10.0,0.0,10000.0,1.0,1.0,102184.9921875,0.0
feature.Yield.unmanaged.CW,27,270,10.0,0.0,10000.0,1.0,1.0,102174.6875,0.0
feature.Yield.unmanaged.CW,28,280,10.0,0.0,10000.0,1.0,1.0,102174.6875,0.0
feature.Yield.unmanaged.CW,29,290,10.0,0.0,10000.0,1.0,1.0,102174.6875,0.0
feature.Yield.unmanaged.CW,30,300,10.0,0.0,10000.0,1.0,1.0,102174.6875,0.0
