TARGET,PERIOD,YEAR,PERIODWIDTH,MINIMUM,MAXIMUM,MINWEIGHT,MAXWEIGHT,CURRENT,SUMMARY
feature.Yield.managed.HW,0,0,10.0,0.0,10000.0,1.0,1.0,339266.59375,0.0
feature.Yield.managed.HW,1,10,10.0,0.0,10000.0,1.0,1.0,342905.78125,0.0
feature.Yield.managed.HW,2,20,10.0,0.0,10000.0,1.0,1.0,331517.21875,0.0
feature.Yield.managed.HW,3,30,10.0,0.0,10000.0,1.0,1.0,324591.09375,0.0
feature.Yield.managed.HW,4,40,10.0,0.0,10000.0,1.0,1.0,320009.34375,0.0
feature.Yield.managed.HW,5,50,10.0,0.0,10000.0,1.0,1.0,308485.21875,0.0
feature.Yield.managed.HW,6,60,10.0,0.0,10000.0,1.0,1.0,306211.78125,0.0
feature.Yield.managed.HW,7,70,10.0,0.0,10000.0,1.0,1.0,308516.9375,0.0
feature.Yield.managed.HW,8,80,10.0,0.0,10000.0,1.0,1.0,309802.5,0.0
feature.Yield.managed.HW,9,90,10.0,0.0,10000.0,1.0,1.0,300965.75,0.0
feature.Yield.managed.HW,10,100,10.0,0.0,10000.0,1.0,1.0,290976.28125,0.0
feature.Yield.managed.HW,11,110,10.0,0.0,10000.0,1.0,1.0,282608.5625,0.0
feature.Yield.managed.HW,12,120,10.0,0.0,10000.0,1.0,1.0,274405.375,0.0
feature.Yield.managed.HW,13,130,10.0,0.0,10000.0,1.0,1.0,276317.4375,0.0
feature.Yield.managed.HW,14,140,10.0,0.0,10000.0,1.0,1.0,276874.09375,0.0
feature.Yield.managed.HW,15,150,10.0,0.0,10000.0,1.0,1.0,287058.09375,0.0
feature.Yield.managed.HW,16,160,10.0,0.0,10000.0,1.0,1.0,291168.34375,0.0
feature.Yield.managed.HW,17,170,10.0,0.0,10000.0,1.0,1.0,279390.71875,0.0
feature.Yield.managed.HW,18,180,10.0,0.0,10000.0,1.0,1.0,277795.84375,0.0
feature.Yield.managed.HW,19,190,10.0,0.0,10000.0,1.0,1.0,267188.125,0.0
feature.Yield.managed.HW,20,200,10.0,0.0,10000.0,1.0,1.0,280849.4375,0.0
feature.Yield.managed.HW,21,210,10.0,0.0,10000.0,1.0,1.0,277957.28125,0.0
feature.Yield.managed.HW,22,220,10.0,0.0,10000.0,1.0,1.0,277245.53125,0.0
feature.Yield.managed.HW,23,230,10.0,0.0,10000.0,1.0,1.0,276459.15625,0.0
feature.Yield.managed.HW,24,240,10.0,0.0,10000.0,1.0,1.0,266758.25,0.0
feature.Yield.managed.HW,25,250,10.0,0.0,10000.0,1.0,1.0,258503.03125,0.0
feature.Yield.managed.HW,26,260,10.0,0.0,10000.0,1.0,1.0,242353.28125,0.0
feature.Yield.managed.HW,27,270,10.0,0.0,10000.0,1.0,1.0,245498.296875,0.0
feature.Yield.managed.HW,28,280,10.0,0.0,10000.0,1.0,1.0,241784.234375,0.0
feature.Yield.managed.HW,29,290,10.0,0.0,10000.0,1.0,1.0,256022.296875,0.0
feature.Yield.managed.HW,30,300,10.0,0.0,10000.0,1.0,1.0,244925.234375,0.0
