TARGET,PERIOD,YEAR,PERIODWIDTH,MINIMUM,MAXIMUM,MINWEIGHT,MAXWEIGHT,CURRENT,SUMMARY
feature.Seral.overmature,0,0,10.0,0.0,10000.0,1.0,1.0,427.95098876953125,0.0
feature.Seral.overmature,1,10,10.0,0.0,10000.0,1.0,1.0,426.4119873046875,0.0
feature.Seral.overmature,2,20,10.0,0.0,10000.0,1.0,1.0,430.1860046386719,0.0
feature.Seral.overmature,3,30,10.0,0.0,10000.0,1.0,1.0,457.5530090332031,0.0
feature.Seral.overmature,4,40,10.0,0.0,10000.0,1.0,1.0,690.4190063476562,0.0
feature.Seral.overmature,5,50,10.0,0.0,10000.0,1.0,1.0,895.6530151367188,0.0
feature.Seral.overmature,6,60,10.0,0.0,10000.0,1.0,1.0,823.6749877929688,0.0
feature.Seral.overmature,7,70,10.0,0.0,10000.0,1.0,1.0,792.1119995117188,0.0
feature.Seral.overmature,8,80,10.0,0.0,10000.0,1.0,1.0,779.2340087890625,0.0
feature.Seral.overmature,9,90,10.0,0.0,10000.0,1.0,1.0,800.5130004882812,0.0
feature.Seral.overmature,10,100,10.0,0.0,10000.0,1.0,1.0,802.2100219726562,0.0
feature.Seral.overmature,11,110,10.0,0.0,10000.0,1.0,1.0,793.093994140625,0.0
feature.Seral.overmature,12,120,10.0,0.0,10000.0,1.0,1.0,782.77001953125,0.0
feature.Seral.overmature,13,130,10.0,0.0,10000.0,1.0,1.0,787.7570190429688,0.0
feature.Seral.overmature,14,140,10.0,0.0,10000.0,1.0,1.0,748.2080078125,0.0
feature.Seral.overmature,15,150,10.0,0.0,10000.0,1.0,1.0,777.2919921875,0.0
feature.Seral.overmature,16,160,10.0,0.0,10000.0,1.0,1.0,783.3610229492188,0.0
feature.Seral.overmature,17,170,10.0,0.0,10000.0,1.0,1.0,819.0050048828125,0.0
feature.Seral.overmature,18,180,10.0,0.0,10000.0,1.0,1.0,820.364990234375,0.0
feature.Seral.overmature,19,190,10.0,0.0,10000.0,1.0,1.0,785.0700073242188,0.0
feature.Seral.overmature,20,200,10.0,0.0,10000.0,1.0,1.0,796.9849853515625,0.0
feature.Seral.overmature,21,210,10.0,0.0,10000.0,1.0,1.0,833.458984375,0.0
feature.Seral.overmature,22,220,10.0,0.0,10000.0,1.0,1.0,813.823974609375,0.0
feature.Seral.overmature,23,230,10.0,0.0,10000.0,1.0,1.0,838.2579956054688,0.0
feature.Seral.overmature,24,240,10.0,0.0,10000.0,1.0,1.0,858.2340087890625,0.0
feature.Seral.overmature,25,250,10.0,0.0,10000.0,1.0,1.0,922.35400390625,0.0
feature.Seral.overmature,26,260,10.0,0.0,10000.0,1.0,1.0,914.593994140625,0.0
feature.Seral.overmature,27,270,10.0,0.0,10000.0,1.0,1.0,880.3170166015625,0.0
feature.Seral.overmature,28,280,10.0,0.0,10000.0,1.0,1.0,869.7760009765625,0.0
feature.Seral.overmature,29,290,10.0,0.0,10000.0,1.0,1.0,868.5059814453125,0.0
feature.Seral.overmature,30,300,10.0,0.0,10000.0,1.0,1.0,845.489990234375,0.0
