TARGET,PERIOD,YEAR,PERIODWIDTH,MINIMUM,MAXIMUM,MINWEIGHT,MAXWEIGHT,CURRENT,SUMMARY
feature.Yield.managed.FDC,0,0,10.0,0.0,10000.0,1.0,1.0,184192.78125,0.0
feature.Yield.managed.FDC,1,10,10.0,0.0,10000.0,1.0,1.0,197244.8125,0.0
feature.Yield.managed.FDC,2,20,10.0,0.0,10000.0,1.0,1.0,217939.625,0.0
feature.Yield.managed.FDC,3,30,10.0,0.0,10000.0,1.0,1.0,228282.5,0.0
feature.Yield.managed.FDC,4,40,10.0,0.0,10000.0,1.0,1.0,216211.046875,0.0
feature.Yield.managed.FDC,5,50,10.0,0.0,10000.0,1.0,1.0,201075.59375,0.0
feature.Yield.managed.FDC,6,60,10.0,0.0,10000.0,1.0,1.0,177259.359375,0.0
feature.Yield.managed.FDC,7,70,10.0,0.0,10000.0,1.0,1.0,153263.5,0.0
feature.Yield.managed.FDC,8,80,10.0,0.0,10000.0,1.0,1.0,145017.6875,0.0
feature.Yield.managed.FDC,9,90,10.0,0.0,10000.0,1.0,1.0,147197.859375,0.0
feature.Yield.managed.FDC,10,100,10.0,0.0,10000.0,1.0,1.0,150077.75,0.0
feature.Yield.managed.FDC,11,110,10.0,0.0,10000.0,1.0,1.0,150497.171875,0.0
feature.Yield.managed.FDC,12,120,10.0,0.0,10000.0,1.0,1.0,156603.03125,0.0
feature.Yield.managed.FDC,13,130,10.0,0.0,10000.0,1.0,1.0,151571.5,0.0
feature.Yield.managed.FDC,14,140,10.0,0.0,10000.0,1.0,1.0,153893.40625,0.0
feature.Yield.managed.FDC,15,150,10.0,0.0,10000.0,1.0,1.0,142324.515625,0.0
feature.Yield.managed.FDC,16,160,10.0,0.0,10000.0,1.0,1.0,139668.734375,0.0
feature.Yield.managed.FDC,17,170,10.0,0.0,10000.0,1.0,1.0,154738.765625,0.0
feature.Yield.managed.FDC,18,180,10.0,0.0,10000.0,1.0,1.0,161424.53125,0.0
feature.Yield.managed.FDC,19,190,10.0,0.0,10000.0,1.0,1.0,175917.078125,0.0
feature.Yield.managed.FDC,20,200,10.0,0.0,10000.0,1.0,1.0,167148.03125,0.0
feature.Yield.managed.FDC,21,210,10.0,0.0,10000.0,1.0,1.0,172404.203125,0.0
feature.Yield.managed.FDC,22,220,10.0,0.0,10000.0,1.0,1.0,173565.5,0.0
feature.Yield.managed.FDC,23,230,10.0,0.0,10000.0,1.0,1.0,171413.25,0.0
feature.Yield.managed.FDC,24,240,10.0,0.0,10000.0,1.0,1.0,180870.53125,0.0
feature.Yield.managed.FDC,25,250,10.0,0.0,10000.0,1.0,1.0,178632.859375,0.0
feature.Yield.managed.FDC,26,260,10.0,0.0,10000.0,1.0,1.0,184431.4375,0.0
feature.Yield.managed.FDC,27,270,10.0,0.0,10000.0,1.0,1.0,170442.609375,0.0
feature.Yield.managed.FDC,28,280,10.0,0.0,10000.0,1.0,1.0,164975.71875,0.0
feature.Yield.managed.FDC,29,290,10.0,0.0,10000.0,1.0,1.0,149042.09375,0.0
feature.Yield.managed.FDC,30,300,10.0,0.0,10000.0,1.0,1.0,160112.53125,0.0
