TARGET,PERIOD,YEAR,PERIODWIDTH,MINIMUM,MAXIMUM,MINWEIGHT,MAXWEIGHT,CURRENT,SUMMARY
feature.Seral.young,0,0,10.0,0.0,10000.0,1.0,1.0,0.0,0.0
feature.Seral.young,1,10,10.0,0.0,10000.0,1.0,1.0,73.89199829101562,0.0
feature.Seral.young,2,20,10.0,0.0,10000.0,1.0,1.0,154.22500610351562,0.0
feature.Seral.young,3,30,10.0,0.0,10000.0,1.0,1.0,173.78799438476562,0.0
feature.Seral.young,4,40,10.0,0.0,10000.0,1.0,1.0,206.23199462890625,0.0
feature.Seral.young,5,50,10.0,0.0,10000.0,1.0,1.0,229.60499572753906,0.0
feature.Seral.young,6,60,10.0,0.0,10000.0,1.0,1.0,199.4600067138672,0.0
feature.Seral.young,7,70,10.0,0.0,10000.0,1.0,1.0,209.75599670410156,0.0
feature.Seral.young,8,80,10.0,0.0,10000.0,1.0,1.0,206.2050018310547,0.0
feature.Seral.young,9,90,10.0,0.0,10000.0,1.0,1.0,154.88099670410156,0.0
feature.Seral.young,10,100,10.0,0.0,10000.0,1.0,1.0,173.7790069580078,0.0
feature.Seral.young,11,110,10.0,0.0,10000.0,1.0,1.0,210.57000732421875,0.0
feature.Seral.young,12,120,10.0,0.0,10000.0,1.0,1.0,190.0590057373047,0.0
feature.Seral.young,13,130,10.0,0.0,10000.0,1.0,1.0,160.14599609375,0.0
feature.Seral.young,14,140,10.0,0.0,10000.0,1.0,1.0,213.88999938964844,0.0
feature.Seral.young,15,150,10.0,0.0,10000.0,1.0,1.0,203.69500732421875,0.0
feature.Seral.young,16,160,10.0,0.0,10000.0,1.0,1.0,175.40499877929688,0.0
feature.Seral.young,17,170,10.0,0.0,10000.0,1.0,1.0,193.906005859375,0.0
feature.Seral.young,18,180,10.0,0.0,10000.0,1.0,1.0,128.39599609375,0.0
feature.Seral.young,19,190,10.0,0.0,10000.0,1.0,1.0,176.87100219726562,0.0
feature.Seral.young,20,200,10.0,0.0,10000.0,1.0,1.0,164.91799926757812,0.0
feature.Seral.young,21,210,10.0,0.0,10000.0,1.0,1.0,189.4199981689453,0.0
feature.Seral.young,22,220,10.0,0.0,10000.0,1.0,1.0,258.9599914550781,0.0
feature.Seral.young,23,230,10.0,0.0,10000.0,1.0,1.0,164.04600524902344,0.0
feature.Seral.young,24,240,10.0,0.0,10000.0,1.0,1.0,149.28799438476562,0.0
feature.Seral.young,25,250,10.0,0.0,10000.0,1.0,1.0,195.697998046875,0.0
feature.Seral.young,26,260,10.0,0.0,10000.0,1.0,1.0,179.28700256347656,0.0
feature.Seral.young,27,270,10.0,0.0,10000.0,1.0,1.0,189.42799377441406,0.0
feature.Seral.young,28,280,10.0,0.0,10000.0,1.0,1.0,222.54100036621094,0.0
feature.Seral.young,29,290,10.0,0.0,10000.0,1.0,1.0,148.8179931640625,0.0
feature.Seral.young,30,300,10.0,0.0,10000.0,1.0,1.0,156.41200256347656,0.0
