TARGET,PERIOD,YEAR,PERIODWIDTH,MINIMUM,MAXIMUM,MINWEIGHT,MAXWEIGHT,CURRENT,SUMMARY
feature.Area.og2.total,0,0,10.0,0.0,10000.0,1.0,1.0,250.7050018310547,0.0
feature.Area.og2.total,1,10,10.0,0.0,10000.0,1.0,1.0,249.35699462890625,0.0
feature.Area.og2.total,2,20,10.0,0.0,10000.0,1.0,1.0,304.4219970703125,0.0
feature.Area.og2.total,3,30,10.0,0.0,10000.0,1.0,1.0,303.37799072265625,0.0
feature.Area.og2.total,4,40,10.0,0.0,10000.0,1.0,1.0,299.2179870605469,0.0
feature.Area.og2.total,5,50,10.0,0.0,10000.0,1.0,1.0,297.61700439453125,0.0
feature.Area.og2.total,6,60,10.0,0.0,10000.0,1.0,1.0,294.5820007324219,0.0
feature.Area.og2.total,7,70,10.0,0.0,10000.0,1.0,1.0,292.3710021972656,0.0
feature.Area.og2.total,8,80,10.0,0.0,10000.0,1.0,1.0,295.35400390625,0.0
feature.Area.og2.total,9,90,10.0,0.0,10000.0,1.0,1.0,295.35400390625,0.0
feature.Area.og2.total,10,100,10.0,0.0,10000.0,1.0,1.0,301.7569885253906,0.0
feature.Area.og2.total,11,110,10.0,0.0,10000.0,1.0,1.0,301.7569885253906,0.0
feature.Area.og2.total,12,120,10.0,0.0,10000.0,1.0,1.0,301.7569885253906,0.0
feature.Area.og2.total,13,130,10.0,0.0,10000.0,1.0,1.0,361.3900146484375,0.0
feature.Area.og2.total,14,140,10.0,0.0,10000.0,1.0,1.0,350.2349853515625,0.0
feature.Area.og2.total,15,150,10.0,0.0,10000.0,1.0,1.0,377.5260009765625,0.0
feature.Area.og2.total,16,160,10.0,0.0,10000.0,1.0,1.0,377.9570007324219,0.0
feature.Area.og2.total,17,170,10.0,0.0,10000.0,1.0,1.0,375.8940124511719,0.0
feature.Area.og2.total,18,180,10.0,0.0,10000.0,1.0,1.0,382.1520080566406,0.0
feature.Area.og2.total,19,190,10.0,0.0,10000.0,1.0,1.0,427.59100341796875,0.0
feature.Area.og2.total,20,200,10.0,0.0,10000.0,1.0,1.0,574.427978515625,0.0
feature.Area.og2.total,21,210,10.0,0.0,10000.0,1.0,1.0,706.97998046875,0.0
feature.Area.og2.total,22,220,10.0,0.0,10000.0,1.0,1.0,721.0079956054688,0.0
feature.Area.og2.total,23,230,10.0,0.0,10000.0,1.0,1.0,721.0079956054688,0.0
feature.Area.og2.total,24,240,10.0,0.0,10000.0,1.0,1.0,721.0079956054688,0.0
feature.Area.og2.total,25,250,10.0,0.0,10000.0,1.0,1.0,721.0079956054688,0.0
feature.Area.og2.total,26,260,10.0,0.0,10000.0,1.0,1.0,714.1669921875,0.0
feature.Area.og2.total,27,270,10.0,0.0,10000.0,1.0,1.0,714.1669921875,0.0
feature.Area.og2.total,28,280,10.0,0.0,10000.0,1.0,1.0,714.1669921875,0.0
feature.Area.og2.total,29,290,10.0,0.0,10000.0,1.0,1.0,714.1669921875,0.0
feature.Area.og2.total,30,300,10.0,0.0,10000.0,1.0,1.0,706.7349853515625,0.0
