TARGET,PERIOD,YEAR,PERIODWIDTH,MINIMUM,MAXIMUM,MINWEIGHT,MAXWEIGHT,CURRENT,SUMMARY
feature.Yield.managed.CW,0,0,10.0,0.0,10000.0,1.0,1.0,98525.78125,0.0
feature.Yield.managed.CW,1,10,10.0,0.0,10000.0,1.0,1.0,107604.8203125,0.0
feature.Yield.managed.CW,2,20,10.0,0.0,10000.0,1.0,1.0,113662.9375,0.0
feature.Yield.managed.CW,3,30,10.0,0.0,10000.0,1.0,1.0,113858.9921875,0.0
feature.Yield.managed.CW,4,40,10.0,0.0,10000.0,1.0,1.0,113387.921875,0.0
feature.Yield.managed.CW,5,50,10.0,0.0,10000.0,1.0,1.0,105674.7890625,0.0
feature.Yield.managed.CW,6,60,10.0,0.0,10000.0,1.0,1.0,101605.0546875,0.0
feature.Yield.managed.CW,7,70,10.0,0.0,10000.0,1.0,1.0,102107.609375,0.0
feature.Yield.managed.CW,8,80,10.0,0.0,10000.0,1.0,1.0,99199.78125,0.0
feature.Yield.managed.CW,9,90,10.0,0.0,10000.0,1.0,1.0,96961.8984375,0.0
feature.Yield.managed.CW,10,100,10.0,0.0,10000.0,1.0,1.0,95188.5703125,0.0
feature.Yield.managed.CW,11,110,10.0,0.0,10000.0,1.0,1.0,95115.328125,0.0
feature.Yield.managed.CW,12,120,10.0,0.0,10000.0,1.0,1.0,93498.953125,0.0
feature.Yield.managed.CW,13,130,10.0,0.0,10000.0,1.0,1.0,93675.9296875,0.0
feature.Yield.managed.CW,14,140,10.0,0.0,10000.0,1.0,1.0,91284.78125,0.0
feature.Yield.managed.CW,15,150,10.0,0.0,10000.0,1.0,1.0,92321.4296875,0.0
feature.Yield.managed.CW,16,160,10.0,0.0,10000.0,1.0,1.0,92962.703125,0.0
feature.Yield.managed.CW,17,170,10.0,0.0,10000.0,1.0,1.0,90853.46875,0.0
feature.Yield.managed.CW,18,180,10.0,0.0,10000.0,1.0,1.0,91519.125,0.0
feature.Yield.managed.CW,19,190,10.0,0.0,10000.0,1.0,1.0,90155.140625,0.0
feature.Yield.managed.CW,20,200,10.0,0.0,10000.0,1.0,1.0,91752.6015625,0.0
feature.Yield.managed.CW,21,210,10.0,0.0,10000.0,1.0,1.0,93698.8671875,0.0
feature.Yield.managed.CW,22,220,10.0,0.0,10000.0,1.0,1.0,96015.390625,0.0
feature.Yield.managed.CW,23,230,10.0,0.0,10000.0,1.0,1.0,95565.9765625,0.0
feature.Yield.managed.CW,24,240,10.0,0.0,10000.0,1.0,1.0,94493.40625,0.0
feature.Yield.managed.CW,25,250,10.0,0.0,10000.0,1.0,1.0,92002.1328125,0.0
feature.Yield.managed.CW,26,260,10.0,0.0,10000.0,1.0,1.0,88451.8359375,0.0
feature.Yield.managed.CW,27,270,10.0,0.0,10000.0,1.0,1.0,87257.96875,0.0
feature.Yield.managed.CW,28,280,10.0,0.0,10000.0,1.0,1.0,85414.859375,0.0
feature.Yield.managed.CW,29,290,10.0,0.0,10000.0,1.0,1.0,87155.2421875,0.0
feature.Yield.managed.CW,30,300,10.0,0.0,10000.0,1.0,1.0,85693.40625,0.0
