TARGET,PERIOD,YEAR,PERIODWIDTH,MINIMUM,MAXIMUM,MINWEIGHT,MAXWEIGHT,CURRENT,SUMMARY
feature.Seral.immature,0,0,10.0,0.0,10000.0,1.0,1.0,1158.8919677734375,0.0
feature.Seral.immature,1,10,10.0,0.0,10000.0,1.0,1.0,1130.3399658203125,0.0
feature.Seral.immature,2,20,10.0,0.0,10000.0,1.0,1.0,1083.56298828125,0.0
feature.Seral.immature,3,30,10.0,0.0,10000.0,1.0,1.0,1060.64404296875,0.0
feature.Seral.immature,4,40,10.0,0.0,10000.0,1.0,1.0,826.8679809570312,0.0
feature.Seral.immature,5,50,10.0,0.0,10000.0,1.0,1.0,542.8040161132812,0.0
feature.Seral.immature,6,60,10.0,0.0,10000.0,1.0,1.0,535.364013671875,0.0
feature.Seral.immature,7,70,10.0,0.0,10000.0,1.0,1.0,593.2849731445312,0.0
feature.Seral.immature,8,80,10.0,0.0,10000.0,1.0,1.0,567.5360107421875,0.0
feature.Seral.immature,9,90,10.0,0.0,10000.0,1.0,1.0,621.468017578125,0.0
feature.Seral.immature,10,100,10.0,0.0,10000.0,1.0,1.0,639.4099731445312,0.0
feature.Seral.immature,11,110,10.0,0.0,10000.0,1.0,1.0,627.6480102539062,0.0
feature.Seral.immature,12,120,10.0,0.0,10000.0,1.0,1.0,651.697998046875,0.0
feature.Seral.immature,13,130,10.0,0.0,10000.0,1.0,1.0,636.7349853515625,0.0
feature.Seral.immature,14,140,10.0,0.0,10000.0,1.0,1.0,676.375,0.0
feature.Seral.immature,15,150,10.0,0.0,10000.0,1.0,1.0,642.3590087890625,0.0
feature.Seral.immature,16,160,10.0,0.0,10000.0,1.0,1.0,743.8060302734375,0.0
feature.Seral.immature,17,170,10.0,0.0,10000.0,1.0,1.0,723.416015625,0.0
feature.Seral.immature,18,180,10.0,0.0,10000.0,1.0,1.0,622.7160034179688,0.0
feature.Seral.immature,19,190,10.0,0.0,10000.0,1.0,1.0,679.4500122070312,0.0
feature.Seral.immature,20,200,10.0,0.0,10000.0,1.0,1.0,641.97802734375,0.0
feature.Seral.immature,21,210,10.0,0.0,10000.0,1.0,1.0,632.7520141601562,0.0
feature.Seral.immature,22,220,10.0,0.0,10000.0,1.0,1.0,604.6090087890625,0.0
feature.Seral.immature,23,230,10.0,0.0,10000.0,1.0,1.0,652.9730224609375,0.0
feature.Seral.immature,24,240,10.0,0.0,10000.0,1.0,1.0,633.8350219726562,0.0
feature.Seral.immature,25,250,10.0,0.0,10000.0,1.0,1.0,575.5050048828125,0.0
feature.Seral.immature,26,260,10.0,0.0,10000.0,1.0,1.0,585.176025390625,0.0
feature.Seral.immature,27,270,10.0,0.0,10000.0,1.0,1.0,640.198974609375,0.0
feature.Seral.immature,28,280,10.0,0.0,10000.0,1.0,1.0,597.801025390625,0.0
feature.Seral.immature,29,290,10.0,0.0,10000.0,1.0,1.0,637.2919921875,0.0
feature.Seral.immature,30,300,10.0,0.0,10000.0,1.0,1.0,655.333984375,0.0
