TARGET,PERIOD,YEAR,PERIODWIDTH,MINIMUM,MAXIMUM,MINWEIGHT,MAXWEIGHT,CURRENT,SUMMARY
product.Yield.managed.FDC,0,0,10.0,0.0,10000.0,1.0,1.0,0.0,0.0
product.Yield.managed.FDC,1,10,10.0,0.0,10000.0,1.0,1.0,26133.5390625,0.0
product.Yield.managed.FDC,2,20,10.0,0.0,10000.0,1.0,1.0,15651.697265625,0.0
product.Yield.managed.FDC,3,30,10.0,0.0,10000.0,1.0,1.0,22852.216796875,0.0
product.Yield.managed.FDC,4,40,10.0,0.0,10000.0,1.0,1.0,36219.95703125,0.0
product.Yield.managed.FDC,5,50,10.0,0.0,10000.0,1.0,1.0,30064.119140625,0.0
product.Yield.managed.FDC,6,60,10.0,0.0,10000.0,1.0,1.0,39250.421875,0.0
product.Yield.managed.FDC,7,70,10.0,0.0,10000.0,1.0,1.0,42427.41796875,0.0
product.Yield.managed.FDC,8,80,10.0,0.0,10000.0,1.0,1.0,29908.44140625,0.0
product.Yield.managed.FDC,9,90,10.0,0.0,10000.0,1.0,1.0,22036.783203125,0.0
product.Yield.managed.FDC,10,100,10.0,0.0,10000.0,1.0,1.0,23702.55859375,0.0
product.Yield.managed.FDC,11,110,10.0,0.0,10000.0,1.0,1.0,26826.42578125,0.0
product.Yield.managed.FDC,12,120,10.0,0.0,10000.0,1.0,1.0,21626.330078125,0.0
product.Yield.managed.FDC,13,130,10.0,0.0,10000.0,1.0,1.0,32334.90625,0.0
product.Yield.managed.FDC,14,140,10.0,0.0,10000.0,1.0,1.0,23485.24609375,0.0
product.Yield.managed.FDC,15,150,10.0,0.0,10000.0,1.0,1.0,36787.59375,0.0
product.Yield.managed.FDC,16,160,10.0,0.0,10000.0,1.0,1.0,30057.638671875,0.0
product.Yield.managed.FDC,17,170,10.0,0.0,10000.0,1.0,1.0,13987.0693359375,0.0
product.Yield.managed.FDC,18,180,10.0,0.0,10000.0,1.0,1.0,23677.62109375,0.0
product.Yield.managed.FDC,19,190,10.0,0.0,10000.0,1.0,1.0,15582.662109375,0.0
product.Yield.managed.FDC,20,200,10.0,0.0,10000.0,1.0,1.0,38449.60546875,0.0
product.Yield.managed.FDC,21,210,10.0,0.0,10000.0,1.0,1.0,21981.873046875,0.0
product.Yield.managed.FDC,22,220,10.0,0.0,10000.0,1.0,1.0,23237.369140625,0.0
product.Yield.managed.FDC,23,230,10.0,0.0,10000.0,1.0,1.0,25298.603515625,0.0
product.Yield.managed.FDC,24,240,10.0,0.0,10000.0,1.0,1.0,13971.8984375,0.0
product.Yield.managed.FDC,25,250,10.0,0.0,10000.0,1.0,1.0,22275.02734375,0.0
product.Yield.managed.FDC,26,260,10.0,0.0,10000.0,1.0,1.0,14890.10546875,0.0
product.Yield.managed.FDC,27,270,10.0,0.0,10000.0,1.0,1.0,35251.92578125,0.0
product.Yield.managed.FDC,28,280,10.0,0.0,10000.0,1.0,1.0,25563.431640625,0.0
product.Yield.managed.FDC,29,290,10.0,0.0,10000.0,1.0,1.0,39370.078125,0.0
product.Yield.managed.FDC,30,300,10.0,0.0,10000.0,1.0,1.0,11314.21484375,0.0
