TARGET,PERIOD,YEAR,PERIODWIDTH,MINIMUM,MAXIMUM,MINWEIGHT,MAXWEIGHT,CURRENT,SUMMARY
product.Yield.managed.YC,0,0,10.0,0.0,10000.0,1.0,1.0,0.0,0.0
product.Yield.managed.YC,1,10,10.0,0.0,10000.0,1.0,1.0,224.09300231933594,0.0
product.Yield.managed.YC,2,20,10.0,0.0,10000.0,1.0,1.0,52.00299835205078,0.0
product.Yield.managed.YC,3,30,10.0,0.0,10000.0,1.0,1.0,130.31100463867188,0.0
product.Yield.managed.YC,4,40,10.0,0.0,10000.0,1.0,1.0,30.780000686645508,0.0
product.Yield.managed.YC,5,50,10.0,0.0,10000.0,1.0,1.0,119.34500122070312,0.0
product.Yield.managed.YC,6,60,10.0,0.0,10000.0,1.0,1.0,25.798999786376953,0.0
product.Yield.managed.YC,7,70,10.0,0.0,10000.0,1.0,1.0,20.73699951171875,0.0
product.Yield.managed.YC,8,80,10.0,0.0,10000.0,1.0,1.0,147.531005859375,0.0
product.Yield.managed.YC,9,90,10.0,0.0,10000.0,1.0,1.0,39.89400100708008,0.0
product.Yield.managed.YC,10,100,10.0,0.0,10000.0,1.0,1.0,54.483001708984375,0.0
product.Yield.managed.YC,11,110,10.0,0.0,10000.0,1.0,1.0,33.452999114990234,0.0
product.Yield.managed.YC,12,120,10.0,0.0,10000.0,1.0,1.0,26.069000244140625,0.0
product.Yield.managed.YC,13,130,10.0,0.0,10000.0,1.0,1.0,6.421999931335449,0.0
product.Yield.managed.YC,14,140,10.0,0.0,10000.0,1.0,1.0,179.69400024414062,0.0
product.Yield.managed.YC,15,150,10.0,0.0,10000.0,1.0,1.0,0.0,0.0
product.Yield.managed.YC,16,160,10.0,0.0,10000.0,1.0,1.0,96.31900024414062,0.0
product.Yield.managed.YC,17,170,10.0,0.0,10000.0,1.0,1.0,70.94499969482422,0.0
product.Yield.managed.YC,18,180,10.0,0.0,10000.0,1.0,1.0,29.8700008392334,0.0
product.Yield.managed.YC,19,190,10.0,0.0,10000.0,1.0,1.0,215.36300659179688,0.0
product.Yield.managed.YC,20,200,10.0,0.0,10000.0,1.0,1.0,90.91000366210938,0.0
product.Yield.managed.YC,21,210,10.0,0.0,10000.0,1.0,1.0,118.96800231933594,0.0
product.Yield.managed.YC,22,220,10.0,0.0,10000.0,1.0,1.0,66.56700134277344,0.0
product.Yield.managed.YC,23,230,10.0,0.0,10000.0,1.0,1.0,19.913999557495117,0.0
product.Yield.managed.YC,24,240,10.0,0.0,10000.0,1.0,1.0,114.68000030517578,0.0
product.Yield.managed.YC,25,250,10.0,0.0,10000.0,1.0,1.0,29.054000854492188,0.0
product.Yield.managed.YC,26,260,10.0,0.0,10000.0,1.0,1.0,110.3489990234375,0.0
product.Yield.managed.YC,27,270,10.0,0.0,10000.0,1.0,1.0,0.0,0.0
product.Yield.managed.YC,28,280,10.0,0.0,10000.0,1.0,1.0,54.797000885009766,0.0
product.Yield.managed.YC,29,290,10.0,0.0,10000.0,1.0,1.0,120.3219985961914,0.0
product.Yield.managed.YC,30,300,10.0,0.0,10000.0,1.0,1.0,323.34100341796875,0.0
