TARGET,PERIOD,YEAR,PERIODWIDTH,MINIMUM,MAXIMUM,MINWEIGHT,MAXWEIGHT,CURRENT,SUMMARY
product.Yield.managed.HW,0,0,10.0,0.0,10000.0,1.0,1.0,0.0,0.0
product.Yield.managed.HW,1,10,10.0,0.0,10000.0,1.0,1.0,51812.203125,0.0
product.Yield.managed.HW,2,20,10.0,0.0,10000.0,1.0,1.0,59706.359375,0.0
product.Yield.managed.HW,3,30,10.0,0.0,10000.0,1.0,1.0,49414.96484375,0.0
product.Yield.managed.HW,4,40,10.0,0.0,10000.0,1.0,1.0,38920.04296875,0.0
product.Yield.managed.HW,5,50,10.0,0.0,10000.0,1.0,1.0,39697.8515625,0.0
product.Yield.managed.HW,6,60,10.0,0.0,10000.0,1.0,1.0,34094.07421875,0.0
product.Yield.managed.HW,7,70,10.0,0.0,10000.0,1.0,1.0,33770.7734375,0.0
product.Yield.managed.HW,8,80,10.0,0.0,10000.0,1.0,1.0,37818.08984375,0.0
product.Yield.managed.HW,9,90,10.0,0.0,10000.0,1.0,1.0,48183.65625,0.0
product.Yield.managed.HW,10,100,10.0,0.0,10000.0,1.0,1.0,48604.875,0.0
product.Yield.managed.HW,11,110,10.0,0.0,10000.0,1.0,1.0,46235.6328125,0.0
product.Yield.managed.HW,12,120,10.0,0.0,10000.0,1.0,1.0,49787.61328125,0.0
product.Yield.managed.HW,13,130,10.0,0.0,10000.0,1.0,1.0,40685.8828125,0.0
product.Yield.managed.HW,14,140,10.0,0.0,10000.0,1.0,1.0,44091.796875,0.0
product.Yield.managed.HW,15,150,10.0,0.0,10000.0,1.0,1.0,35625.1640625,0.0
product.Yield.managed.HW,16,160,10.0,0.0,10000.0,1.0,1.0,42379.84765625,0.0
product.Yield.managed.HW,17,170,10.0,0.0,10000.0,1.0,1.0,56114.36328125,0.0
product.Yield.managed.HW,18,180,10.0,0.0,10000.0,1.0,1.0,46735.53515625,0.0
product.Yield.managed.HW,19,190,10.0,0.0,10000.0,1.0,1.0,54968.74609375,0.0
product.Yield.managed.HW,20,200,10.0,0.0,10000.0,1.0,1.0,33315.015625,0.0
product.Yield.managed.HW,21,210,10.0,0.0,10000.0,1.0,1.0,51222.15234375,0.0
product.Yield.managed.HW,22,220,10.0,0.0,10000.0,1.0,1.0,44998.70703125,0.0
product.Yield.managed.HW,23,230,10.0,0.0,10000.0,1.0,1.0,45951.3984375,0.0
product.Yield.managed.HW,24,240,10.0,0.0,10000.0,1.0,1.0,55165.3203125,0.0
product.Yield.managed.HW,25,250,10.0,0.0,10000.0,1.0,1.0,48351.9375,0.0
product.Yield.managed.HW,26,260,10.0,0.0,10000.0,1.0,1.0,56061.515625,0.0
product.Yield.managed.HW,27,270,10.0,0.0,10000.0,1.0,1.0,37801.79296875,0.0
product.Yield.managed.HW,28,280,10.0,0.0,10000.0,1.0,1.0,45783.0703125,0.0
product.Yield.managed.HW,29,290,10.0,0.0,10000.0,1.0,1.0,32437.041015625,0.0
product.Yield.managed.HW,30,300,10.0,0.0,10000.0,1.0,1.0,59120.48828125,0.0
