TARGET,PERIOD,YEAR,PERIODWIDTH,MINIMUM,MAXIMUM,MINWEIGHT,MAXWEIGHT,CURRENT,SUMMARY
product.Yield.managed.PLC,0,0,10.0,0.0,10000.0,1.0,1.0,0.0,0.0
product.Yield.managed.PLC,1,10,10.0,0.0,10000.0,1.0,1.0,44.75299835205078,0.0
product.Yield.managed.PLC,2,20,10.0,0.0,10000.0,1.0,1.0,10.604999542236328,0.0
product.Yield.managed.PLC,3,30,10.0,0.0,10000.0,1.0,1.0,26.618000030517578,0.0
product.Yield.managed.PLC,4,40,10.0,0.0,10000.0,1.0,1.0,6.1570000648498535,0.0
product.Yield.managed.PLC,5,50,10.0,0.0,10000.0,1.0,1.0,24.299999237060547,0.0
product.Yield.managed.PLC,6,60,10.0,0.0,10000.0,1.0,1.0,5.25,0.0
product.Yield.managed.PLC,7,70,10.0,0.0,10000.0,1.0,1.0,4.11299991607666,0.0
product.Yield.managed.PLC,8,80,10.0,0.0,10000.0,1.0,1.0,29.37700080871582,0.0
product.Yield.managed.PLC,9,90,10.0,0.0,10000.0,1.0,1.0,8.024999618530273,0.0
product.Yield.managed.PLC,10,100,10.0,0.0,10000.0,1.0,1.0,10.718000411987305,0.0
product.Yield.managed.PLC,11,110,10.0,0.0,10000.0,1.0,1.0,6.843999862670898,0.0
product.Yield.managed.PLC,12,120,10.0,0.0,10000.0,1.0,1.0,5.201000213623047,0.0
product.Yield.managed.PLC,13,130,10.0,0.0,10000.0,1.0,1.0,1.277999997138977,0.0
product.Yield.managed.PLC,14,140,10.0,0.0,10000.0,1.0,1.0,36.29199981689453,0.0
product.Yield.managed.PLC,15,150,10.0,0.0,10000.0,1.0,1.0,0.0,0.0
product.Yield.managed.PLC,16,160,10.0,0.0,10000.0,1.0,1.0,19.27899932861328,0.0
product.Yield.managed.PLC,17,170,10.0,0.0,10000.0,1.0,1.0,14.350000381469727,0.0
product.Yield.managed.PLC,18,180,10.0,0.0,10000.0,1.0,1.0,5.770999908447266,0.0
product.Yield.managed.PLC,19,190,10.0,0.0,10000.0,1.0,1.0,43.20000076293945,0.0
product.Yield.managed.PLC,20,200,10.0,0.0,10000.0,1.0,1.0,18.024999618530273,0.0
product.Yield.managed.PLC,21,210,10.0,0.0,10000.0,1.0,1.0,23.39699935913086,0.0
product.Yield.managed.PLC,22,220,10.0,0.0,10000.0,1.0,1.0,13.196999549865723,0.0
product.Yield.managed.PLC,23,230,10.0,0.0,10000.0,1.0,1.0,4.034999847412109,0.0
product.Yield.managed.PLC,24,240,10.0,0.0,10000.0,1.0,1.0,22.93199920654297,0.0
product.Yield.managed.PLC,25,250,10.0,0.0,10000.0,1.0,1.0,5.997000217437744,0.0
product.Yield.managed.PLC,26,260,10.0,0.0,10000.0,1.0,1.0,22.05699920654297,0.0
product.Yield.managed.PLC,27,270,10.0,0.0,10000.0,1.0,1.0,0.0,0.0
product.Yield.managed.PLC,28,280,10.0,0.0,10000.0,1.0,1.0,11.161999702453613,0.0
product.Yield.managed.PLC,29,290,10.0,0.0,10000.0,1.0,1.0,23.858999252319336,0.0
product.Yield.managed.PLC,30,300,10.0,0.0,10000.0,1.0,1.0,64.16400146484375,0.0
